time,soil,light,ph,steam,dh_h,dh_t,therm,lm35
1,1.4545788,0.89531132,0.6000004,0.091868132,64,18,19.010192,20.871796
2,1.4545788,0.97912088,0.6000004,0.09992673,64,18,19.010192,20.871796
3,1.4545788,0.97912088,0.6000004,0.091868132,64,18,19.010192,20.549452
4,1.4618314,0.993626336,0.6000004,0.091868132,64,18,19.010192,20.549452
6,1.4545788,0.97912088,0.6000004,0.091868132,64,18,19.010192,20.549452
7,1.4424908,0.993626336,0.6000004,0.090256416,64,18,18.928588,20.549452
8,1.4424908,0.993626336,0.6000004,0.08783882,64,18,19.254334,20.307692
10,1.4287912,0.9702564,0.6000004,0.090256416,64,18,19.227234,19.582416
11,1.4287912,0.9702564,0.6000004,0.09106227,64,18,19.254334,20.307692
12,1.4279854,0.9702564,0.6000004,0.09106227,64,18,19.227234,20.468866
13,1.4279854,0.8098901,0.6000004,0.09347985,64,18,19.227234,20.468866
15,1.3917216,0.8098901,0.6000004,0.09347985,64,18,19.227234,20.468866
16,1.383663,0.97186816,0.6000004,0.09347985,64,18,19.173034,20.468866
17,1.383663,0.8098901,0.6000004,0.09428572,64,18,19.173034,20.630038
19,1.383663,0.97186816,0.6000004,0.0967033,64,18,19.254334,19.663006
20,1.4086447,0.97186816,0.6000004,0.0967033,64,18,19.254334,19.663006
21,1.4086447,0.8993407,0.6000004,0.0967033,64,18,19.064514,19.743592
22,1.423956,0.8179487,0.6000004,0.0967033,64,18,19.064514,20.549452
24,1.4312087,0.8993407,0.6000004,0.095091576,64,18,19.064514,20.549452
25,1.4086447,0.8324542,0.6000004,0.09428572,64,18,18.928588,20.549452
26,1.4215384,0.8179487,0.6000004,0.095091576,64,18,18.928588,20.388278
28,1.4215384,0.8324542,0.6000004,0.095091576,64,18,19.145936,20.549452
29,1.4207326,0.882417536,0.6000004,0.09428572,64,18,19.145936,20.388278
30,1.3893039,0.8324542,0.6000004,0.09428572,64,18,19.145936,19.663006
31,1.4207326,0.882417536,0.6000004,0.086227108,64,18,19.145936,20.388278
33,1.3893039,0.89289376,0.6000004,0.086227108,64,18,19.145936,20.549452
34,1.3868864,0.882417536,0.6000004,0.086227108,64,18,19.145936,19.582416
35,1.3893039,0.89289376,0.6000004,0.086227108,64,18,19.173034,19.582416
37,1.4150915,0.9114286,0.6000004,0.089450548,64,18,19.281402,20.468866
38,1.3868864,0.89289376,0.6000004,0.089450548,64,18,19.173034,19.743592
39,1.4150915,0.9114286,0.6000004,0.089450548,64,18,19.281402,19.743592
40,1.4150915,0.9114286,0.6000004,0.090256416,64,18,19.173034,19.824176
42,1.4118682,0.845348,0.6000004,0.090256416,64,18,19.091644,19.824176
43,1.4118682,0.845348,0.6000004,0.09106227,64,18,19.091644,19.824176
44,1.4118682,0.8977289,0.6000004,0.09106227,64,18,19.091644,20.227106
46,1.4118682,0.845348,0.6000004,0.09347985,64,18,19.037354,19.904762
47,1.4167032,0.8284249,0.6000004,0.09347985,64,18,19.091644,20.227106
48,1.4191208,0.8977289,0.6000004,0.09347985,64,18,19.173034,20.388278
50,1.4255678,0.8284249,0.6000004,0.09347985,64,18,18.983002,20.388278
51,1.4263736,0.7446154,0.6000004,0.09428572,64,18,19.173034,19.904762
52,1.4263736,0.8284249,0.6000004,0.09589743,64,18,19.173034,19.985348
53,1.4255678,0.84373624,0.6000004,0.09589743,64,18,18.983002,19.824176
55,1.4263736,0.7446154,0.6000004,0.09589743,64,18,18.983002,19.582416
56,1.4199268,0.84373624,0.6000004,0.09589743,64,18,18.983002,19.582416
57,1.3844688,0.84373624,0.6000004,0.09589743,64,18,18.983002,19.582416
59,1.3844688,0.827619,0.6000004,0.0967033,64,18,19.200134,19.582416
60,1.3917216,0.827619,0.6000004,0.0967033,64,18,19.200134,19.743592
61,1.3917216,0.95091576,0.6000004,0.09589743,64,18,19.200134,19.824176
62,1.4231502,0.827619,0.6000004,0.09589743,64,18,19.33551,20.549452
64,1.4231502,0.7317216,0.6000004,0.09589743,64,18,19.33551,20.549452
65,1.4175091,0.95091576,0.6000004,0.09589743,64,18,19.33551,19.824176
66,1.4175091,0.842930464,0.6000004,0.09589743,64,18,19.33551,19.824176
68,1.4094505,0.7317216,0.6000004,0.0967033,64,18,19.281402,19.743592
69,1.4094505,0.842930464,0.6000004,0.0967033,64,18,19.281402,19.743592
70,1.3731867,0.90901096,0.6000004,0.092673992,64,18,19.281402,19.663006
71,1.4094505,0.842930464,0.6000004,0.092673992,64,18,19.281402,19.743592
73,1.4110622,0.6817582,0.6000004,0.092673992,64,18,19.33551,19.743592
74,1.4110622,0.90901096,0.6000004,0.091868132,64,18,19.33551,19.743592
75,1.4013919,0.6817582,0.6000004,0.09106227,64,18,18.95581,19.824176
77,1.4013919,0.6817582,0.6000004,0.09106227,64,18,18.983002,19.824176
78,1.3860806,0.715604336,0.6000004,0.09106227,64,18,18.983002,19.904762
79,1.3860806,0.82520148,0.6000004,0.09106227,64,18,18.983002,19.904762
80,1.3860806,0.715604336,0.6000004,0.09347985,64,18,18.983002,19.904762
82,1.3691574,0.7430036,0.6000004,0.09428572,64,18,19.254334,19.824176
83,1.3691574,0.82520148,0.6000004,0.09589743,64,18,19.443604,19.904762
84,1.4134798,0.80747248,0.6000004,0.0967033,64,18,19.416596,20.388278
86,1.423956,0.7430036,0.6000004,0.0967033,64,18,19.416596,20.388278
87,1.423956,0.80747248,0.6000004,0.0967033,64,18,19.416596,20.388278
88,1.423956,0.9049817,0.6000004,0.0967033,64,18,19.416596,20.388278
89,1.3586813,0.80747248,0.6000004,0.0967033,64,18,19.33551,19.985348
91,1.3586813,0.6454945,0.6000004,0.0967033,64,18,19.33551,19.985348
92,1.3586813,0.9049817,0.6000004,0.0967033,64,18,19.33551,19.824176
93,1.3554579,0.84373624,0.6000004,0.09428572,64,18,19.33551,19.743592
95,1.3562638,0.6454945,0.6000004,0.09750915,64,18,19.33551,19.824176
96,1.3747985,0.84373624,0.6000004,0.09750915,64,18,19.281402,19.824176
97,1.3747985,0.84373624,0.6000004,0.09750915,64,18,19.281402,19.743592
99,1.3747985,0.81230768,0.6000004,0.09750915,64,18,19.33551,19.743592
100,1.3747985,0.81230768,0.6000004,0.09750915,64,18,19.281402,19.824176
101,1.3820512,0.8687179,0.6000004,0.09750915,64,18,19.281402,19.743592
102,1.3820512,0.81230768,0.6000004,0.1007326,63,18,19.443604,19.743592
104,1.3820512,0.8687179,0.6000004,0.1007326,63,18,19.443604,19.824176
105,1.3820512,0.8703297,0.6000004,0.1007326,63,18,19.524536,19.824176
106,1.4086447,0.8687179,0.6000004,0.1007326,63,18,19.524536,19.824176
108,1.436044,0.87435896,0.6000004,0.10153846,64,18,19.524536,19.904762
109,1.436044,0.87435896,0.6000004,0.10153846,63,18,19.443604,20.549452
110,1.436044,0.8638827,0.6000004,0.09912088,64,18,19.443604,20.549452
111,1.4223443,0.78813184,0.6000004,0.09912088,64,18,19.416596,19.904762
113,1.4158975,0.7889377,0.6000004,0.09831502,64,18,19.416596,20.630038
114,1.4062271,0.78813184,0.6000004,0.09831502,63,18,19.470582,20.630038
115,1.3917216,0.78813184,0.6000004,0.09831502,63,18,19.470582,19.904762
117,1.3747985,0.7889377,0.6000004,0.09831502,64,18,18.928588,19.824176
118,1.4062271,0.7889377,0.6000004,0.0967033,64,18,19.470582,19.824176
119,1.3868864,0.8066667,0.6000004,0.09831502,63,18,19.118804,19.824176
120,1.3747985,0.882417536,0.6000004,0.0967033,64,18,19.118804,19.824176
122,1.3868864,0.8066667,0.6000004,0.0967033,64,18,19.389556,19.743592
123,1.3868864,0.76315016,0.6000004,0.09831502,64,18,19.389556,19.824176
124,1.3828571,0.882417536,0.6000004,0.09831502,64,18,19.227234,19.824176
126,1.3828571,0.76315016,0.6000004,0.09750915,64,18,19.362548,19.663006
127,1.4134798,0.76315016,0.6000004,0.09750915,64,18,19.362548,19.663006
128,1.4263736,0.8534066,0.6000004,0.09347985,64,18,19.362548,19.663006
129,1.4312087,0.8534066,0.6000004,0.09347985,64,18,19.362548,19.663006
131,1.4312087,0.8534066,0.6000004,0.09106227,64,18,19.362548,19.743592
132,1.4263736,0.8534066,0.6000004,0.090256416,64,18,19.362548,19.824176
133,1.3691574,0.7397802,0.6000004,0.090256416,64,18,19.362548,19.743592
135,1.3530402,0.7397802,0.6000004,0.090256416,64,18,19.470582,19.743592
136,1.3530402,0.7397802,0.6000004,0.090256416,64,18,19.470582,19.743592
137,1.3530402,0.7067399,0.6000004,0.09106227,64,18,19.470582,19.824176
138,1.4094505,0.7397802,0.6000004,0.09106227,64,18,19.470582,19.824176
140,1.4134798,0.82520148,0.6000004,0.09106227,64,18,19.281402,19.904762
141,1.4134798,0.7067399,0.6000004,0.09106227,64,18,19.254334,20.630038
142,1.4175091,0.82520148,0.6000004,0.090256416,64,18,19.173034,20.630038
144,1.4134798,0.8284249,0.6000004,0.08783882,64,18,19.064514,20.710622
145,1.4175091,0.82520148,0.6000004,0.08783882,64,18,19.064514,20.710622
146,1.4175091,0.8284249,0.6000004,0.08783882,64,18,19.173034,20.710622
147,1.4191208,0.9122344,0.6000004,0.08864469,63,18,19.362548,20.630038
149,1.4191208,0.8284249,0.6000004,0.09347985,64,18,19.443604,20.630038
150,1.4223443,0.9122344,0.6000004,0.09347985,64,18,19.470582,20.307692
151,1.4223443,0.9122344,0.6000004,0.089450548,63,18,19.443604,20.307692
153,1.4223443,0.8550183,0.6000004,0.089450548,63,18,19.362548,19.985348
154,1.4110622,0.8550183,0.6000004,0.09347985,63,18,19.33551,19.904762
155,1.3925275,0.8574359,0.6000004,0.089450548,63,18,19.200134,19.904762
157,1.3772161,0.8550183,0.6000004,0.091868132,63,18,19.200134,19.904762
158,1.3538462,0.8574359,0.6000004,0.091868132,63,18,19.145936,19.904762
159,1.3417582,0.8606593,0.6000004,0.08864469,63,18,19.200134,19.904762
160,1.3385347,0.8574359,0.6000004,0.08864469,63,18,19.200134,19.904762
162,1.3385347,0.7889377,0.6000004,0.090256416,63,18,19.254334,19.904762
163,1.3417582,0.8606593,0.6000004,0.08864469,63,18,19.254334,19.904762
164,1.3385347,0.7889377,0.6000004,0.08864469,63,18,19.254334,19.904762
166,1.4150915,0.7889377,0.6000004,0.08864469,63,18,19.254334,20.227106
167,1.4150915,0.7889377,0.6000004,0.08542124,63,18,19.173034,20.227106
168,1.3594872,0.9452747,0.6000004,0.08380952,63,18,19.173034,20.227106
169,1.3594872,0.89692308,0.6000004,0.0821978,63,18,19.064514,20.227106
171,1.3610989,0.89692308,0.6000004,0.0821978,63,18,18.983002,20.871796
172,1.3610989,0.87516488,0.6000004,0.08380952,63,18,18.983002,20.630038
173,1.3651282,0.89692308,0.6000004,0.08139194,63,19,19.470582,19.904762
175,1.4086447,0.87516488,0.6000004,0.08461539,63,19,19.470582,20.549452
176,1.4094505,0.7720146,0.6000004,0.08461539,63,18,19.605438,20.549452
177,1.4094505,0.87516488,0.6000004,0.08300366,63,18,19.605438,20.307692
178,1.4094505,0.7720146,0.6000004,0.08300366,63,18,19.605438,19.904762
180,1.4094505,0.7720146,0.6000004,0.08461539,63,18,19.605438,20.307692
181,1.4078388,0.79054948,0.6000004,0.08380952,63,18,19.281402,20.307692
182,1.4078388,0.79054948,0.6000004,0.08461539,63,18,19.281402,20.630038
184,1.4134798,0.79054948,0.6000004,0.086227108,63,19,19.281402,20.630038
185,1.4134798,0.7978022,0.6000004,0.086227108,63,19,19.605438,20.791208
186,1.4078388,0.7978022,0.6000004,0.08703297,63,19,19.605438,20.630038
187,1.4215384,0.7978022,0.6000004,0.08703297,63,18,19.605438,20.630038
189,1.4038096,0.8260073,0.6000004,0.08703297,63,19,19.281402,20.630038
190,1.4038096,0.8260073,0.6000004,0.08703297,63,19,19.281402,20.630038
191,1.4247619,0.8260073,0.6000004,0.08703297,63,19,19.281402,20.630038
193,1.4247619,0.8260073,0.6000004,0.08703297,63,19,19.632354,20.549452
194,1.4263736,0.7276923,0.6000004,0.08139194,63,19,19.632354,20.468866
195,1.4263736,0.7276923,0.6000004,0.07897436,63,19,19.632354,20.468866
197,1.4086447,0.7276923,0.6000004,0.07897436,63,18,19.416596,20.791208
198,1.4086447,0.7276923,0.6000004,0.08139194,63,19,19.416596,20.549452
199,1.4086447,0.7655678,0.6000004,0.0821978,63,19,19.389556,20.549452
200,1.3917216,0.7655678,0.6000004,0.0821978,63,19,19.389556,20.549452
202,1.3917216,0.74703292,0.6000004,0.08461539,63,19,19.389556,19.824176
203,1.3917216,0.7655678,0.6000004,0.08783882,63,19,19.33551,19.824176
204,1.3917216,0.74703292,0.6000004,0.08783882,63,19,19.33551,19.824176
206,1.4102564,0.74703292,0.6000004,0.090256416,63,19,19.227234,20.549452
207,1.4102564,0.9452747,0.6000004,0.090256416,63,19,19.145936,20.871796
208,1.4102564,0.9452747,0.6000004,0.09106227,63,19,19.145936,20.871796
209,1.4086447,0.86630032,0.6000004,0.091868132,63,19,19.470582,20.791208
211,1.4086447,0.938021936,0.6000004,0.091868132,63,19,19.470582,20.791208
212,1.3667399,0.86630032,0.6000004,0.090256416,63,19,19.470582,20.549452
213,1.4030036,0.787326,0.6000004,0.091868132,63,19,19.470582,20.468866
215,1.400586,0.86630032,0.6000004,0.092673992,63,19,19.389556,19.985348
216,1.383663,0.787326,0.6000004,0.092673992,63,19,19.389556,19.985348
217,1.383663,0.7736264,0.6000004,0.09347985,63,19,19.389556,19.824176
218,1.383663,0.787326,0.6000004,0.09347985,63,19,19.389556,19.824176
220,1.383663,0.7736264,0.6000004,0.09347985,63,19,19.497558,19.904762
221,1.383663,0.75428576,0.6000004,0.09428572,63,19,19.632354,19.824176
222,1.3691574,0.7736264,0.6000004,0.09428572,63,19,19.497558,19.904762
224,1.3909158,0.75670328,0.6000004,0.09589743,63,19,19.200134,19.904762
225,1.3965567,0.75670328,0.6000004,0.09589743,63,19,19.497558,20.549452
226,1.4046154,0.78410252,0.6000004,0.09428572,63,19,19.659272,20.549452
227,1.4046154,0.78410252,0.6000004,0.092673992,63,19,19.632354,20.549452
229,1.4046154,0.78410252,0.6000004,0.092673992,63,19,19.632354,20.549452
230,1.3522344,0.78410252,0.6000004,0.091868132,63,19,19.632354,20.549452
231,1.3522344,0.7720146,0.6000004,0.091868132,63,19,19.605438,20.549452
233,1.3522344,0.7720146,0.6000004,0.086227108,63,19,19.605438,20.549452
234,1.3546519,0.7720146,0.6000004,0.08300366,63,19,19.524536,20.549452
235,1.3594872,0.7478388,0.6000004,0.07897436,63,19,19.524536,20.549452
237,1.3594872,0.7478388,0.6000004,0.07897436,63,19,19.524536,19.824176
238,1.3546519,0.933186736,0.6000004,0.0781685,63,19,19.443604,19.824176
239,1.3546519,0.729304,0.6000004,0.07897436,63,19,19.443604,19.824176
240,1.3594872,0.933186736,0.6000004,0.07978021,63,19,19.443604,19.824176
242,1.3643223,0.933186736,0.6000004,0.07978021,63,19,19.605438,19.824176
243,1.3643223,0.83003668,0.6000004,0.08139194,63,19,19.605438,19.904762
244,1.3925275,0.83003668,0.6000004,0.08380952,63,19,19.605438,20.065936
246,1.3860806,0.83003668,0.6000004,0.08380952,63,19,19.524536,20.065936
247,1.3860806,0.83003668,0.6000004,0.086227108,63,19,19.524536,20.14652
248,1.3860806,0.85098904,0.6000004,0.086227108,63,19,19.497558,20.14652
249,1.3925275,0.85098904,0.6000004,0.08380952,63,19,19.497558,20.549452
251,1.4030036,0.85098904,0.6000004,0.08300366,63,19,19.497558,20.549452
252,1.4038096,0.9734798,0.6000004,0.08139194,63,19,19.73999,20.710622
253,1.4038096,0.9734798,0.6000004,0.08139194,63,19,19.73999,20.710622
255,1.4134798,0.9404395,0.6000004,0.08139194,63,19,19.73999,20.710622
256,1.4038096,0.948498136,0.6000004,0.08139194,63,19,19.73999,20.791208
257,1.4038096,0.9404395,0.6000004,0.08139194,63,19,19.686188,20.307692
258,1.3764102,0.9404395,0.6000004,0.08139194,63,19,19.470582,20.307692
260,1.3764102,0.9404395,0.6000004,0.08058608,63,19,19.362548,19.985348
261,1.3764102,0.9372161,0.6000004,0.08058608,63,19,19.33551,19.985348
262,1.3764102,0.9372161,0.6000004,0.08058608,63,19,19.33551,19.985348
264,1.3917216,0.9372161,0.6000004,0.08058608,63,19,19.33551,20.065936
265,1.3957509,0.7978022,0.6000004,0.08300366,63,19,19.33551,20.065936
266,1.4142857,0.7978022,0.6000004,0.08542124,63,19,19.470582,20.468866
267,1.407033,0.8832235,0.6000004,0.08542124,63,19,19.73999,20.468866
269,1.407033,0.7978022,0.6000004,0.086227108,63,19,19.793732,20.468866
270,1.407033,0.8832235,0.6000004,0.086227108,63,19,19.793732,20.468866
271,1.3675458,0.9114286,0.6000004,0.086227108,63,19,19.793732,19.985348
273,1.3675458,0.8832235,0.6000004,0.08703297,63,19,19.73999,19.985348
274,1.3675458,0.9114286,0.6000004,0.08703297,63,19,19.73999,19.985348
275,1.3667399,0.9420513,0.6000004,0.086227108,63,19,19.73999,20.388278
276,1.365934,0.9114286,0.6000004,0.08703297,63,19,19.766876,20.388278
278,1.365934,0.9420513,0.6000004,0.08783882,63,19,19.766876,20.388278
279,1.3473992,0.9420513,0.6000004,0.08542124,63,19,19.766876,20.065936
280,1.3473992,0.77765568,0.6000004,0.08783882,63,19,19.281402,20.065936
282,1.3473992,0.77765568,0.6000004,0.089450548,63,19,19.281402,20.065936
283,1.3610989,0.77765568,0.6000004,0.090256416,63,19,19.281402,20.065936
284,1.3667399,0.76959704,0.6000004,0.089450548,63,19,19.308442,20.065936
286,1.3675458,0.76959704,0.6000004,0.090256416,63,19,19.33551,20.14652
287,1.4062271,0.8364835,0.6000004,0.089450548,63,19,19.362548,20.468866
288,1.4062271,0.76959704,0.6000004,0.089450548,63,19,19.362548,20.468866
289,1.3731867,0.8364835,0.6000004,0.089450548,63,19,19.362548,20.227106
291,1.3731867,0.8364835,0.6000004,0.089450548,63,19,19.362548,20.227106
292,1.3586813,0.7889377,0.6000004,0.089450548,63,19,19.362548,20.227106
293,1.3586813,0.7889377,0.6000004,0.089450548,63,19,19.362548,20.065936
295,1.3586813,0.9517216,0.6000004,0.0821978,63,19,19.389556,20.065936
296,1.3747985,0.7889377,0.6000004,0.0821978,62,19,19.389556,20.549452
297,1.4118682,0.9517216,0.6000004,0.08461539,63,19,19.416596,20.630038
298,1.4118682,0.9517216,0.6000004,0.08380952,62,19,19.416596,20.549452
300,1.4118682,0.89611716,0.6000004,0.08461539,62,19,19.362548,20.549452
301,1.3619047,0.89611716,0.6000004,0.08461539,62,19,19.33551,20.14652
302,1.3619047,0.89611716,0.6000004,0.08380952,62,19,19.33551,20.065936
304,1.3619047,0.8469597,0.6000004,0.08380952,62,19,19.281402,19.985348
305,1.3667399,0.8469597,0.6000004,0.08380952,62,19,19.33551,19.904762
306,1.3667399,0.8469597,0.6000004,0.08300366,62,19,19.118804,19.904762
307,1.3707692,0.8098901,0.6000004,0.08300366,62,19,19.33551,19.904762
309,1.3707692,0.8098901,0.6000004,0.08542124,62,19,19.416596,20.065936
310,1.4030036,0.933186736,0.6000004,0.08864469,62,19,19.659272,20.549452
311,1.4030036,0.8098901,0.6000004,0.08864469,62,19,19.659272,20.630038
313,1.4191208,0.933186736,0.6000004,0.08864469,62,19,19.659272,20.791208
314,1.4030036,0.9396337,0.6000004,0.08703297,62,19,19.686188,20.791208
315,1.3957509,0.933186736,0.6000004,0.086227108,62,19,19.524536,20.871796
316,1.3933333,0.9396337,0.6000004,0.086227108,62,19,19.281402,20.871796
318,1.3933333,0.9396337,0.6000004,0.086227108,62,19,19.416596,20.871796
319,1.3610989,0.8348718,0.6000004,0.086227108,62,19,19.524536,20.065936
320,1.3610989,0.8348718,0.6000004,0.086227108,62,19,19.524536,19.904762
322,1.3610989,0.8348718,0.6000004,0.086227108,62,19,19.551514,19.743592
323,1.365934,0.8098901,0.6000004,0.08703297,62,19,19.73999,19.743592
324,1.3772161,0.8348718,0.6000004,0.08703297,62,19,19.73999,19.743592
325,1.3772161,0.8292308,0.6000004,0.086227108,62,19,19.551514,20.388278
327,1.3699634,0.8098901,0.6000004,0.086227108,62,19,19.497558,20.388278
328,1.3699634,0.8292308,0.6000004,0.08542124,62,19,19.33551,20.871796
329,1.3699634,0.97589748,0.6000004,0.08380952,62,19,19.33551,20.871796
331,1.3699634,0.8292308,0.6000004,0.08380952,62,19,19.33551,20.791208
332,1.3981684,0.8977289,0.6000004,0.08542124,62,19,19.605438,20.791208
333,1.400586,0.8977289,0.6000004,0.08461539,62,19,19.713074,20.791208
335,1.400586,0.8977289,0.6000004,0.086227108,62,19,19.713074,20.791208
336,1.400586,0.8816117,0.6000004,0.08864469,62,19,19.605438,20.791208
337,1.4021978,0.8816117,0.6000004,0.08783882,62,19,19.605438,20.630038
338,1.4279854,0.8816117,0.6000004,0.08783882,62,19,19.820588,20.630038
340,1.3804395,1.0089377,0.6000004,0.08783882,62,19,19.362548,20.791208
341,1.4279854,0.8816117,0.6000004,0.08783882,62,19,19.362548,20.630038
342,1.4279854,0.9662271,0.6000004,0.08783882,62,19,19.254334,20.630038
344,1.3804395,1.0032967,0.6000004,0.08783882,62,19,19.254334,20.14652
345,1.3804395,0.9662271,0.6000004,0.08783882,62,19,19.254334,20.065936
346,1.3796337,0.9662271,0.6000004,0.08783882,62,19,19.254334,19.985348
347,1.3796337,0.9734798,0.6000004,0.08783882,62,19,19.281402,19.985348
349,1.4271794,0.9734798,0.6000004,0.08783882,62,19,19.281402,20.065936
350,1.4271794,0.9734798,0.6000004,0.090256416,62,19,19.281402,20.630038
351,1.4142857,0.97912088,0.6000004,0.09106227,62,19,19.281402,20.630038
353,1.423956,0.97912088,0.6000004,0.09106227,62,19,19.389556,20.630038
354,1.4142857,0.97912088,0.6000004,0.09106227,62,19,19.416596,20.630038
355,1.4118682,0.97912088,0.6000004,0.09106227,62,19,19.470582,20.630038
356,1.4118682,0.8131136,0.6000004,0.09106227,62,19,19.470582,20.871796
358,1.4191208,0.8131136,0.6000004,0.09106227,62,19,19.659272,20.871796
359,1.4142857,0.8131136,0.6000004,0.09106227,62,19,19.659272,21.032966
360,1.4142857,0.79941384,0.6000004,0.092673992,62,19,19.470582,21.032966
362,1.4142857,0.8131136,0.6000004,0.092673992,62,19,19.416596,20.871796
363,1.383663,0.7978022,0.6000004,0.09106227,62,19,19.605438,20.227106
364,1.383663,0.7978022,0.6000004,0.092673992,62,19,19.605438,20.227106
365,1.383663,0.8139194,0.6000004,0.090256416,62,19,19.605438,20.227106
367,1.4158975,0.8139194,0.6000004,0.089450548,62,19,19.713074,20.549452
368,1.418315,0.8139194,0.6000004,0.089450548,62,19,19.793732,20.710622
369,1.4223443,0.84373624,0.6000004,0.089450548,62,19,19.793732,20.710622
371,1.4223443,0.84373624,0.6000004,0.089450548,62,19,19.793732,20.710622
372,1.4312087,0.84373624,0.6000004,0.08542124,62,19,19.713074,20.710622
373,1.4312087,0.84373624,0.6000004,0.08542124,62,19,19.793732,20.710622
375,1.4304029,0.92673992,0.6000004,0.08542124,62,19,19.793732,20.871796
376,1.4304029,0.8034432,0.6000004,0.08542124,62,19,19.820588,20.871796
377,1.4304029,0.8034432,0.6000004,0.08703297,62,19,19.820588,20.871796
378,1.423956,0.8034432,0.6000004,0.08703297,62,19,19.820588,20.871796
380,1.412674,0.8501831,0.6000004,0.08703297,62,19,19.686188,20.791208
381,1.4102564,0.8034432,0.6000004,0.08703297,62,19,19.524536,20.468866
382,1.4102564,0.8501831,0.6000004,0.08703297,62,19,19.524536,20.468866
384,1.412674,1.0097436,0.6000004,0.08703297,62,19,19.416596,20.468866
385,1.4102564,0.8501831,0.6000004,0.086227108,62,19,19.33551,20.468866
386,1.3756044,0.98556776,0.6000004,0.086227108,62,19,19.416596,20.388278
387,1.360293,0.98556776,0.6000004,0.08461539,62,19,19.362548,20.388278
389,1.360293,0.9831502,0.6000004,0.08461539,62,19,19.308442,20.065936
390,1.360293,0.9831502,0.6000004,0.08542124,62,19,19.362548,20.065936
391,1.3691574,0.9831502,0.6000004,0.08542124,62,19,19.470582,20.065936
393,1.3788278,0.8131136,0.6000004,0.08542124,62,19,19.362548,20.065936
394,1.3788278,0.8131136,0.6000004,0.08542124,62,19,19.362548,20.065936
395,1.383663,0.8372894,0.6000004,0.086227108,62,19,19.470582,20.065936
396,1.383663,0.8131136,0.6000004,0.08783882,62,19,19.470582,20.065936
398,1.383663,0.8372894,0.6000004,0.086227108,62,19,19.659272,19.904762
399,1.4215384,0.8767765,0.6000004,0.086227108,62,19,19.927918,19.904762
400,1.4215384,0.8372894,0.6000004,0.08703297,62,19,19.927918,20.710622
402,1.4247619,0.8767765,0.6000004,0.08703297,62,19,19.927918,20.791208
403,1.4215384,0.8767765,0.6000004,0.08703297,62,19,19.874298,20.791208
404,1.4191208,0.8421245,0.6000004,0.089450548,62,19,19.632354,20.791208
405,1.407033,0.8421245,0.6000004,0.09106227,62,19,19.57846,20.871796
407,1.407033,0.85663,0.6000004,0.089450548,62,19,19.57846,20.871796
408,1.407033,0.8421245,0.6000004,0.089450548,62,19,19.57846,20.871796
409,1.3667399,0.85663,0.6000004,0.08703297,62,19,19.659272,20.468866
411,1.4078388,0.85663,0.6000004,0.08703297,62,19,19.820588,20.791208
412,1.4078388,0.810696,0.6000004,0.08703297,62,19,19.927918,20.468866
413,1.3973626,0.810696,0.6000004,0.08703297,62,19,19.927918,20.468866
414,1.3973626,0.810696,0.6000004,0.08380952,62,19,19.927918,19.985348
416,1.4030036,0.80505496,0.6000004,0.08380952,62,19,19.901124,19.985348
417,1.3973626,0.80505496,0.6000004,0.08380952,62,19,19.847442,19.985348
418,1.3973626,0.80505496,0.6000004,0.08380952,62,19,19.605438,19.985348
420,1.3772161,0.79860808,0.6000004,0.08380952,62,19,19.551514,19.985348
421,1.3772161,0.80505496,0.6000004,0.08542124,62,19,19.551514,20.14652
422,1.3619047,0.79860808,0.6000004,0.086227108,62,19,19.497558,20.14652
424,1.3764102,0.79860808,0.6000004,0.08864469,62,19,19.470582,20.227106
425,1.3772161,0.838095236,0.6000004,0.08864469,62,19,19.470582,20.791208
426,1.383663,0.838095236,0.6000004,0.08864469,62,19,19.497558,20.952382
427,1.3764102,0.838095236,0.6000004,0.086227108,62,19,19.497558,20.952382
429,1.3764102,0.9686447,0.6000004,0.08380952,62,19,19.470582,20.952382
430,1.3683516,0.9686447,0.6000004,0.08058608,62,19,19.470582,20.307692
431,1.3683516,0.9686447,0.6000004,0.08058608,62,19,19.470582,20.14652
433,1.3683516,0.9686447,0.6000004,0.08058608,62,19,19.470582,20.14652
434,1.3683516,0.948498136,0.6000004,0.08058608,62,19,19.57846,20.14652
435,1.3683516,0.948498136,0.6000004,0.08058608,62,19,19.632354,20.14652
436,1.3627106,0.948498136,0.6000004,0.08058608,62,19,19.632354,20.14652
438,1.3627106,0.9323809,0.6000004,0.08058608,62,19,19.57846,20.14652
439,1.3683516,0.9323809,0.6000004,0.08461539,62,19,19.632354,20.065936
440,1.3586813,0.9323809,0.6000004,0.08380952,62,19,19.686188,20.14652
442,1.3651282,0.917069536,0.6000004,0.08461539,62,19,19.874298,20.065936
443,1.3683516,0.917069536,0.6000004,0.08461539,62,19,19.874298,20.14652
444,1.3651282,0.917069536,0.6000004,0.08703297,62,19,19.874298,20.065936
445,1.3651282,0.917069536,0.6000004,0.08703297,62,19,19.874298,20.14652
447,1.3675458,0.9114286,0.6000004,0.08703297,62,19,19.874298,20.14652
448,1.3683516,0.9114286,0.6000004,0.08703297,62,19,19.874298,20.14652
449,1.3683516,0.9114286,0.6000004,0.086227108,62,19,19.874298,20.14652
451,1.3691574,0.97106224,0.6000004,0.08380952,62,19,20.275696,20.14652
452,1.383663,0.9114286,0.6000004,0.08380952,62,19,20.275696,20.14652
453,1.3868864,0.8638827,0.6000004,0.08542124,62,19,20.088654,20.065936
454,1.4030036,0.97106224,0.6000004,0.08542124,62,19,20.06189,20.14652
456,1.4030036,0.8638827,0.6000004,0.08783882,62,19,20.06189,20.227106
457,1.4030036,0.8179487,0.6000004,0.08864469,62,19,19.766876,20.952382
458,1.3973626,0.8638827,0.6000004,0.08864469,62,19,19.524536,20.952382
460,1.3868864,0.8179487,0.6000004,0.089450548,62,19,19.497558,20.952382
461,1.3868864,0.8179487,0.6000004,0.090256416,62,19,19.497558,21.032966
462,1.3909158,0.84131864,0.6000004,0.090256416,62,19,19.497558,21.032966
464,1.3909158,0.84131864,0.6000004,0.089450548,62,19,19.497558,20.791208
465,1.3909158,0.84131864,0.6000004,0.086227108,62,19,19.497558,21.113552
466,1.4046154,0.9339927,0.6000004,0.086227108,62,19,19.551514,21.113552
467,1.4046154,0.9339927,0.6000004,0.086227108,62,19,19.847442,21.113552
469,1.4046154,0.9339927,0.6000004,0.08542124,62,19,20.035096,20.791208
470,1.378022,0.9339927,0.6000004,0.08542124,62,19,19.847442,20.307692
471,1.378022,0.821978036,0.6000004,0.08542124,62,19,19.847442,20.307692
473,1.3731867,0.821978036,0.6000004,0.08380952,62,19,19.847442,20.227106
474,1.3715751,0.821978036,0.6000004,0.08380952,62,19,19.605438,20.227106
475,1.3715751,0.821978036,0.6000004,0.08461539,62,19,19.605438,20.388278
476,1.3731867,0.8719413,0.6000004,0.08461539,62,19,19.605438,20.710622
478,1.3868864,0.8719413,0.6000004,0.08380952,62,19,19.981536,20.871796
479,1.4054211,0.8719413,0.6000004,0.08380952,62,19,20.008332,20.871796
480,1.4054211,0.8848351,0.6000004,0.08380952,62,19,20.008332,20.710622
482,1.4062271,0.8848351,0.6000004,0.08380952,62,19,20.008332,20.468866
483,1.4062271,0.8848351,0.6000004,0.08380952,62,19,19.847442,20.227106
484,1.4054211,0.9315751,0.6000004,0.08461539,62,19,19.686188,20.227106
485,1.4062271,0.9315751,0.6000004,0.08542124,62,19,19.389556,20.227106
487,1.4062271,0.9315751,0.6000004,0.08703297,62,19,19.389556,20.549452
488,1.4054211,0.9315751,0.6000004,0.08703297,62,19,19.389556,21.032966
489,1.4054211,0.827619,0.6000004,0.08703297,62,19,19.389556,21.032966
491,1.4062271,0.827619,0.6000004,0.089450548,62,19,19.524536,21.032966
492,1.4054211,0.9210989,0.6000004,0.08703297,62,19,19.524536,21.032966
493,1.4102564,0.827619,0.6000004,0.089450548,62,19,19.524536,21.032966
494,1.4191208,0.9210989,0.6000004,0.089450548,62,19,19.524536,21.032966
496,1.4191208,0.9210989,0.6000004,0.089450548,62,19,19.524536,21.113552
497,1.4191208,0.8485714,0.6000004,0.086227108,62,19,19.793732,21.113552
498,1.4191208,0.8485714,0.6000004,0.08461539,62,19,19.847442,21.032966
500,1.4191208,0.8485714,0.6000004,0.08380952,62,19,20.035096,21.032966
501,1.412674,0.8485714,0.6000004,0.08380952,62,19,20.035096,20.952382
502,1.412674,0.8485714,0.6000004,0.08461539,62,19,19.981536,20.952382
503,1.4199268,1.0621245,0.6000004,0.086227108,62,19,20.008332,20.952382
505,1.4199268,0.92190472,0.6000004,0.086227108,62,19,19.981536,20.952382
506,1.412674,0.92190472,0.6000004,0.08783882,62,19,19.954742,20.871796
507,1.4199268,0.92190472,0.6000004,0.08703297,62,19,19.954742,20.871796
509,1.383663,0.96945052,0.6000004,0.086227108,62,19,19.820588,20.468866
510,1.372381,0.92190472,0.6000004,0.08703297,62,19,19.793732,20.468866
511,1.383663,0.96945052,0.6000004,0.08783882,62,19,19.793732,20.710622
513,1.383663,1.0178021,0.6000004,0.08703297,62,19,19.820588,20.710622
514,1.383663,0.96945052,0.6000004,0.08703297,62,19,19.820588,20.388278
515,1.4215384,0.8783883,0.6000004,0.08783882,62,19,19.874298,20.710622
516,1.4263736,1.0178021,0.6000004,0.08703297,62,19,19.874298,20.388278
518,1.4215384,0.8783883,0.6000004,0.08703297,62,19,19.713074,20.388278
519,1.4263736,0.8493773,0.6000004,0.08703297,62,19,19.713074,20.952382
520,1.4287912,0.8783883,0.6000004,0.086227108,62,19,20.008332,21.113552
522,1.4263736,0.8493773,0.6000004,0.08461539,62,19,19.686188,21.113552
523,1.4158975,0.8493773,0.6000004,0.086227108,62,19,19.57846,21.194138
524,1.4038096,0.88805852,0.6000004,0.086227108,62,19,19.927918,21.274726
525,1.4038096,0.88805852,0.6000004,0.089450548,62,19,19.927918,21.274726
527,1.4038096,0.97589748,0.6000004,0.089450548,62,19,19.927918,20.952382
528,1.4271794,0.97589748,0.6000004,0.089450548,62,19,20.14212,20.952382
529,1.4344323,0.9452747,0.6000004,0.090256416,62,19,20.14212,20.952382
531,1.435238,0.9452747,0.6000004,0.090256416,62,19,20.14212,20.952382
532,1.435238,0.9968498,0.6000004,0.089450548,62,19,19.954742,21.274726
533,1.435238,0.9452747,0.6000004,0.090256416,62,19,19.820588,21.274726
534,1.418315,0.9968498,0.6000004,0.09106227,62,19,19.820588,21.355312
536,1.4175091,1.0121611,0.6000004,0.090256416,62,19,19.820588,21.435898
537,1.4175091,0.9968498,0.6000004,0.090256416,62,19,19.820588,21.435898
538,1.4110622,1.0121611,0.6000004,0.090256416,62,19,19.820588,21.274726
540,1.4102564,1.0121611,0.6000004,0.090256416,62,19,19.820588,21.274726
541,1.3820512,0.84615384,0.6000004,0.090256416,62,19,19.820588,20.468866
542,1.3820512,0.84615384,0.6000004,0.090256416,62,19,19.820588,20.468866
543,1.3820512,0.84615384,0.6000004,0.089450548,62,19,19.981536,20.468866
545,1.4142857,0.8211722,0.6000004,0.091868132,62,19,20.195588,20.630038
546,1.4175091,0.84615384,0.6000004,0.092673992,62,19,20.195588,20.630038
547,1.418315,0.8211722,0.6000004,0.092673992,62,19,20.195588,20.791208
549,1.418315,0.8211722,0.6000004,0.09428572,62,19,20.168854,21.032966
550,1.4175091,0.827619,0.6000004,0.09428572,62,19,20.06189,21.032966
551,1.4062271,0.9581685,0.6000004,0.09347985,62,19,19.793732,21.194138
553,1.372381,0.827619,0.6000004,0.09347985,62,19,19.793732,21.032966
554,1.3635164,0.9581685,0.6000004,0.08864469,62,19,19.73999,20.388278
555,1.3554579,0.9815384,0.6000004,0.08783882,62,19,19.659272,20.388278
556,1.3635164,0.9581685,0.6000004,0.08783882,62,19,19.659272,20.549452
558,1.372381,0.9815384,0.6000004,0.08864469,62,19,19.793732,20.388278
559,1.4118682,0.9815384,0.6000004,0.089450548,62,19,19.820588,20.549452
560,1.4118682,0.84131864,0.6000004,0.092673992,62,19,19.820588,21.113552
562,1.4118682,0.84131864,0.6000004,0.092673992,62,19,20.06189,21.113552
563,1.4062271,0.9186813,0.6000004,0.089450548,62,19,20.008332,21.113552
564,1.4038096,0.84131864,0.6000004,0.08783882,62,19,19.820588,21.194138
565,1.3973626,0.9186813,0.6000004,0.08703297,62,19,19.793732,21.194138
567,1.3844688,0.9734798,0.6000004,0.08703297,62,19,19.73999,21.194138
568,1.360293,0.9186813,0.6000004,0.08783882,62,19,19.73999,21.113552
569,1.360293,0.89692308,0.6000004,0.08783882,62,19,19.73999,21.113552
571,1.360293,0.9734798,0.6000004,0.08783882,62,19,19.73999,21.113552
572,1.4094505,0.89692308,0.6000004,0.08783882,62,19,19.766876,21.194138
573,1.4094505,0.87597064,0.6000004,0.08864469,62,19,19.847442,21.194138
574,1.4094505,0.89692308,0.6000004,0.08542124,62,19,19.981536,21.194138
576,1.4054211,0.87597064,0.6000004,0.08542124,62,19,19.981536,21.194138
577,1.4054211,0.87597064,0.6000004,0.08461539,62,19,19.981536,21.194138
578,1.4054211,1.0226372,0.6000004,0.08542124,62,19,20.088654,21.194138
580,1.4110622,1.0226372,0.6000004,0.08542124,62,19,20.088654,21.194138
581,1.4110622,0.9227106,0.6000004,0.08783882,62,19,20.008332,21.194138
582,1.4110622,1.0226372,0.6000004,0.08703297,62,19,20.008332,20.710622
583,1.3619047,0.9227106,0.6000004,0.08783882,62,19,19.901124,20.388278
585,1.3619047,0.9194872,0.6000004,0.08864469,62,19,19.901124,20.388278
586,1.3619047,0.9227106,0.6000004,0.08783882,62,19,19.874298,20.388278
587,1.3530402,0.9194872,0.6000004,0.08864469,62,19,19.874298,20.307692
589,1.3715751,0.9194872,0.6000004,0.089450548,62,19,19.874298,20.307692
590,1.3715751,0.9235165,0.6000004,0.089450548,62,19,19.847442,20.307692
591,1.3715751,0.9235165,0.6000004,0.089450548,62,19,19.847442,20.388278
592,1.3747985,0.8340659,0.6000004,0.089450548,62,19,19.874298,20.388278
594,1.3893039,0.9235165,0.6000004,0.089450548,62,19,20.035096,20.388278
595,1.3893039,0.8340659,0.6000004,0.08542124,62,19,20.035096,20.307692
596,1.3893039,0.8340659,0.6000004,0.089450548,62,19,20.035096,21.032966
598,1.3893039,1.0242491,0.6000004,0.090256416,62,19,20.035096,20.710622
599,1.3893039,1.0242491,0.6000004,0.090256416,62,19,20.168854,20.710622
600,1.4191208,1.0169964,0.6000004,0.090256416,62,19,20.168854,21.032966
602,1.4191208,1.0403663,0.6000004,0.090256416,62,19,20.275696,21.032966
603,1.4191208,1.0169964,0.6000004,0.090256416,62,19,20.275696,21.032966
604,1.429597,0.8945055,0.6000004,0.08864469,62,19,20.275696,21.032966
605,1.400586,1.0169964,0.6000004,0.08703297,62,19,20.275696,20.549452
607,1.3772161,0.8945055,0.6000004,0.08703297,62,19,20.06189,20.549452
608,1.3635164,0.8477655,0.6000004,0.08703297,62,19,20.06189,20.549452
609,1.3772161,0.8945055,0.6000004,0.08783882,62,19,19.766876,20.549452
611,1.3772161,1.0153847,0.6000004,0.090256416,62,19,19.766876,20.630038
612,1.4046154,0.8493773,0.6000004,0.090256416,62,19,19.766876,20.630038
613,1.4046154,1.0153847,0.6000004,0.090256416,62,19,20.14212,20.549452
614,1.4191208,1.0153847,0.6000004,0.08783882,62,19,19.766876,20.549452
616,1.4175091,0.8493773,0.6000004,0.089450548,62,19,20.1153868,20.549452
617,1.4175091,0.8493773,0.6000004,0.08703297,62,19,20.1153868,20.549452
618,1.4223443,0.9928205,0.6000004,0.08703297,62,19,20.168854,20.549452
620,1.4223443,0.8493773,0.6000004,0.08703297,62,19,20.1153868,20.549452
621,1.4175091,0.9928205,0.6000004,0.089450548,62,19,20.1153868,20.549452
622,1.3868864,1.018608,0.6000004,0.089450548,62,19,20.168854,20.549452
623,1.3860806,0.9928205,0.6000004,0.089450548,62,19,20.088654,20.630038
625,1.3860806,1.0016849,0.6000004,0.089450548,62,19,19.954742,21.194138
626,1.3707692,1.018608,0.6000004,0.089450548,62,19,19.954742,21.355312
627,1.3594872,1.0016849,0.6000004,0.08783882,62,19,20.168854,21.355312
629,1.3594872,0.9130403,0.6000004,0.08783882,62,19,19.954742,21.355312
630,1.3610989,1.0016849,0.6000004,0.08703297,62,19,19.954742,21.355312
631,1.3610989,0.9130403,0.6000004,0.08783882,62,19,19.713074,21.355312
632,1.3683516,0.9130403,0.6000004,0.08783882,62,19,19.713074,21.355312
634,1.3747985,1.0016849,0.6000004,0.089450548,62,19,19.713074,21.355312
635,1.4054211,1.0016849,0.6000004,0.089450548,62,19,20.035096,21.355312
636,1.4054211,1.0411722,0.6000004,0.089450548,62,19,20.275696,21.355312
638,1.4054211,1.0476191,0.6000004,0.089450548,62,19,20.275696,20.549452
639,1.3901099,1.0411722,0.6000004,0.089450548,62,19,20.275696,20.549452
640,1.3901099,1.0282784,0.6000004,0.089450548,62,19,20.06189,21.516484
641,1.3901099,1.0411722,0.6000004,0.089450548,62,19,20.06189,20.549452
643,1.4086447,1.0282784,0.6000004,0.09428572,62,19,20.06189,20.710622
644,1.4102564,0.9831502,0.6000004,0.0967033,62,19,20.32904,20.710622
645,1.4207326,1.0282784,0.6000004,0.0967033,62,19,20.355682,20.549452
647,1.4207326,0.9831502,0.6000004,0.0967033,62,19,20.382354,20.549452
648,1.4102564,0.9057875,0.6000004,0.0967033,62,19,20.382354,20.549452
649,1.423956,0.9831502,0.6000004,0.095091576,61,19,20.382354,20.549452
651,1.3683516,0.9057875,0.6000004,0.095091576,62,19,20.355682,20.710622
652,1.3683516,0.88886448,0.6000004,0.0967033,62,19,20.22229,20.710622
653,1.3893039,0.9057875,0.6000004,0.0967033,61,19,20.22229,20.549452
654,1.3973626,1.0016849,0.6000004,0.0967033,61,19,19.954742,20.549452
656,1.3901099,0.88886448,0.6000004,0.09750915,61,19,20.195588,20.549452
657,1.3901099,1.0016849,0.6000004,0.0967033,61,19,19.901124,20.549452
658,1.3973626,1.0435897,0.6000004,0.0967033,61,19,19.927918,20.549452
660,1.3901099,1.0016849,0.6000004,0.0967033,61,19,19.927918,20.630038
661,1.3901099,1.0435897,0.6000004,0.09750915,61,19,20.195588,20.710622
662,1.4062271,1.0500366,0.6000004,0.09428572,61,19,20.22229,20.871796
663,1.4231502,1.0435897,0.6000004,0.09750915,61,19,20.32904,20.871796
665,1.4231502,1.0500366,0.6000004,0.09750915,61,19,20.32904,20.871796
666,1.4231502,1.0532601,0.6000004,0.0967033,61,19,20.32904,20.871796
667,1.4142857,1.0500366,0.6000004,0.0967033,61,19,20.22229,20.871796
669,1.4142857,1.0532601,0.6000004,0.09750915,61,19,20.22229,20.549452
670,1.4094505,1.0532601,0.6000004,0.09750915,61,19,20.22229,20.549452
671,1.4094505,1.0532601,0.6000004,0.09750915,61,19,20.22229,20.791208
672,1.3917216,1.0242491,0.6000004,0.09750915,61,19,20.168854,20.710622
674,1.3917216,0.9259341,0.6000004,0.09750915,61,19,20.1153868,20.710622
675,1.3820512,0.9259341,0.6000004,0.09831502,61,19,20.1153868,20.710622
676,1.3917216,0.9259341,0.6000004,0.09912088,61,19,20.1153868,20.791208
678,1.3957509,0.903369968,0.6000004,0.10153846,61,19,20.1153868,21.435898
679,1.4118682,0.9259341,0.6000004,0.10153846,61,19,20.275696,21.435898
680,1.3957509,0.903369968,0.6000004,0.09912088,61,19,20.382354,21.435898
681,1.3957509,0.903369968,0.6000004,0.0967033,61,19,20.382354,20.952382
683,1.3756044,0.9275458,0.6000004,0.09589743,61,19,20.382354,20.791208
684,1.3756044,0.9815384,0.6000004,0.09589743,61,19,20.035096,20.791208
685,1.3756044,0.9275458,0.6000004,0.095091576,61,19,20.035096,20.952382
687,1.3756044,0.9815384,0.6000004,0.095091576,61,19,20.035096,20.791208
688,1.3756044,0.9815384,0.6000004,0.09347985,61,19,20.168854,20.952382
689,1.3756044,0.9388278,0.6000004,0.09347985,61,19,20.248992,20.952382
691,1.3691574,0.9388278,0.6000004,0.089450548,61,19,20.248992,20.549452
692,1.3691574,1.0387545,0.6000004,0.089450548,61,19,20.32904,20.549452
693,1.3675458,0.9388278,0.6000004,0.090256416,61,19,20.302338,20.549452
694,1.3756044,1.0387545,0.6000004,0.090256416,61,19,20.302338,20.549452
696,1.3756044,1.0572894,0.6000004,0.090256416,61,19,20.302338,20.549452
697,1.3772161,1.0387545,0.6000004,0.090256416,61,19,20.302338,20.630038
698,1.3804395,1.0572894,0.6000004,0.091868132,61,19,20.168854,20.630038
700,1.3828571,1.0895238,0.6000004,0.090256416,61,19,19.954742,20.630038
701,1.4086447,1.0572894,0.6000004,0.091868132,61,19,19.954742,20.710622
702,1.4086447,1.0895238,0.6000004,0.091868132,61,19,20.168854,20.791208
703,1.4086447,1.0895238,0.6000004,0.089450548,61,19,20.248992,20.791208
705,1.4158975,1.0879121,0.6000004,0.089450548,61,19,20.248992,21.597068
706,1.4086447,1.0879121,0.6000004,0.090256416,61,19,20.408966,21.597068
707,1.4086447,1.0879121,0.6000004,0.090256416,61,19,20.435608,21.516484
709,1.4086447,0.9605861,0.6000004,0.091868132,61,19,20.542054,20.710622
710,1.4062271,0.9605861,0.6000004,0.091868132,61,19,20.408966,20.710622
711,1.4030036,0.9605861,0.6000004,0.090256416,61,19,20.542054,20.710622
712,1.3812454,0.93479852,0.6000004,0.091868132,61,19,20.542054,20.549452
714,1.3651282,0.9605861,0.6000004,0.090256416,61,19,20.302338,20.549452
715,1.3812454,1.0024908,0.6000004,0.090256416,61,19,20.302338,20.710622
716,1.3731867,0.93479852,0.6000004,0.092673992,61,19,20.14212,20.791208
718,1.3812454,1.0024908,0.6000004,0.092673992,61,19,20.14212,20.871796
719,1.394945,1.0685713,0.6000004,0.090256416,61,19,20.14212,20.952382
720,1.418315,1.0024908,0.6000004,0.091868132,61,19,20.14212,20.952382
721,1.418315,1.0685713,0.6000004,0.090256416,61,19,20.14212,20.952382
723,1.418315,1.0685713,0.6000004,0.090256416,61,19,20.32904,20.710622
724,1.418315,0.99201464,0.6000004,0.08864469,61,19,20.1153868,20.710622
725,1.3812454,0.99201464,0.6000004,0.08864469,61,19,20.1153868,20.630038
727,1.3812454,0.99201464,0.6000004,0.08864469,61,19,20.1153868,20.630038
728,1.3699634,0.9831502,0.6000004,0.08864469,61,19,20.1153868,20.630038
729,1.3699634,0.99201464,0.6000004,0.08864469,61,19,20.1153868,20.871796
730,1.3764102,1.099194,0.6000004,0.08864469,61,19,20.408966,21.032966
732,1.3764102,0.9831502,0.6000004,0.090256416,61,19,20.595184,21.032966
733,1.3699634,1.0806593,0.6000004,0.090256416,61,19,20.595184,20.871796
734,1.365934,1.099194,0.6000004,0.08783882,61,19,20.595184,20.871796
736,1.3651282,1.0806593,0.6000004,0.08783882,61,19,20.275696,20.871796
737,1.3651282,0.9823443,0.6000004,0.090256416,61,19,20.275696,20.871796
738,1.3651282,1.0806593,0.6000004,0.08864469,61,19,20.248992,20.871796
740,1.3643223,1.0347252,0.6000004,0.091868132,61,19,20.275696,20.871796
741,1.3651282,0.9823443,0.6000004,0.091868132,61,19,20.195588,21.194138
742,1.3941392,1.0347252,0.6000004,0.09428572,61,19,20.195588,21.194138
743,1.3941392,1.0347252,0.6000004,0.091868132,61,19,20.195588,20.791208
745,1.3925275,1.0347252,0.6000004,0.09428572,61,19,20.195588,20.710622
746,1.3941392,1.0871061,0.6000004,0.09428572,61,19,20.195588,20.710622
747,1.3941392,1.0871061,0.6000004,0.092673992,61,19,20.32904,20.710622
749,1.412674,1.0468131,0.6000004,0.092673992,61,19,20.435608,20.952382
750,1.412674,1.0871061,0.6000004,0.092673992,61,19,20.408966,21.113552
751,1.4175091,1.0468131,0.6000004,0.092673992,61,19,20.542054,21.597068
752,1.4175091,0.9686447,0.6000004,0.092673992,61,19,20.542054,21.597068
754,1.418315,1.0468131,0.6000004,0.095091576,61,19,20.542054,21.597068
755,1.4207326,0.9928205,0.6000004,0.091868132,61,19,20.542054,21.597068
756,1.4207326,0.9686447,0.6000004,0.09428572,61,19,20.542054,21.435898
758,1.4167032,0.9928205,0.6000004,0.09428572,61,19,20.542054,20.871796
759,1.4167032,1.1265934,0.6000004,0.09347985,61,19,20.542054,20.791208
760,1.4158975,1.0000733,0.6000004,0.09347985,61,19,20.674866,20.791208
761,1.4158975,1.1265934,0.6000004,0.09428572,61,19,20.674866,20.791208
763,1.4158975,1.1265934,0.6000004,0.095091576,61,19,20.727936,20.952382
764,1.4158975,1.0846886,0.6000004,0.095091576,61,19,20.807434,21.032966
765,1.4158975,1.0846886,0.6000004,0.095091576,61,19,20.807434,21.032966
767,1.4191208,1.112088,0.6000004,0.095091576,61,19,20.727936,21.032966
768,1.4094505,1.0846886,0.6000004,0.095091576,61,19,20.648316,21.032966
769,1.4094505,1.112088,0.6000004,0.095091576,61,19,20.648316,20.952382
770,1.4094505,1.1967033,0.6000004,0.09589743,61,19,20.648316,20.952382
772,1.3893039,1.112088,0.6000004,0.09589743,61,19,20.568634,20.952382
773,1.3893039,1.0508424,0.6000004,0.09589743,61,19,20.674866,21.113552
774,1.4021978,1.1967033,0.6000004,0.09589743,61,19,20.674866,21.435898
776,1.3973626,1.0508424,0.6000004,0.092673992,61,19,20.780944,21.677656
777,1.3981684,1.0057143,0.6000004,0.08864469,61,19,20.648316,21.919412
778,1.3981684,1.0508424,0.6000004,0.08864469,61,19,20.833924,21.919412
780,1.3973626,1.0532601,0.6000004,0.08864469,60,19,20.648316,21.435898
781,1.3747985,1.0057143,0.6000004,0.092673992,60,19,20.754426,21.919412
782,1.3747985,1.0532601,0.6000004,0.092673992,60,19,20.754426,21.919412
783,1.3747985,1.1338462,0.6000004,0.092673992,60,20,20.833924,21.758242
785,1.3747985,1.0532601,0.6000004,0.09347985,60,20,20.833924,21.758242
786,1.3594872,1.1338462,0.6000004,0.09347985,60,20,20.886872,21.758242
787,1.3876923,1.1717216,0.6000004,0.09347985,60,20,20.886872,21.113552
789,1.4021978,1.1338462,0.6000004,0.095091576,60,20,20.886872,20.952382
790,1.3594872,0.98556776,0.6000004,0.095091576,60,20,20.886872,20.952382
791,1.3715751,1.1717216,0.6000004,0.09589743,60,20,20.488862,20.952382
792,1.3860806,1.0959708,0.6000004,0.0967033,60,20,20.488862,20.952382
794,1.3860806,0.98556776,0.6000004,0.0967033,60,20,20.780944,21.113552
795,1.3860806,1.0959708,0.6000004,0.0967033,60,20,20.833924,21.194138
796,1.3860806,1.1435164,0.6000004,0.095091576,60,20,20.833924,21.194138
798,1.3860806,1.0959708,0.6000004,0.095091576,60,20,20.860412,21.113552
799,1.3586813,1.1435164,0.6000004,0.095091576,60,20,20.860412,21.113552
800,1.3586813,1.1435164,0.6000004,0.095091576,60,20,20.860412,21.113552
801,1.3586813,1.0298901,0.6000004,0.0967033,60,20,20.727936,21.032966
803,1.3925275,1.0298901,0.6000004,0.0967033,60,20,20.727936,21.113552
804,1.3973626,1.1394872,0.6000004,0.0967033,60,20,20.648316,21.113552
805,1.4110622,1.0298901,0.6000004,0.09912088,60,20,20.727936,21.999998
807,1.4175091,1.1394872,0.6000004,0.09912088,60,20,20.780944,21.999998
808,1.4255678,1.1644689,0.6000004,0.095091576,60,20,20.886872,21.999998
809,1.4255678,1.1394872,0.6000004,0.095091576,60,20,20.886872,21.758242
810,1.4255678,1.1644689,0.6000004,0.09428572,60,20,20.886872,21.758242
812,1.4255678,1.1967033,0.6000004,0.09428572,60,20,20.939788,21.758242
813,1.4263736,1.1644689,0.6000004,0.09428572,60,20,20.939788,21.435898
814,1.4247619,1.1967033,0.6000004,0.09428572,60,20,21.019104,21.435898
816,1.4247619,1.1967033,0.6000004,0.09428572,60,20,21.045502,22.080588
817,1.4263736,1.0621245,0.6000004,0.095091576,60,20,21.045502,21.435898
818,1.423956,1.0621245,0.6000004,0.095091576,60,20,21.151062,21.435898
820,1.4167032,1.0621245,0.6000004,0.0967033,60,20,21.045502,21.194138
821,1.4167032,1.0613188,0.6000004,0.0967033,60,20,21.045502,21.194138
822,1.3933333,1.0621245,0.6000004,0.0967033,60,20,21.17746,21.194138
823,1.3933333,1.1773626,0.6000004,0.0967033,60,20,20.860412,21.355312
825,1.3933333,1.0613188,0.6000004,0.0967033,60,20,20.860412,21.355312
826,1.400586,1.1773626,0.6000004,0.0967033,60,20,21.124694,21.516484
827,1.4110622,1.244249,0.6000004,0.09589743,60,20,21.203796,21.516484
829,1.4110622,1.1773626,0.6000004,0.09589743,60,20,21.124694,22.322344
830,1.4110622,1.0371429,0.6000004,0.09589743,60,20,21.203796,22.322344
831,1.4158975,1.244249,0.6000004,0.09589743,60,20,21.2565,21.919412
832,1.4110622,1.117729,0.6000004,0.09589743,60,20,21.309144,22.161172
834,1.4191208,1.0371429,0.6000004,0.09106227,60,20,21.361786,22.161172
835,1.4191208,1.117729,0.6000004,0.09106227,60,20,21.361786,22.161172
836,1.4191208,1.117729,0.6000004,0.09106227,60,20,21.361786,21.919412
838,1.4142857,1.0500366,0.6000004,0.09106227,60,20,21.388062,21.677656
839,1.4142857,1.0500366,0.6000004,0.091868132,60,20,21.33545,21.677656
840,1.3812454,1.0500366,0.6000004,0.091868132,60,20,21.33545,21.355312
841,1.3772161,1.0500366,0.6000004,0.091868132,60,20,21.33545,21.355312
843,1.3707692,1.1854212,0.6000004,0.091868132,60,20,21.203796,21.435898
844,1.3707692,1.1854212,0.6000004,0.091868132,60,20,20.833924,21.516484
845,1.3812454,1.1854212,0.6000004,0.090256416,60,20,20.833924,21.516484
847,1.4150915,1.2224909,0.6000004,0.089450548,60,20,20.833924,22.161172
848,1.4150915,1.1854212,0.6000004,0.089450548,60,20,21.124694,22.161172
849,1.4150915,1.2224909,0.6000004,0.09106227,60,20,21.17746,22.161172
850,1.4110622,1.2297436,0.6000004,0.089450548,60,20,21.230164,22.161172
852,1.4110622,1.2224909,0.6000004,0.09106227,60,20,21.33545,21.919412
853,1.4110622,1.2297436,0.6000004,0.09106227,60,20,21.33545,21.919412
854,1.4150915,1.2297436,0.6000004,0.090256416,60,20,21.33545,21.919412
856,1.4150915,1.0959708,0.6000004,0.090256416,60,20,21.466918,21.919412
857,1.4150915,1.0959708,0.6000004,0.09106227,60,20,21.466918,21.597068
858,1.4150915,1.0959708,0.6000004,0.09347985,60,20,21.33545,21.597068
859,1.4158975,1.0734066,0.6000004,0.09428572,60,20,21.493194,21.597068
861,1.3804395,1.0734066,0.6000004,0.09428572,60,20,21.440644,21.677656
862,1.3804395,1.0911355,0.6000004,0.09347985,60,20,21.045502,21.677656
863,1.4086447,1.0734066,0.6000004,0.09428572,60,20,21.440644,21.758242
865,1.3868864,1.0911355,0.6000004,0.091868132,60,20,21.493194,21.758242
866,1.3828571,1.0911355,0.6000004,0.091868132,60,20,21.440644,21.758242
867,1.3828571,1.0911355,0.6000004,0.09428572,60,20,21.414368,21.758242
868,1.3868864,1.0911355,0.6000004,0.09428572,60,20,21.440644,21.838828
870,1.3868864,1.1902565,0.6000004,0.09347985,60,20,21.440644,21.838828
871,1.3941392,1.1032233,0.6000004,0.09428572,60,20,21.440644,21.838828
872,1.4046154,1.1902565,0.6000004,0.09589743,60,20,21.5719,21.838828
874,1.4046154,1.1902565,0.6000004,0.09347985,60,20,21.650574,21.999998
875,1.3957509,1.1733333,0.6000004,0.09347985,60,20,21.676758,21.999998
876,1.3957509,1.1733333,0.6000004,0.095091576,60,20,21.702972,21.999998
878,1.3933333,1.2120146,0.6000004,0.09347985,60,20,21.702972,21.838828
879,1.3933333,1.1733333,0.6000004,0.09347985,60,20,21.702972,21.999998
880,1.3852746,1.1217582,0.6000004,0.092673992,59,20,21.309144,22.241758
881,1.3933333,1.2120146,0.6000004,0.091868132,59,20,21.282836,22.483518
883,1.3941392,1.1217582,0.6000004,0.091868132,59,20,21.282836,22.483518
884,1.3941392,1.099194,0.6000004,0.091868132,59,20,21.309144,22.483518
885,1.3852746,1.1217582,0.6000004,0.092673992,59,20,21.282836,22.080588
887,1.3941392,1.099194,0.6000004,0.091868132,59,20,21.598144,22.080588
888,1.3941392,1.0734066,0.6000004,0.092673992,59,20,21.598144,22.080588
889,1.4094505,1.099194,0.6000004,0.091868132,59,20,21.598144,22.080588
890,1.4094505,1.0734066,0.6000004,0.091868132,59,20,21.51944,22.080588
892,1.4158975,1.0734066,0.6000004,0.090256416,59,20,21.598144,22.64469
893,1.4175091,1.2345787,0.6000004,0.090256416,59,20,21.650574,22.080588
894,1.4263736,1.2345787,0.6000004,0.089450548,59,20,21.781494,22.080588
896,1.4263736,1.1539926,0.6000004,0.08864469,59,20,21.650574,22.080588
897,1.4263736,1.2345787,0.6000004,0.08864469,59,20,21.650574,22.64469
898,1.4207326,1.1539926,0.6000004,0.08703297,59,20,21.493194,22.564104
899,1.3796337,1.1217582,0.6000004,0.08703297,59,20,21.414368,22.64469
901,1.3796337,1.1539926,0.6000004,0.08703297,59,20,21.414368,23.047618
902,1.4078388,1.2079853,0.6000004,0.08703297,59,20,21.493194,23.047618
903,1.4102564,1.1217582,0.6000004,0.08703297,59,20,21.51944,22.886448
905,1.4078388,1.2079853,0.6000004,0.08703297,59,20,21.545684,22.886448
906,1.4078388,1.2079853,0.6000004,0.08703297,59,20,21.62436,22.080588
907,1.3820512,1.197509,0.6000004,0.08703297,59,20,21.62436,21.999998
908,1.3820512,1.197509,0.6000004,0.089450548,59,20,21.75534,21.999998
910,1.3578755,1.197509,0.6000004,0.089450548,59,20,21.807678,22.080588
911,1.3820512,1.1628572,0.6000004,0.089450548,59,20,21.62436,21.999998
912,1.4134798,1.1628572,0.6000004,0.090256416,59,20,21.62436,22.161172
914,1.4312087,1.1628572,0.6000004,0.09106227,59,20,21.545684,22.322344
915,1.4247619,1.1628572,0.6000004,0.092673992,59,20,21.545684,22.40293
916,1.4247619,1.1668864,0.6000004,0.092673992,59,20,21.545684,22.40293
918,1.4167032,1.1668864,0.6000004,0.092673992,59,20,21.9644468,22.40293
919,1.4167032,1.1306228,0.6000004,0.095091576,59,20,22.042724,22.40293
920,1.4110622,1.1668864,0.6000004,0.09347985,59,20,22.042724,22.40293
921,1.4110622,1.1306228,0.6000004,0.09347985,59,20,22.042724,22.967034
923,1.4110622,1.1306228,0.6000004,0.09428572,59,20,22.09488,22.967034
924,1.4110622,1.1435164,0.6000004,0.09428572,59,20,22.09488,22.967034
925,1.4110622,1.1435164,0.6000004,0.09347985,59,20,21.99054,22.564104
927,1.4110622,1.1435164,0.6000004,0.09428572,59,20,21.99054,22.322344
928,1.400586,1.2071794,0.6000004,0.09428572,59,20,21.9644468,22.322344
929,1.400586,1.2071794,0.6000004,0.09428572,59,20,21.9644468,22.322344
930,1.400586,1.1282052,0.6000004,0.09589743,59,20,21.9644468,22.322344
932,1.400586,1.2071794,0.6000004,0.09589743,59,20,22.068786,22.967034
933,1.400586,1.2353846,0.6000004,0.09428572,59,20,22.303132,22.967034
934,1.3747985,1.1282052,0.6000004,0.09347985,59,20,22.458954,22.64469
936,1.3731867,1.2353846,0.6000004,0.091868132,59,20,22.458954,22.64469
937,1.3747985,1.2555311,0.6000004,0.091868132,59,20,22.355102,22.322344
938,1.3747985,1.2353846,0.6000004,0.091868132,59,20,22.303132,22.322344
939,1.3860806,1.2555311,0.6000004,0.09106227,59,20,21.781494,22.322344
941,1.3876923,1.2998534,0.6000004,0.090256416,59,20,21.75534,22.322344
942,1.3909158,1.2555311,0.6000004,0.09106227,59,20,21.75534,22.64469
943,1.4054211,1.2998534,0.6000004,0.09106227,59,20,21.75534,23.208792
945,1.4102564,1.3393407,0.6000004,0.09106227,59,20,21.833832,22.64469
946,1.4110622,1.2998534,0.6000004,0.09347985,59,20,21.833832,23.128204
947,1.4247619,1.3393407,0.6000004,0.09428572,59,20,21.9644468,23.128204
948,1.4247619,1.3393407,0.6000004,0.09347985,59,20,21.9644468,22.483518
950,1.4110622,1.2241025,0.6000004,0.09428572,59,20,21.833832,22.483518
951,1.378022,1.2241025,0.6000004,0.09831502,59,20,21.833832,23.047618
952,1.3731867,1.3482051,0.6000004,0.095091576,59,20,22.12091,22.7252752
954,1.3731867,1.2241025,0.6000004,0.09589743,59,20,22.12091,23.047618
955,1.378022,1.3240293,0.6000004,0.09831502,59,20,22.12091,23.369964
956,1.3957509,1.3482051,0.6000004,0.09912088,59,20,22.12091,23.692308
957,1.3957509,1.3240293,0.6000004,0.09912088,58,20,22.12091,23.692308
959,1.3957509,1.1564102,0.6000004,0.09912088,59,20,22.12091,23.692308
960,1.3973626,1.3240293,0.6000004,0.09912088,59,20,22.173004,23.692308
961,1.3973626,1.3183882,0.6000004,0.09912088,58,20,21.833832,23.692308
963,1.3772161,1.1564102,0.6000004,0.09589743,59,20,22.146972,23.531136
964,1.3973626,1.3183882,0.6000004,0.09589743,58,20,22.146972,23.531136
965,1.3973626,1.3183882,0.6000004,0.09589743,58,20,22.146972,23.531136
967,1.3772161,1.2257142,0.6000004,0.09589743,58,20,22.09488,23.6117216
968,1.3772161,1.2257142,0.6000004,0.09589743,58,20,22.12091,23.047618
969,1.3627106,1.2257142,0.6000004,0.09589743,58,21,22.12091,23.6117216
970,1.3554579,1.1805861,0.6000004,0.09589743,58,21,22.12091,23.6117216
972,1.3498168,1.1805861,0.6000004,0.09428572,58,21,22.12091,23.047618
973,1.3498168,1.1805861,0.6000004,0.09428572,58,21,22.12091,22.64469
974,1.3498168,1.1604396,0.6000004,0.09589743,58,21,22.536774,22.64469
976,1.3699634,1.1604396,0.6000004,0.09589743,58,21,22.484924,22.64469
977,1.3699634,1.1564102,0.6000004,0.09347985,58,21,22.484924,22.64469
978,1.3699634,1.1564102,0.6000004,0.09589743,58,21,22.536774,22.64469
979,1.3578755,1.1942858,0.6000004,0.09347985,58,21,22.536774,22.64469
981,1.3449817,1.1942858,0.6000004,0.09347985,58,21,22.510864,22.7252752
982,1.3449817,1.1942858,0.6000004,0.09347985,58,21,22.510864,22.7252752
983,1.3578755,1.2297436,0.6000004,0.09347985,58,21,22.510864,22.7252752
985,1.3554579,1.2297436,0.6000004,0.091868132,58,21,22.458954,22.7252752
986,1.3610989,1.2297436,0.6000004,0.091868132,58,21,22.225098,23.047618
987,1.3610989,1.2297436,0.6000004,0.09106227,58,21,22.458954,23.047618
988,1.3610989,1.2216849,0.6000004,0.09106227,58,21,22.225098,23.047618
990,1.3691574,1.2216849,0.6000004,0.09106227,58,21,22.225098,23.047618
991,1.3739927,1.3417582,0.6000004,0.091868132,58,21,22.562714,23.047618
992,1.3739927,1.2216849,0.6000004,0.091868132,58,21,22.562714,22.967034
994,1.3772161,1.3417582,0.6000004,0.092673992,58,21,22.562714,23.047618
995,1.4046154,1.3417582,0.6000004,0.09589743,58,21,22.769836,23.128204
996,1.4046154,1.2861538,0.6000004,0.09589743,58,21,22.769836,23.208792
997,1.3989743,1.2861538,0.6000004,0.09589743,58,21,22.743958,23.208792
999,1.3989743,1.3054946,0.6000004,0.09589743,58,21,22.743958,23.208792
1000,1.3884982,1.2861538,0.6000004,0.09428572,58,21,22.743958,23.208792
1001,1.3884982,1.3054946,0.6000004,0.09106227,57,21,22.718078,23.208792
1003,1.378022,1.3578755,0.6000004,0.090256416,57,21,22.718078,23.208792
1004,1.378022,1.3054946,0.6000004,0.08783882,57,21,22.718078,23.6117216
1005,1.378022,1.3578755,0.6000004,0.086227108,57,21,22.562714,24.336996
1006,1.4062271,1.4207326,0.6000004,0.08461539,57,21,22.718078,24.336996
1008,1.4150915,1.3578755,0.6000004,0.08461539,57,21,22.821534,24.336996
1009,1.4150915,1.4078388,0.6000004,0.08461539,57,21,22.562714,23.85348
1010,1.3884982,1.4078388,0.6000004,0.08461539,57,21,22.821534,24.336996
1012,1.4021978,1.4078388,0.6000004,0.08461539,57,21,22.821534,24.336996
1013,1.4021978,1.4078388,0.6000004,0.086227108,57,21,22.640442,24.417584
1014,1.3909158,1.4078388,0.6000004,0.08864469,57,21,22.640442,24.417584
1016,1.4021978,1.4102564,0.6000004,0.089450548,57,21,22.924836,24.417584
1017,1.4150915,1.4392674,0.6000004,0.08864469,57,21,23.053802,24.65934
1018,1.418315,1.4102564,0.6000004,0.089450548,57,21,23.105346,24.336996
1019,1.4150915,1.4392674,0.6000004,0.090256416,57,21,23.2083132,24.09524
1021,1.4150915,1.4392674,0.6000004,0.09106227,57,21,23.2083132,23.772894
1022,1.4142857,1.2692307,0.6000004,0.091868132,57,21,23.2083132,23.934064
1023,1.4142857,1.2692307,0.6000004,0.091868132,57,21,23.23404,23.772894
1025,1.4142857,1.2692307,0.6000004,0.092673992,57,21,23.259796,23.692308
1026,1.4142857,1.2692307,0.6000004,0.092673992,57,21,23.41394,23.6117216
1027,1.4142857,1.3280586,0.6000004,0.092673992,57,21,23.542236,23.692308
1028,1.3989743,1.3280586,0.6000004,0.092673992,57,21,23.542236,23.692308
1030,1.3699634,1.3216118,0.6000004,0.092673992,57,21,23.542236,23.772894
1031,1.3619047,1.3280586,0.6000004,0.092673992,57,21,23.516602,23.772894
1032,1.3619047,1.3216118,0.6000004,0.095091576,57,21,23.336884,23.772894
1034,1.3699634,1.3216118,0.6000004,0.0967033,57,21,23.336884,23.772894
1035,1.3772161,1.3635164,0.6000004,0.0967033,56,21,23.311188,23.772894
1036,1.3804395,1.3635164,0.6000004,0.0967033,56,21,23.259796,23.85348
1037,1.394945,1.3635164,0.6000004,0.0967033,56,21,23.311188,24.014652
1039,1.3804395,1.3635164,0.6000004,0.09589743,56,21,23.336884,23.934064
1040,1.3772161,1.3482051,0.6000004,0.09347985,56,21,23.311188,23.934064
1041,1.3715751,1.3482051,0.6000004,0.091868132,56,21,23.336884,24.014652
1043,1.3715751,1.3482051,0.6000004,0.091868132,56,21,23.336884,24.014652
1044,1.3715751,1.3482051,0.6000004,0.091868132,56,21,23.439606,24.014652
1045,1.3965567,1.3522344,0.6000004,0.09106227,56,21,23.490936,24.014652
1046,1.3965567,1.3522344,0.6000004,0.09106227,56,21,23.695922,24.014652
1048,1.3965567,1.3119414,0.6000004,0.09347985,56,21,23.695922,24.09524
1049,1.3747985,1.3522344,0.6000004,0.09106227,56,21,23.695922,24.09524
1050,1.3747985,1.3119414,0.6000004,0.089450548,56,21,23.695922,24.175826
1052,1.3747985,1.3095238,0.6000004,0.08703297,56,21,23.61911,24.09524
1053,1.3747985,1.3119414,0.6000004,0.08703297,56,22,23.61911,24.09524
1054,1.3756044,1.3095238,0.6000004,0.08461539,56,22,23.61911,24.175826
1056,1.3884982,1.3095238,0.6000004,0.08461539,56,22,23.67035,24.175826
1057,1.3756044,1.3224175,0.6000004,0.08461539,55,22,23.61911,24.175826
1058,1.3578755,1.3224175,0.6000004,0.08300366,55,22,23.593506,24.175826
1059,1.3884982,1.3224175,0.6000004,0.08461539,55,22,23.593506,24.175826
1061,1.3884982,1.5061538,0.6000004,0.08783882,55,22,23.61911,24.175826
1062,1.4021978,1.5061538,0.6000004,0.08783882,55,22,23.61911,24.336996
1063,1.4062271,1.5134065,0.6000004,0.08783882,55,22,23.926026,24.820512
1065,1.4231502,1.5182416,0.6000004,0.08783882,55,22,24.206512,24.981686
1066,1.4231502,1.5182416,0.6000004,0.08783882,55,22,24.206512,24.820512
1067,1.4231502,1.5182416,0.6000004,0.08783882,55,22,24.206512,24.820512
1068,1.4142857,1.5182416,0.6000004,0.08703297,55,22,23.695922,24.981686
1070,1.4142857,1.505348,0.6000004,0.08461539,55,22,23.695922,24.9011
1071,1.3796337,1.4843956,0.6000004,0.08461539,55,22,23.695922,24.739926
1072,1.4062271,1.505348,0.6000004,0.08461539,55,22,23.695922,24.739926
1074,1.4062271,1.4843956,0.6000004,0.08461539,55,22,23.695922,24.739926
1075,1.4062271,1.4843956,0.6000004,0.08461539,55,22,24.206512,24.739926
1076,1.4030036,1.4843956,0.6000004,0.08380952,55,22,23.721528,24.739926
1077,1.4062271,1.4569963,0.6000004,0.08380952,55,22,23.721528,24.578754
1079,1.4150915,1.4569963,0.6000004,0.08461539,55,22,23.8749392,24.578754
1080,1.4150915,1.4843956,0.6000004,0.086227108,54,22,24.002594,24.65934
1081,1.4102564,1.4569963,0.6000004,0.086227108,54,22,23.900482,24.65934
1083,1.4150915,1.4843956,0.6000004,0.08703297,54,22,24.002594,24.820512
1084,1.4102564,1.5158241,0.6000004,0.089450548,54,22,24.231964,24.820512
1085,1.4102564,1.5158241,0.6000004,0.09106227,54,22,24.231964,25.142858
1086,1.4102564,1.5158241,0.6000004,0.09106227,54,22,24.18103,25.142858
1088,1.3788278,1.5158241,0.6000004,0.09347985,54,22,24.18103,25.142858
1089,1.3739927,1.4803664,0.6000004,0.0967033,54,22,24.155548,25.142858
1090,1.3788278,1.4803664,0.6000004,0.0967033,54,22,24.155548,25.142858
1092,1.3788278,1.4980952,0.6000004,0.0967033,54,22,24.18103,25.706958
1093,1.4158975,1.4803664,0.6000004,0.09750915,54,22,24.359162,25.706958
1094,1.4158975,1.4980952,0.6000004,0.09750915,54,22,24.486206,25.86813
1095,1.4158975,1.4980952,0.6000004,0.095091576,54,22,24.486206,25.06227
1097,1.378022,1.4980952,0.6000004,0.095091576,54,22,24.486206,25.06227
1098,1.372381,1.5230769,0.6000004,0.095091576,54,22,24.486206,24.9011
1099,1.372381,1.5230769,0.6000004,0.095091576,54,22,24.282868,24.9011
1101,1.378022,1.4578022,0.6000004,0.095091576,54,22,24.231964,24.9011
1102,1.378022,1.5230769,0.6000004,0.095091576,53,22,24.231964,24.981686
1103,1.3917216,1.4578022,0.6000004,0.09589743,53,22,24.384582,25.06227
1104,1.3917216,1.4578022,0.6000004,0.0967033,53,22,24.359162,25.223444
1106,1.3917216,1.4835896,0.6000004,0.09589743,53,22,24.384582,25.30403
1107,1.3917216,1.4835896,0.6000004,0.09589743,53,22,24.460816,25.4652
1108,1.412674,1.4835896,0.6000004,0.09589743,53,23,24.460816,26.190478
1110,1.412674,1.5077655,0.6000004,0.09428572,53,23,24.815734,26.190478
1111,1.412674,1.5077655,0.6000004,0.092673992,53,23,24.815734,26.190478
1112,1.412674,1.5077655,0.6000004,0.092673992,53,23,24.815734,25.545788
1114,1.4054211,1.5077655,0.6000004,0.092673992,53,23,24.790436,26.351648
1115,1.4046154,1.5077655,0.6000004,0.090256416,53,23,24.790436,25.545788
1116,1.4054211,1.4634432,0.6000004,0.090256416,53,23,24.790436,25.545788
1117,1.4046154,1.4634432,0.6000004,0.09347985,53,23,24.790436,25.545788
1119,1.4046154,1.4634432,0.6000004,0.09347985,53,23,24.815734,25.545788
1120,1.4142857,1.4634432,0.6000004,0.09347985,53,23,24.841064,25.545788
1121,1.4142857,1.4030036,0.6000004,0.09347985,53,23,24.815734,25.545788
1123,1.3627106,1.4030036,0.6000004,0.08783882,52,23,24.765136,26.27106
1124,1.407033,1.4030036,0.6000004,0.08703297,52,23,24.765136,26.029304
1125,1.3699634,1.4030036,0.6000004,0.08703297,52,23,24.765136,26.27106
1126,1.3699634,1.5271063,0.6000004,0.08380952,52,23,24.765136,26.51282
1128,1.3989743,1.5271063,0.6000004,0.0821978,52,23,25.345978,26.51282
1129,1.407033,1.5271063,0.6000004,0.0821978,52,23,25.345978,26.51282
1130,1.3989743,1.5271063,0.6000004,0.08139194,52,23,25.345978,26.51282
1132,1.3989743,1.4795604,0.6000004,0.0821978,52,23,25.169526,26.51282
1133,1.3973626,1.4795604,0.6000004,0.0821978,52,23,24.992768,26.51282
1134,1.3933333,1.4795604,0.6000004,0.0821978,52,23,24.992768,26.8351652
1135,1.3747985,1.4271794,0.6000004,0.0821978,52,23,24.992768,26.8351652
1137,1.3610989,1.4271794,0.6000004,0.086227108,52,23,25.018066,26.8351652
1138,1.3610989,1.4271794,0.6000004,0.086227108,52,23,25.018066,26.75458
1139,1.3610989,1.4271794,0.6000004,0.086227108,52,23,25.194732,26.029304
1141,1.3425641,1.5786812,0.6000004,0.08783882,51,23,25.194732,25.9487184
1142,1.3465934,1.5786812,0.6000004,0.090256416,51,23,25.194732,26.029304
1143,1.4021978,1.5786812,0.6000004,0.09106227,51,23,25.144288,26.75458
1144,1.4021978,1.5786812,0.6000004,0.091868132,51,23,25.194732,26.27106
1146,1.4054211,1.5609524,0.6000004,0.091868132,51,23,25.21997,26.8351652
1147,1.4054211,1.5609524,0.6000004,0.091868132,51,23,25.32077,26.8351652
1148,1.4054211,1.5609524,0.6000004,0.091868132,51,23,25.522126,26.27106
1150,1.3981684,1.4553846,0.6000004,0.091868132,51,23,25.522126,26.190478
1151,1.3683516,1.4553846,0.6000004,0.091868132,51,23,25.522126,26.190478
1152,1.3683516,1.4553846,0.6000004,0.091868132,51,23,25.522126,26.190478
1154,1.3981684,1.4553846,0.6000004,0.09347985,51,23,25.522126,26.190478
1155,1.4038096,1.5045421,0.6000004,0.09347985,51,24,25.522126,26.8351652
1156,1.4038096,1.5045421,0.6000004,0.09347985,51,24,25.522126,26.8351652
1157,1.4038096,1.5045421,0.6000004,0.092673992,50,24,25.522126,27.15751
1159,1.4038096,1.5609524,0.6000004,0.09106227,50,24,25.597564,26.8351652
1160,1.4021978,1.5609524,0.6000004,0.09106227,50,24,25.848602,26.67399
1161,1.383663,1.5609524,0.6000004,0.09106227,50,24,25.848602,26.67399
1163,1.3675458,1.5657876,0.6000004,0.089450548,50,24,25.848602,26.67399
1164,1.4021978,1.5609524,0.6000004,0.089450548,50,24,25.848602,26.67399
1165,1.3675458,1.5657876,0.6000004,0.090256416,50,24,25.848602,26.8351652
1166,1.3675458,1.5657876,0.6000004,0.090256416,50,24,26.049042,26.8351652
1168,1.4118682,1.5657876,0.6000004,0.091868132,50,24,26.049042,26.8351652
1169,1.4118682,1.5214652,0.6000004,0.09347985,50,24,26.049042,26.8351652
1170,1.3756044,1.5214652,0.6000004,0.09347985,50,24,26.049042,26.75458
1172,1.3989743,1.5214652,0.6000004,0.09347985,50,24,26.049042,26.75458
1173,1.3844688,1.5698168,0.6000004,0.09347985,50,24,26.049042,26.75458
1174,1.3844688,1.5214652,0.6000004,0.09347985,50,24,25.973908,26.75458
1175,1.3844688,1.5698168,0.6000004,0.09589743,49,24,25.973908,26.75458
1177,1.3860806,1.5698168,0.6000004,0.09347985,49,24,25.948884,26.8351652
1178,1.3860806,1.5271063,0.6000004,0.090256416,49,24,25.948884,26.75458
1179,1.400586,1.4731135,0.6000004,0.09347985,49,24,25.948884,26.8351652
1181,1.400586,1.5182416,0.6000004,0.09347985,49,24,25.898742,26.8351652
1182,1.400586,1.5182416,0.6000004,0.092673992,49,24,25.798432,26.8351652
1183,1.400586,1.4731135,0.6000004,0.09347985,49,24,25.798432,26.8351652
1184,1.3828571,1.5182416,0.6000004,0.09347985,49,24,25.798432,26.8351652
1186,1.3828571,1.5182416,0.6000004,0.092673992,49,24,26.09909,27.8022
1187,1.4110622,1.661685,0.6000004,0.091868132,49,24,26.174164,27.8022
1188,1.4110622,1.661685,0.6000004,0.08783882,49,24,26.174164,27.8022
1190,1.4134798,1.661685,0.6000004,0.08783882,49,24,26.174164,27.882782
1191,1.4175091,1.5238828,0.6000004,0.08783882,49,24,25.898742,27.882782
1192,1.4134798,1.661685,0.6000004,0.08703297,49,24,25.898742,27.963372
1194,1.4175091,1.5238828,0.6000004,0.08703297,48,25,25.898742,27.963372
1195,1.4207326,1.5238828,0.6000004,0.08783882,48,24,25.998962,27.721611
1196,1.4207326,1.5254944,0.6000004,0.08864469,48,25,26.074066,27.15751
1197,1.4207326,1.5254944,0.6000004,0.08864469,48,25,26.074066,27.15751
1199,1.4207326,1.5254944,0.6000004,0.089450548,48,25,25.998962,27.15751
1200,1.4021978,1.5351648,0.6000004,0.090256416,48,25,25.74826,28.124542
1201,1.3989743,1.5351648,0.6000004,0.090256416,48,25,25.69806,28.124542
1203,1.372381,1.4948717,0.6000004,0.090256416,48,25,25.572418,28.124542
1204,1.372381,1.5351648,0.6000004,0.08783882,48,25,25.69806,28.124542
1205,1.372381,1.4948717,0.6000004,0.08783882,48,25,25.69806,28.124542
1206,1.4021978,1.4618314,0.6000004,0.08783882,48,25,25.848602,28.124542
1208,1.4038096,1.4618314,0.6000004,0.08864469,48,25,25.998962,28.124542
1209,1.4118682,1.4763371,0.6000004,0.09106227,47,25,26.023986,28.20513
1210,1.4118682,1.4763371,0.6000004,0.09106227,47,25,26.023986,28.124542
1212,1.4118682,1.4868132,0.6000004,0.091868132,47,25,26.324128,27.963372
1213,1.4118682,1.4868132,0.6000004,0.09106227,47,25,26.573638,27.963372
1214,1.4062271,1.4868132,0.6000004,0.091868132,47,25,26.598572,27.963372
1215,1.4062271,1.5263003,0.6000004,0.091868132,47,25,26.598572,27.641026
1217,1.423956,1.5263003,0.6000004,0.091868132,47,25,26.6484068,27.56044
1218,1.423956,1.5246887,0.6000004,0.091868132,47,25,26.772918,27.56044
1219,1.423956,1.5263003,0.6000004,0.091868132,47,25,26.7978216,27.56044
1221,1.423956,1.5246887,0.6000004,0.091868132,47,25,26.6484068,27.56044
1222,1.3562638,1.5246887,0.6000004,0.091868132,47,25,26.6484068,27.56044
1223,1.3498168,1.5246887,0.6000004,0.091868132,47,25,26.34906,27.641026
1224,1.3498168,1.5230769,0.6000004,0.091868132,47,25,26.299134,27.641026
1226,1.3498168,1.5230769,0.6000004,0.091868132,47,25,26.299134,27.641026
1227,1.3498168,1.5230769,0.6000004,0.092673992,47,25,26.199158,27.8022
1228,1.3401466,1.5230769,0.6000004,0.092673992,47,25,26.299134,28.124542
1230,1.3345054,1.5496703,0.6000004,0.092673992,47,25,26.249146,28.688642
1231,1.3345054,1.5496703,0.6000004,0.09347985,47,25,26.374054,28.3663
1232,1.3345054,1.5496703,0.6000004,0.09347985,47,25,26.374054,28.3663
1233,1.3699634,1.5947984,0.6000004,0.09347985,46,25,26.623474,28.285714
1235,1.3699634,1.5947984,0.6000004,0.092673992,46,25,26.623474,28.285714
1236,1.3925275,1.5947984,0.6000004,0.091868132,46,25,26.698242,28.285714
1237,1.3925275,1.5947984,0.6000004,0.09106227,46,25,26.698242,28.285714
1239,1.3699634,1.5359707,0.6000004,0.089450548,46,25,26.623474,27.882782
1240,1.3385347,1.5013187,0.6000004,0.089450548,46,26,26.27417,27.882782
1241,1.3691574,1.5013187,0.6000004,0.089450548,46,26,26.448944,28.124542
1243,1.3691574,1.5013187,0.6000004,0.09106227,46,26,26.448944,28.124542
1244,1.3691574,1.5013187,0.6000004,0.095091576,46,26,26.448944,28.124542
1245,1.3981684,1.5013187,0.6000004,0.09589743,46,26,26.623474,28.20513
1246,1.4038096,1.545641,0.6000004,0.09589743,46,26,26.6484068,28.446886
1248,1.4038096,1.545641,0.6000004,0.095091576,46,26,26.822692,28.446886
1249,1.3981684,1.545641,0.6000004,0.095091576,46,26,26.822692,28.446886
1250,1.3981684,1.6447618,0.6000004,0.092673992,46,26,27.0961,28.60806
1252,1.3675458,1.6447618,0.6000004,0.091868132,46,26,26.847564,28.60806
1253,1.3570695,1.6447618,0.6000004,0.091868132,46,26,26.822692,28.124542
1254,1.3627106,1.6447618,0.6000004,0.08864469,45,26,26.6484068,28.60806
1255,1.3675458,1.5045421,0.6000004,0.08864469,45,26,26.847564,28.60806
1257,1.3627106,1.5045421,0.6000004,0.08703297,45,26,26.598572,28.124542
1258,1.3627106,1.5045421,0.6000004,0.086227108,45,26,26.42398,28.124542
1259,1.365934,1.5045421,0.6000004,0.08703297,45,26,26.548706,28.688642
1261,1.3901099,1.4779487,0.6000004,0.08864469,45,26,26.598572,28.688642
1262,1.365934,1.5682051,0.6000004,0.08864469,45,26,26.598572,28.3663
1263,1.3901099,1.5682051,0.6000004,0.08864469,45,26,26.598572,28.3663
1264,1.4062271,1.5682051,0.6000004,0.08864469,45,26,26.897308,28.849818
1266,1.4062271,1.5682051,0.6000004,0.08864469,45,26,27.046418,28.3663
1267,1.4062271,1.6358974,0.6000004,0.08864469,45,26,27.046418,28.3663
1268,1.4062271,1.6358974,0.6000004,0.08864469,45,26,27.170562,28.3663
1270,1.3627106,1.6358974,0.6000004,0.08864469,45,26,27.170562,28.527472
1271,1.3627106,1.6358974,0.6000004,0.08864469,45,26,27.046418,28.527472
1272,1.3747985,1.6181685,0.6000004,0.089450548,45,26,27.170562,28.527472
1273,1.3747985,1.6181685,0.6000004,0.089450548,45,26,27.294586,28.527472
1275,1.3747985,1.6181685,0.6000004,0.089450548,44,26,27.294586,28.527472
1276,1.3860806,1.4916483,0.6000004,0.091868132,44,26,27.294586,29.172162
1277,1.3860806,1.4916483,0.6000004,0.089450548,44,26,27.294586,28.527472
1279,1.349011,1.4916483,0.6000004,0.089450548,44,26,27.220184,28.446886
1280,1.349011,1.4916483,0.6000004,0.091868132,44,26,27.046418,28.527472
1281,1.3578755,1.5923809,0.6000004,0.091868132,44,26,26.996734,28.527472
1283,1.3578755,1.5923809,0.6000004,0.091868132,44,26,27.046418,28.527472
1284,1.3578755,1.5923809,0.6000004,0.092673992,44,26,27.046418,28.769232
1285,1.3764102,1.6221978,0.6000004,0.092673992,44,26,27.319396,28.769232
1286,1.3764102,1.6221978,0.6000004,0.09106227,44,26,27.319396,28.769232
1288,1.3764102,1.528718,0.6000004,0.092673992,44,27,27.368958,28.769232
1289,1.3764102,1.6221978,0.6000004,0.09106227,44,27,27.368958,28.769232
1290,1.3764102,1.528718,0.6000004,0.09106227,44,27,27.319396,28.769232
1292,1.3973626,1.528718,0.6000004,0.09750915,44,27,27.368958,28.769232
1293,1.407033,1.5883516,0.6000004,0.09750915,44,27,27.542328,28.930402
1294,1.3973626,1.5883516,0.6000004,0.09428572,44,27,27.542328,28.769232
1295,1.3683516,1.5883516,0.6000004,0.09428572,44,27,27.542328,28.769232
1297,1.407033,1.5883516,0.6000004,0.09428572,44,27,27.542328,28.849818
1298,1.3683516,1.4578022,0.6000004,0.09428572,44,27,27.418518,28.849818
1299,1.3683516,1.4578022,0.6000004,0.095091576,43,27,27.418518,28.849818
1301,1.3917216,1.4578022,0.6000004,0.09589743,43,27,27.468018,28.930402
1302,1.3917216,1.4578022,0.6000004,0.09992673,43,27,27.468018,29.736264
1303,1.3917216,1.4900366,0.6000004,0.09992673,43,27,27.591796,29.736264
1304,1.4046154,1.4900366,0.6000004,0.09589743,43,27,27.641266,29.736264
1306,1.4046154,1.4900366,0.6000004,0.091868132,43,27,27.913086,29.736264
1307,1.4134798,1.5706227,0.6000004,0.090256416,43,27,27.913086,29.172162
1308,1.4142857,1.5706227,0.6000004,0.090256416,43,27,27.913086,29.172162
1310,1.4142857,1.5706227,0.6000004,0.090256416,43,27,28.0364984,29.172162
1311,1.4142857,1.5706227,0.6000004,0.090256416,43,27,27.814332,29.172162
1312,1.4094505,1.4537728,0.6000004,0.090256416,43,27,27.443268,29.091574
1313,1.4094505,1.4537728,0.6000004,0.090256416,43,27,27.814332,29.091574
1315,1.4094505,1.4537728,0.6000004,0.090256416,43,27,27.616546,29.091574
1316,1.4094505,1.4537728,0.6000004,0.091868132,43,27,27.616546,29.091574
1317,1.4207326,1.4537728,0.6000004,0.091868132,43,27,27.83902,29.897434
1319,1.4215384,1.4328204,0.6000004,0.091868132,43,27,27.937806,29.897434
1320,1.4215384,1.4328204,0.6000004,0.091868132,43,27,27.937806,29.897434
1321,1.4207326,1.4328204,0.6000004,0.090256416,43,27,27.937806,29.413922
1322,1.3570695,1.4328204,0.6000004,0.08864469,42,27,27.690734,29.333332
1324,1.3570695,1.4626373,0.6000004,0.08703297,42,27,27.468018,29.252746
1325,1.3570695,1.4626373,0.6000004,0.08703297,42,27,27.468018,29.252746
1326,1.3868864,1.4626373,0.6000004,0.08783882,42,27,27.468018,29.413922
1328,1.3868864,1.6060805,0.6000004,0.08703297,42,27,27.393738,29.413922
1329,1.3868864,1.6060805,0.6000004,0.08783882,42,27,27.393738,29.413922
1330,1.4038096,1.6060805,0.6000004,0.08783882,42,27,27.690734,29.978024
1332,1.3917216,1.6060805,0.6000004,0.08783882,42,27,27.393738,29.4945032
1333,1.3917216,1.585934,0.6000004,0.086227108,42,27,27.393738,29.4945032
1334,1.4038096,1.585934,0.6000004,0.086227108,42,27,27.393738,29.4945032
1335,1.4046154,1.585934,0.6000004,0.08542124,42,27,27.690734,30.300366
1337,1.4046154,1.585934,0.6000004,0.08542124,42,27,27.616546,29.4945032
1338,1.4046154,1.585934,0.6000004,0.08542124,42,27,27.616546,29.413922
1339,1.4142857,1.4771428,0.6000004,0.08542124,42,27,27.666016,29.413922
1341,1.3941392,1.4771428,0.6000004,0.08542124,42,27,27.666016,29.4945032
1342,1.3764102,1.4771428,0.6000004,0.086227108,42,27,27.616546,29.4945032
1343,1.3941392,1.4771428,0.6000004,0.09106227,41,27,27.666016,29.4945032
1344,1.3981684,1.4980952,0.6000004,0.09106227,41,28,27.666016,30.300366
1346,1.3981684,1.4980952,0.6000004,0.08783882,41,28,27.740204,30.380952
1347,1.4030036,1.4980952,0.6000004,0.08783882,41,28,27.740204,30.380952
1348,1.4030036,1.4980952,0.6000004,0.08783882,41,28,27.740204,30.380952
1350,1.4030036,1.5738461,0.6000004,0.086227108,41,28,27.86374,30.300366
1351,1.3683516,1.314359,0.6000004,0.0821978,41,28,27.86374,29.736264
1352,1.365934,1.5303296,0.6000004,0.0821978,41,28,27.789612,29.736264
1353,1.365934,1.5303296,0.6000004,0.08461539,41,28,27.789612,29.736264
1355,1.3683516,1.5303296,0.6000004,0.08461539,41,28,27.987152,29.736264
1356,1.3731867,1.5303296,0.6000004,0.086227108,41,28,27.789612,29.736264
1357,1.3731867,1.5762637,0.6000004,0.086227108,41,28,27.690734,29.736264
1359,1.3731867,1.5762637,0.6000004,0.086227108,41,28,27.690734,30.622714
1360,1.3731867,1.5762637,0.6000004,0.089450548,41,28,27.690734,30.622714
1361,1.3731867,1.5762637,0.6000004,0.089450548,41,28,27.690734,29.978024
1362,1.3715751,1.4924543,0.6000004,0.08783882,41,28,27.418518,29.978024
1364,1.3715751,1.4924543,0.6000004,0.089450548,41,28,27.740204,29.978024
1365,1.4013919,1.4924543,0.6000004,0.089450548,41,28,27.740204,29.978024
1366,1.3957509,1.4223443,0.6000004,0.089450548,41,28,27.740204,29.978024
1368,1.3643223,1.4223443,0.6000004,0.089450548,41,28,27.740204,29.978024
1369,1.3957509,1.4223443,0.6000004,0.089450548,41,28,27.740204,30.139194
1370,1.3957509,1.4223443,0.6000004,0.089450548,41,28,27.740204,30.139194
1371,1.3957509,1.4223443,0.6000004,0.089450548,41,28,28.184448,30.461538
1373,1.412674,1.4392674,0.6000004,0.08703297,41,28,28.233734,30.461538
1374,1.412674,1.4392674,0.6000004,0.08703297,41,28,28.233734,30.380952
1375,1.3796337,1.4392674,0.6000004,0.08703297,41,28,27.913086,29.816852
1377,1.4134798,1.4392674,0.6000004,0.08703297,40,28,27.913086,30.380952
1378,1.4102564,1.5440292,0.6000004,0.08703297,40,28,27.913086,30.380952
1379,1.4062271,1.5440292,0.6000004,0.08703297,40,28,27.913086,30.219782
1381,1.4102564,1.5440292,0.6000004,0.08703297,40,28,27.690734,30.219782
1382,1.4102564,1.5440292,0.6000004,0.08703297,40,28,27.690734,30.380952
1383,1.4062271,1.4779487,0.6000004,0.08703297,40,28,27.740204,30.219782
1384,1.3965567,1.4779487,0.6000004,0.08703297,40,28,27.740204,30.05861
1386,1.3965567,1.5383882,0.6000004,0.08703297,40,28,27.740204,30.05861
1387,1.3965567,1.4779487,0.6000004,0.08703297,40,28,27.740204,30.945054
1388,1.3965567,1.5383882,0.6000004,0.08703297,40,28,27.789612,30.542124
1390,1.3965567,1.5383882,0.6000004,0.08542124,40,28,27.789612,30.542124
1391,1.4102564,1.5383882,0.6000004,0.08542124,40,28,28.0364984,30.542124
1392,1.4046154,1.522271,0.6000004,0.08542124,40,28,28.307648,30.461538
1393,1.3933333,1.522271,0.6000004,0.08542124,40,28,28.307648,30.461538
1395,1.3868864,1.522271,0.6000004,0.08783882,40,28,27.913086,29.978024
1396,1.4046154,1.522271,0.6000004,0.08864469,40,28,28.28299,30.461538
1397,1.4046154,1.4013919,0.6000004,0.08864469,40,28,28.28299,30.461538
1399,1.3868864,1.4013919,0.6000004,0.08864469,40,28,27.913086,29.978024
1400,1.3868864,1.4271794,0.6000004,0.08864469,40,28,28.28299,29.978024
1401,1.3812454,1.4013919,0.6000004,0.08864469,40,28,28.28299,30.461538
1402,1.3522344,1.4271794,0.6000004,0.08783882,40,28,28.061158,29.816852
1404,1.3522344,1.4610256,0.6000004,0.086227108,40,28,27.715454,29.816852
1405,1.3530402,1.4610256,0.6000004,0.086227108,40,28,27.715454,30.300366
1406,1.3530402,1.4690843,0.6000004,0.086227108,39,28,27.641266,30.380952
1408,1.3465934,1.4690843,0.6000004,0.086227108,40,28,27.641266,30.300366
1409,1.3530402,1.4690843,0.6000004,0.086227108,39,28,27.641266,30.380952
1410,1.3530402,1.4690843,0.6000004,0.086227108,39,28,27.591796,30.542124
1411,1.3441758,1.3449817,0.6000004,0.086227108,39,28,27.591796,30.380952
1413,1.3441758,1.3449817,0.6000004,0.086227108,39,28,27.789612,30.542124
1414,1.3562638,1.3449817,0.6000004,0.086227108,39,28,27.517578,30.542124
1415,1.34337,1.3449817,0.6000004,0.086227108,39,28,27.517578,30.542124
1417,1.34337,1.4344323,0.6000004,0.08300366,39,28,27.517578,30.300366
1418,1.3562638,1.4344323,0.6000004,0.08300366,39,28,27.269776,30.542124
1419,1.3764102,1.4344323,0.6000004,0.086227108,39,28,27.220184,30.300366
1421,1.3764102,1.4344323,0.6000004,0.08300366,39,28,27.269776,29.655678
1422,1.3764102,1.4231502,0.6000004,0.08783882,39,28,27.269776,30.300366
1423,1.3764102,1.4231502,0.6000004,0.08783882,39,28,27.269776,30.461538
1424,1.3691574,1.4231502,0.6000004,0.08380952,39,28,27.368958,29.655678
1426,1.3683516,1.4231502,0.6000004,0.08380952,39,28,27.368958,29.655678
1427,1.3683516,1.4150915,0.6000004,0.08380952,39,28,27.368958,30.139194
1428,1.3868864,1.4150915,0.6000004,0.08380952,39,28,27.393738,29.655678
1430,1.3868864,1.4150915,0.6000004,0.08380952,39,28,27.368958,29.333332
1431,1.4054211,1.4150915,0.6000004,0.08461539,39,28,27.517578,29.413922
1432,1.4142857,1.3530402,0.6000004,0.08461539,39,28,27.567048,29.413922
1433,1.4054211,1.3530402,0.6000004,0.08461539,39,28,27.517578,29.413922
1435,1.4142857,1.3530402,0.6000004,0.08542124,39,28,27.244996,29.4945032
1436,1.4142857,1.3530402,0.6000004,0.08542124,39,28,27.517578,29.4945032
1437,1.378022,1.4441026,0.6000004,0.08542124,39,28,27.244996,29.4945032
1439,1.378022,1.4441026,0.6000004,0.086227108,39,28,27.244996,29.4945032
1440,1.378022,1.4441026,0.6000004,0.08542124,39,28,27.244996,29.413922
1441,1.378022,1.4441026,0.6000004,0.08461539,39,28,27.071258,29.333332
1442,1.3522344,1.4175091,0.6000004,0.08461539,39,28,26.996734,29.333332
1444,1.3844688,1.4175091,0.6000004,0.08461539,39,28,26.996734,29.333332
1445,1.3844688,1.4175091,0.6000004,0.08461539,39,28,26.996734,29.333332
1446,1.4110622,1.4175091,0.6000004,0.086227108,39,28,26.996734,29.736264
1448,1.3844688,1.4682784,0.6000004,0.086227108,39,28,27.0961,29.816852
1449,1.3844688,1.4682784,0.6000004,0.08703297,39,28,27.0961,29.816852
1450,1.4078388,1.4682784,0.6000004,0.08703297,39,28,27.0961,29.816852
1451,1.4078388,1.4682784,0.6000004,0.086227108,39,28,27.046418,29.816852
1453,1.365934,1.4255678,0.6000004,0.08058608,39,28,26.598572,29.655678
1454,1.4062271,1.4255678,0.6000004,0.08139194,39,28,26.598572,29.655678
1455,1.4062271,1.4255678,0.6000004,0.08058608,39,28,26.598572,29.655678
1457,1.383663,1.3240293,0.6000004,0.08058608,39,28,26.573638,29.252746
1458,1.383663,1.3240293,0.6000004,0.08139194,39,28,26.249146,29.252746
1459,1.383663,1.3240293,0.6000004,0.086227108,39,28,26.249146,29.172162
1460,1.378022,1.3240293,0.6000004,0.086227108,39,28,26.249146,29.172162
1462,1.378022,1.3610989,0.6000004,0.086227108,39,28,26.249146,29.736264
1463,1.4046154,1.3610989,0.6000004,0.086227108,39,28,26.27417,29.736264
1464,1.378022,1.3610989,0.6000004,0.0821978,39,28,26.27417,29.4945032
1466,1.4046154,1.4465201,0.6000004,0.0821978,39,28,26.27417,29.736264
1467,1.4086447,1.4465201,0.6000004,0.0821978,39,28,26.473908,29.4945032
1468,1.4046154,1.4465201,0.6000004,0.0821978,39,28,26.049042,29.4945032
1469,1.3796337,1.4465201,0.6000004,0.08461539,39,28,26.023986,28.930402
1471,1.4021978,1.4263736,0.6000004,0.08542124,39,28,26.023986,29.4945032
1472,1.3917216,1.4263736,0.6000004,0.08542124,39,28,26.049042,29.172162
1473,1.3796337,1.4263736,0.6000004,0.08703297,39,28,26.023986,28.930402
1475,1.3860806,1.3457875,0.6000004,0.08703297,39,28,25.973908,29.172162
1476,1.3917216,1.3457875,0.6000004,0.08703297,39,28,26.023986,29.172162
1477,1.3860806,1.3457875,0.6000004,0.08461539,39,28,25.973908,28.849818
1479,1.3860806,1.3457875,0.6000004,0.08461539,39,28,25.973908,28.527472
1480,1.4118682,1.2853479,0.6000004,0.08461539,39,28,25.973908,28.849818
1481,1.4118682,1.2853479,0.6000004,0.08461539,39,28,25.973908,28.688642
1482,1.3957509,1.2853479,0.6000004,0.08703297,40,28,25.873688,28.527472
1484,1.3957509,1.2853479,0.6000004,0.08864469,40,28,25.496978,28.688642
1485,1.3957509,1.2853479,0.6000004,0.089450548,40,28,25.496978,28.688642
1486,1.3747985,1.314359,0.6000004,0.089450548,40,28,25.371154,28.527472
1488,1.3747985,1.314359,0.6000004,0.089450548,40,28,25.371154,28.527472
1489,1.3562638,1.314359,0.6000004,0.090256416,40,27,25.798432,28.527472
1490,1.3506226,1.3997803,0.6000004,0.090256416,40,27,25.798432,28.527472
1491,1.3465934,1.3997803,0.6000004,0.08783882,40,27,25.245178,28.124542
1493,1.3506226,1.3997803,0.6000004,0.08783882,40,27,25.446686,29.01099
1494,1.3506226,1.3997803,0.6000004,0.08703297,40,27,25.396332,27.963372
1495,1.3973626,1.3216118,0.6000004,0.08703297,40,27,25.194732,27.963372
1497,1.3973626,1.3216118,0.6000004,0.08542124,40,27,24.967498,27.882782
1498,1.412674,1.3216118,0.6000004,0.08542124,40,27,25.194732,27.882782
1499,1.412674,1.3216118,0.6000004,0.0821978,40,27,25.0685732,27.882782
1500,1.3635164,1.378022,0.6000004,0.0821978,40,27,24.891662,27.882782
1502,1.3635164,1.378022,0.6000004,0.0821978,40,27,25.0685732,27.882782
1503,1.3756044,1.378022,0.6000004,0.08058608,40,27,25.0685732,27.721611
1504,1.3530402,1.378022,0.6000004,0.08058608,40,27,24.891662,27.721611
1506,1.3530402,1.2466667,0.6000004,0.08300366,40,27,24.815734,27.721611
1507,1.3756044,1.2466667,0.6000004,0.08300366,40,27,24.891662,27.721611
1508,1.3675458,1.2466667,0.6000004,0.08300366,40,27,24.815734,27.56044
1509,1.3675458,1.2466667,0.6000004,0.08461539,40,27,24.511596,27.721611
1511,1.3715751,1.2756777,0.6000004,0.086227108,41,27,24.815734,27.56044
1512,1.4199268,1.2756777,0.6000004,0.086227108,41,27,24.613068,27.479852
1513,1.394945,1.267619,0.6000004,0.090256416,41,27,24.613068,27.39927
1515,1.394945,1.2756777,0.6000004,0.090256416,41,27,24.613068,27.318682
1516,1.394945,1.267619,0.6000004,0.090256416,41,27,24.638428,27.318682
1517,1.394945,1.267619,0.6000004,0.090256416,41,27,24.613068,27.39927
1519,1.3707692,1.267619,0.6000004,0.090256416,41,27,24.486206,27.39927
1520,1.3514286,1.3691574,0.6000004,0.08783882,41,27,24.486206,27.318682
1521,1.3514286,1.2249085,0.6000004,0.08783882,41,27,24.765136,27.8022
1522,1.3514286,1.2643955,0.6000004,0.08783882,41,27,24.765136,27.721611
1524,1.3473992,1.2643955,0.6000004,0.08783882,41,27,24.765136,27.238096
1525,1.3482051,1.2643955,0.6000004,0.08380952,41,26,24.765136,27.076922
1526,1.4102564,1.2643955,0.6000004,0.08380952,41,26,24.841064,27.076922
1528,1.3482051,1.2668132,0.6000004,0.08380952,41,26,24.613068,26.8351652
1529,1.3482051,1.2668132,0.6000004,0.08300366,41,26,24.486206,26.67399
1530,1.3506226,1.2668132,0.6000004,0.08139194,41,26,24.486206,26.67399
1531,1.3522344,1.3925275,0.6000004,0.08058608,41,26,24.384582,26.67399
1533,1.3506226,1.3925275,0.6000004,0.0781685,41,26,24.33371,26.67399
1534,1.3522344,1.3925275,0.6000004,0.0781685,42,26,24.079102,26.67399
1535,1.3554579,1.3925275,0.6000004,0.07978021,42,26,24.079102,26.91575
1537,1.3627106,1.2579486,0.6000004,0.07897436,42,26,24.130096,26.51282
1538,1.3973626,1.2579486,0.6000004,0.07978021,42,26,24.079102,26.51282
1539,1.4150915,1.3280586,0.6000004,0.07978021,42,26,24.079102,26.91575
1540,1.4150915,1.2579486,0.6000004,0.08058608,42,26,24.028106,26.51282
1542,1.4038096,1.3280586,0.6000004,0.08058608,42,26,24.028106,26.351648
1543,1.4038096,1.3409523,0.6000004,0.08058608,42,26,24.002594,26.432234
1544,1.4013919,1.3280586,0.6000004,0.08139194,42,26,24.028106,26.432234
1546,1.3643223,1.3409523,0.6000004,0.08139194,42,26,23.721528,26.27106
1547,1.3643223,1.3409523,0.6000004,0.08139194,42,26,23.721528,26.432234
1548,1.3643223,1.2241025,0.6000004,0.08139194,42,26,23.695922,26.432234
1549,1.4013919,1.2241025,0.6000004,0.07978021,42,26,23.7471,26.593408
1551,1.3586813,1.2241025,0.6000004,0.07897436,43,26,23.7471,26.593408
1552,1.3586813,1.2241025,0.6000004,0.07978021,43,26,23.7471,26.593408
1553,1.3586813,1.2241025,0.6000004,0.07978021,43,26,23.7471,26.67399
1555,1.3530402,1.2652014,0.6000004,0.08300366,43,26,23.7471,26.67399
1556,1.3530402,1.2652014,0.6000004,0.08300366,43,26,23.67035,26.029304
1557,1.4030036,1.2652014,0.6000004,0.08300366,43,26,23.67035,26.029304
1559,1.4030036,1.2410257,0.6000004,0.08461539,43,26,23.67035,25.787548
1560,1.3530402,1.2652014,0.6000004,0.08461539,43,25,23.542236,25.787548
1561,1.3804395,1.2410257,0.6000004,0.08542124,43,25,23.542236,26.27106
1562,1.3522344,1.2410257,0.6000004,0.086227108,43,25,23.542236,26.27106
1564,1.3449817,1.2458608,0.6000004,0.086227108,43,25,23.36258,26.27106
1565,1.3522344,1.2458608,0.6000004,0.090256416,43,25,23.36258,26.27106
1566,1.3667399,1.2458608,0.6000004,0.090256416,43,25,23.36258,26.27106
1568,1.3522344,1.2547253,0.6000004,0.090256416,44,25,23.336884,26.432234
1569,1.3667399,1.2547253,0.6000004,0.090256416,44,25,23.336884,26.432234
1570,1.3812454,1.2547253,0.6000004,0.089450548,44,25,23.490936,26.190478
1571,1.3667399,1.2547253,0.6000004,0.089450548,44,25,23.336884,26.029304
1573,1.3804395,1.2289378,0.6000004,0.09106227,44,25,23.490936,26.190478
1574,1.3804395,1.2289378,0.6000004,0.09106227,44,25,23.490936,26.190478
1575,1.3627106,1.2289378,0.6000004,0.09106227,44,25,23.542236,26.10989
1577,1.3465934,1.2289378,0.6000004,0.091868132,44,25,23.131104,26.190478
1578,1.3627106,1.3304762,0.6000004,0.09106227,44,25,23.772674,26.190478
1579,1.3627106,1.3304762,0.6000004,0.09347985,44,25,23.07956,26.10989
1580,1.3941392,1.3304762,0.6000004,0.092673992,44,25,23.2083132,26.10989
1582,1.3941392,1.3304762,0.6000004,0.092673992,44,25,22.950654,25.545788
1583,1.3973626,1.325641,0.6000004,0.089450548,45,25,22.924836,25.545788
1584,1.3973626,1.325641,0.6000004,0.089450548,44,25,22.924836,25.30403
1586,1.360293,1.325641,0.6000004,0.08864469,45,25,22.924836,25.30403
1587,1.360293,1.302271,0.6000004,0.08864469,45,25,22.847382,25.30403
1588,1.3973626,1.302271,0.6000004,0.08783882,45,25,22.924836,25.787548
1589,1.3643223,1.302271,0.6000004,0.08783882,45,25,22.795684,25.30403
1591,1.3643223,1.2877655,0.6000004,0.08783882,45,25,22.458954,25.787548
1592,1.3973626,1.2877655,0.6000004,0.08783882,45,25,22.795684,25.787548
1593,1.3643223,1.2877655,0.6000004,0.08783882,45,25,22.795684,25.787548
1595,1.3643223,1.2877655,0.6000004,0.08783882,45,25,22.795684,25.626374
1596,1.3586813,1.303077,0.6000004,0.086227108,45,24,22.924836,25.626374
1597,1.3498168,1.303077,0.6000004,0.08380952,45,24,22.924836,25.06227
1598,1.3498168,1.303077,0.6000004,0.08380952,45,24,22.588624,25.06227
1600,1.3619047,1.303077,0.6000004,0.08300366,45,24,22.924836,25.06227
1601,1.3619047,1.2934066,0.6000004,0.08300366,45,24,22.795684,24.820512
1602,1.3619047,1.2934066,0.6000004,0.08300366,46,24,22.6922,24.981686
1604,1.3804395,1.2934066,0.6000004,0.08300366,46,24,22.795684,24.981686
1605,1.3804395,1.1830037,0.6000004,0.08300366,46,24,22.795684,24.981686
1606,1.3731867,1.1830037,0.6000004,0.08300366,46,24,22.795684,24.981686
1608,1.3731867,1.1830037,0.6000004,0.08300366,46,24,22.795684,25.4652
1609,1.3828571,1.1830037,0.6000004,0.08300366,46,24,22.821534,25.4652
1610,1.3828571,1.2845421,0.6000004,0.08300366,46,24,22.795684,24.820512
1611,1.3828571,1.2845421,0.6000004,0.08542124,46,24,22.821534,25.626374
1613,1.3828571,1.2845421,0.6000004,0.08542124,46,24,22.795684,24.820512
1614,1.3828571,1.2845421,0.6000004,0.08542124,46,24,22.899018,24.739926
1615,1.3465934,1.2071794,0.6000004,0.08542124,46,24,22.6145632,24.739926
1617,1.3465934,1.2071794,0.6000004,0.08542124,46,24,23.002228,24.820512
1618,1.3506226,1.2071794,0.6000004,0.08380952,47,24,22.6145632,24.739926
1619,1.3917216,1.2071794,0.6000004,0.08380952,47,24,22.562714,24.739926
1620,1.3917216,1.365934,0.6000004,0.08380952,47,24,22.562714,25.142858
1622,1.3957509,1.365934,0.6000004,0.08461539,47,24,22.97644,25.142858
1623,1.4086447,1.2176556,0.6000004,0.086227108,47,24,22.97644,24.65934
1624,1.4086447,1.365934,0.6000004,0.08864469,47,24,22.97644,25.142858
1626,1.4118682,1.2176556,0.6000004,0.08864469,47,24,22.97644,25.142858
1627,1.4086447,1.2176556,0.6000004,0.08864469,47,24,22.821534,24.65934
1628,1.3941392,1.2176556,0.6000004,0.08864469,47,24,22.795684,25.384616
1629,1.3739927,1.2571429,0.6000004,0.08864469,47,24,22.640442,25.384616
1631,1.3739927,1.2571429,0.6000004,0.08864469,47,24,22.640442,24.417584
1632,1.3739927,1.2571429,0.6000004,0.08864469,47,24,22.640442,24.175826
1633,1.3941392,1.2571429,0.6000004,0.089450548,47,24,22.6145632,24.175826
1635,1.3860806,1.3216118,0.6000004,0.089450548,47,24,22.6145632,24.175826
1636,1.3860806,1.3216118,0.6000004,0.089450548,47,24,22.562714,24.175826
1637,1.3860806,1.3216118,0.6000004,0.089450548,47,24,22.562714,24.175826
1638,1.3860806,1.3216118,0.6000004,0.089450548,47,24,22.433014,24.336996
1640,1.3699634,1.3119414,0.6000004,0.08864469,47,24,22.433014,24.65934
1641,1.3441758,1.3119414,0.6000004,0.08783882,47,24,22.407044,24.336996
1642,1.3441758,1.3119414,0.6000004,0.08783882,47,24,22.303132,24.65934
1644,1.3425641,1.2998534,0.6000004,0.08864469,48,24,22.303132,24.65934
1645,1.3425641,1.2998534,0.6000004,0.091868132,48,23,22.251098,24.65934
1646,1.3562638,1.2998534,0.6000004,0.091868132,48,23,22.251098,24.175826
1648,1.3562638,1.2168498,0.6000004,0.091868132,48,23,22.303132,24.09524
1649,1.3562638,1.2168498,0.6000004,0.08703297,48,23,22.251098,24.09524
1650,1.3756044,1.2055677,0.6000004,0.086227108,48,23,22.3810732,24.981686
1651,1.3756044,1.2055677,0.6000004,0.08542124,48,23,22.3810732,24.09524
1653,1.3482051,1.2265202,0.6000004,0.08542124,48,23,22.146972,24.09524
1654,1.3482051,1.2305494,0.6000004,0.08542124,48,23,22.146972,24.175826
1655,1.3482051,1.2265202,0.6000004,0.08542124,48,23,22.173004,24.175826
1657,1.3482051,1.2305494,0.6000004,0.08542124,48,23,22.173004,24.175826
1658,1.349011,1.3183882,0.6000004,0.08542124,48,23,22.433014,24.175826
1659,1.3756044,1.2305494,0.6000004,0.086227108,48,23,22.433014,24.175826
1660,1.378022,1.3183882,0.6000004,0.086227108,48,23,22.458954,24.417584
1662,1.378022,1.3183882,0.6000004,0.086227108,48,23,22.6145632,24.417584
1663,1.378022,1.3175824,0.6000004,0.08864469,49,23,22.458954,24.578754
1664,1.4021978,1.3175824,0.6000004,0.08864469,49,23,22.6922,24.578754
1666,1.4021978,1.3175824,0.6000004,0.08461539,49,23,22.718078,24.578754
1667,1.3812454,1.2418314,0.6000004,0.08461539,49,23,22.6922,24.498168
1668,1.3731867,1.2418314,0.6000004,0.086227108,49,23,22.458954,24.09524
1669,1.3747985,1.2128205,0.6000004,0.086227108,49,23,22.329102,24.014652
1671,1.365934,1.209597,0.6000004,0.08703297,49,23,22.329102,23.934064
1672,1.360293,1.2128205,0.6000004,0.08703297,49,23,22.199066,23.85348
1673,1.365934,1.209597,0.6000004,0.08703297,49,23,22.329102,23.85348
1675,1.365934,1.203956,0.6000004,0.08783882,49,23,22.484924,24.014652
1676,1.365934,1.203956,0.6000004,0.08783882,49,23,22.484924,24.417584
1677,1.3812454,1.203956,0.6000004,0.08783882,49,23,22.640442,24.417584
1678,1.3812454,1.203956,0.6000004,0.08703297,49,23,22.640442,24.417584
1680,1.3812454,1.2531135,0.6000004,0.086227108,49,23,22.66632,24.417584
1681,1.3812454,1.2531135,0.6000004,0.08300366,49,23,22.27713,24.09524
1682,1.4021978,1.2531135,0.6000004,0.08139194,49,23,22.27713,23.85348
1684,1.4021978,1.2643955,0.6000004,0.08139194,49,23,22.146972,23.85348
1685,1.4021978,1.2643955,0.6000004,0.08139194,49,23,22.27713,23.692308
1686,1.4021978,1.2015384,0.6000004,0.0821978,49,23,22.27713,23.692308
1687,1.4021978,1.245055,0.6000004,0.0821978,49,23,22.303132,23.692308
1689,1.3731867,1.245055,0.6000004,0.0821978,49,23,22.303132,23.692308
1690,1.3731867,1.245055,0.6000004,0.0821978,49,23,22.303132,23.692308
1691,1.3893039,1.245055,0.6000004,0.0821978,49,23,22.303132,23.692308
1693,1.3893039,1.2950183,0.6000004,0.0821978,50,23,22.303132,23.692308
1694,1.3893039,1.2950183,0.6000004,0.08380952,50,23,22.251098,23.692308
1695,1.3957509,1.2531135,0.6000004,0.08542124,49,23,22.329102,24.578754
1696,1.3957509,1.2531135,0.6000004,0.08542124,50,23,22.3810732,24.578754
1698,1.3393407,1.2531135,0.6000004,0.0821978,50,23,22.329102,24.578754
1699,1.3385347,1.2531135,0.6000004,0.0821978,50,23,22.173004,23.6117216
1700,1.3385347,1.337729,0.6000004,0.0821978,50,23,22.329102,24.09524
1702,1.3385347,1.337729,0.6000004,0.0821978,50,23,22.3810732,24.014652
1703,1.3554579,1.337729,0.6000004,0.0821978,50,23,22.225098,24.014652
1704,1.3554579,1.3772161,0.6000004,0.08139194,50,23,22.225098,24.014652
1706,1.3699634,1.337729,0.6000004,0.08139194,50,23,22.225098,24.014652
1707,1.3554579,1.3772161,0.6000004,0.08139194,50,23,22.199066,24.014652
1708,1.3554579,1.3772161,0.6000004,0.08139194,50,23,22.199066,24.014652
1709,1.3393407,1.3643223,0.6000004,0.08139194,50,23,21.99054,24.014652
1711,1.3699634,1.3643223,0.6000004,0.08139194,50,23,22.199066,24.014652
1712,1.3610989,1.3643223,0.6000004,0.08380952,50,23,21.99054,24.014652
1713,1.3683516,1.2829304,0.6000004,0.08461539,50,23,22.27713,23.531136
1715,1.3683516,1.2829304,0.6000004,0.08461539,50,23,22.068786,23.531136
1716,1.3683516,1.2829304,0.6000004,0.08461539,50,23,22.068786,23.531136
1717,1.3683516,1.2716483,0.6000004,0.08461539,50,23,22.068786,23.531136
1718,1.3683516,1.2716483,0.6000004,0.08461539,50,23,22.068786,23.531136
1720,1.3868864,1.2716483,0.6000004,0.089450548,50,23,22.068786,23.531136
1721,1.3876923,1.2716483,0.6000004,0.091868132,50,22,21.99054,23.531136
1722,1.3876923,1.4569963,0.6000004,0.089450548,50,22,22.173004,23.45055
1724,1.3876923,1.4569963,0.6000004,0.086227108,50,22,22.173004,23.45055
1725,1.3876923,1.4569963,0.6000004,0.086227108,51,22,22.173004,24.25641
1726,1.3764102,1.4569963,0.6000004,0.08542124,51,22,22.173004,24.25641
1727,1.3731867,1.4320147,0.6000004,0.08542124,51,22,22.173004,23.369964
1729,1.3764102,1.4320147,0.6000004,0.08542124,51,22,22.329102,23.772894
1730,1.3764102,1.4481319,0.6000004,0.08300366,51,22,22.068786,23.772894
1731,1.3731867,1.4320147,0.6000004,0.08300366,51,22,22.146972,23.369964
1733,1.3893039,1.4481319,0.6000004,0.08300366,51,22,22.146972,23.772894
1734,1.3893039,1.4481319,0.6000004,0.08300366,51,22,22.146972,24.014652
1735,1.3554579,1.3159706,0.6000004,0.0821978,51,22,21.676758,24.014652
1736,1.3554579,1.3159706,0.6000004,0.0821978,51,22,22.146972,23.934064
1738,1.365934,1.3159706,0.6000004,0.0781685,51,22,21.676758,24.014652
1739,1.3554579,1.3159706,0.6000004,0.0781685,51,22,21.676758,23.934064
1740,1.365934,1.3216118,0.6000004,0.07575091,51,22,22.016632,23.208792
1742,1.365934,1.3216118,0.6000004,0.07575091,51,22,22.016632,23.934064
1743,1.3328937,1.3216118,0.6000004,0.0781685,51,22,21.807678,24.09524
1744,1.3208058,1.3216118,0.6000004,0.07978021,51,22,22.016632,23.047618
1746,1.3328937,1.3216118,0.6000004,0.07978021,51,22,22.016632,23.85348
1747,1.3328937,1.378022,0.6000004,0.0821978,51,22,22.146972,24.09524
1748,1.3627106,1.378022,0.6000004,0.08300366,51,22,22.146972,24.25641
1749,1.3627106,1.378022,0.6000004,0.08380952,51,22,22.146972,23.85348
1751,1.3699634,1.4989011,0.6000004,0.08380952,51,22,22.146972,24.09524
1752,1.3756044,1.4989011,0.6000004,0.08380952,51,22,22.146972,24.09524
1753,1.3756044,1.4989011,0.6000004,0.08300366,51,22,22.146972,24.014652
1755,1.336923,1.4989011,0.6000004,0.08300366,51,22,22.146972,23.208792
1756,1.394945,1.4175091,0.6000004,0.08300366,51,22,22.146972,24.014652
1757,1.3860806,1.4175091,0.6000004,0.08300366,51,22,22.355102,23.772894
1758,1.336923,1.4175091,0.6000004,0.0821978,51,22,22.225098,23.28938
1760,1.3393407,1.4175091,0.6000004,0.0821978,51,22,22.09488,23.28938
1761,1.3457875,1.4658607,0.6000004,0.0821978,51,22,22.09488,23.772894
1762,1.3457875,1.4658607,0.6000004,0.0821978,51,22,22.225098,23.692308
1764,1.3457875,1.4658607,0.6000004,0.0821978,51,22,22.225098,23.692308
1765,1.3852746,1.4779487,0.6000004,0.0821978,51,22,22.303132,23.692308
1766,1.3852746,1.4779487,0.6000004,0.08461539,52,22,22.303132,23.772894
1767,1.3941392,1.4779487,0.6000004,0.08461539,51,22,22.303132,23.772894
1769,1.3941392,1.4956776,0.6000004,0.08461539,51,22,21.938324,23.772894
1770,1.3941392,1.4956776,0.6000004,0.08380952,51,22,21.938324,23.772894
1771,1.3852746,1.4537728,0.6000004,0.08380952,52,22,21.938324,23.772894
1773,1.3852746,1.4956776,0.6000004,0.0821978,51,22,21.938324,23.772894
1774,1.3417582,1.4537728,0.6000004,0.07655678,51,22,21.9122,23.047618
1775,1.3417582,1.4537728,0.6000004,0.07655678,52,22,21.938324,23.047618
1776,1.3417582,1.4537728,0.6000004,0.07655678,52,22,21.938324,23.047618
1778,1.3473992,1.5416117,0.6000004,0.07655678,52,22,21.938324,23.6117216
1779,1.3473992,1.5416117,0.6000004,0.07575091,52,22,21.99054,23.6117216
1780,1.3594872,1.5416117,0.6000004,0.07978021,52,22,21.99054,23.772894
1782,1.4062271,1.5351648,0.6000004,0.07897436,52,22,21.99054,24.336996
1783,1.3876923,1.5416117,0.6000004,0.07897436,52,22,21.886108,24.014652
1784,1.3876923,1.5351648,0.6000004,0.07897436,52,22,21.886108,24.014652
1786,1.3876923,1.5351648,0.6000004,0.07897436,52,22,21.886108,24.014652
1787,1.3876923,1.6012454,0.6000004,0.077362632,52,22,22.12091,23.6117216
1788,1.3506226,1.6012454,0.6000004,0.077362632,52,22,22.12091,23.208792
1789,1.3506226,1.6012454,0.6000004,0.077362632,52,22,22.12091,23.208792
1791,1.3506226,1.6012454,0.6000004,0.08058608,52,22,22.12091,23.208792
1792,1.3860806,1.5754579,0.6000004,0.0821978,52,22,21.75534,23.531136
1793,1.3860806,1.5754579,0.6000004,0.0821978,52,22,21.75534,23.531136
1795,1.3981684,1.5754579,0.6000004,0.0821978,52,22,22.225098,23.934064
1796,1.3860806,1.5126008,0.6000004,0.0821978,52,22,22.225098,23.531136
1797,1.3401466,1.5126008,0.6000004,0.08139194,52,22,22.173004,23.531136
1798,1.3320879,1.5126008,0.6000004,0.08139194,52,22,22.173004,23.208792
1800,1.3320879,1.5126008,0.6000004,0.08139194,52,22,21.9644468,23.047618
1801,1.3320879,1.5553113,0.6000004,0.07897436,52,22,21.9122,23.047618
1802,1.3506226,1.5553113,0.6000004,0.07897436,52,22,21.9122,23.208792
1804,1.3804395,1.5553113,0.6000004,0.0781685,52,22,21.9644468,23.208792
1805,1.3804395,1.5988277,0.6000004,0.07655678,52,22,22.199066,23.047618
1806,1.3804395,1.5988277,0.6000004,0.07655678,52,22,22.199066,23.047618
1807,1.3796337,1.5988277,0.6000004,0.08058608,52,22,22.199066,23.047618
1809,1.3554579,1.5988277,0.6000004,0.07897436,52,22,22.329102,22.967034
1810,1.3554579,1.5988277,0.6000004,0.07897436,52,22,22.225098,23.047618
1811,1.3554579,1.6084981,0.6000004,0.07897436,52,22,22.12091,23.047618
1813,1.3570695,1.6084981,0.6000004,0.07897436,52,22,22.12091,22.886448
1814,1.3570695,1.6084981,0.6000004,0.07897436,52,22,22.12091,22.886448
1815,1.3570695,1.6084981,0.6000004,0.07978021,52,22,22.12091,23.128204
1816,1.3457875,1.5617582,0.6000004,0.08139194,52,22,22.042724,22.967034
1818,1.3570695,1.5617582,0.6000004,0.08300366,52,22,21.833832,23.128204
1819,1.3619047,1.5617582,0.6000004,0.08300366,52,22,21.833832,23.128204
1820,1.3417582,1.5617582,0.6000004,0.08380952,52,22,21.833832,23.047618
1822,1.3619047,1.5641757,0.6000004,0.08542124,52,22,21.650574,23.047618
1823,1.3788278,1.5641757,0.6000004,0.08380952,52,22,21.833832,23.369964
1824,1.3788278,1.5641757,0.6000004,0.08380952,52,22,22.173004,23.369964
1825,1.3788278,1.598022,0.6000004,0.08380952,52,22,22.173004,23.531136
1827,1.3788278,1.598022,0.6000004,0.08139194,52,22,22.27713,23.531136
1828,1.3788278,1.5416117,0.6000004,0.08139194,52,22,22.27713,23.369964
1829,1.336923,1.598022,0.6000004,0.07978021,52,22,22.640442,23.531136
1831,1.336923,1.5416117,0.6000004,0.07978021,52,22,22.640442,23.28938
1832,1.336923,1.5416117,0.6000004,0.08380952,52,22,22.12091,23.28938
1833,1.3361172,1.6697436,0.6000004,0.08380952,52,22,21.938324,23.047618
1834,1.3361172,1.6697436,0.6000004,0.08380952,52,22,21.938324,23.128204
1836,1.3441758,1.6697436,0.6000004,0.086227108,52,22,21.938324,23.128204
1837,1.3747985,1.6697436,0.6000004,0.086227108,52,22,22.016632,23.128204
1838,1.3361172,1.5520879,0.6000004,0.086227108,52,22,21.938324,22.886448
1840,1.3868864,1.5520879,0.6000004,0.086227108,52,22,21.9122,23.128204
1841,1.3965567,1.5520879,0.6000004,0.08300366,52,22,22.016632,23.369964
1842,1.3965567,1.5520879,0.6000004,0.08139194,52,22,21.9122,22.967034
1844,1.3401466,1.6358974,0.6000004,0.08300366,52,22,21.75534,23.85348
1845,1.3917216,1.6358974,0.6000004,0.08300366,52,22,21.9122,23.85348
1846,1.3457875,1.6358974,0.6000004,0.08139194,52,22,21.9122,23.531136
1847,1.3457875,1.6358974,0.6000004,0.08380952,52,22,21.9122,23.047618
1849,1.3707692,1.6052748,0.6000004,0.08380952,53,22,21.938324,23.047618
1850,1.3804395,1.6052748,0.6000004,0.08300366,53,22,21.938324,23.047618
1851,1.3804395,1.6052748,0.6000004,0.08139194,53,22,21.938324,23.047618
1853,1.3804395,1.6052748,0.6000004,0.08300366,53,22,21.938324,23.047618
1854,1.3828571,1.6778022,0.6000004,0.08139194,52,22,21.729156,23.6117216
1855,1.3828571,1.7148718,0.6000004,0.08139194,53,22,21.729156,23.6117216
1856,1.3473992,1.7148718,0.6000004,0.08139194,52,22,21.729156,23.6117216
1858,1.3473992,1.7148718,0.6000004,0.08139194,52,22,21.729156,23.531136
1859,1.383663,1.7608058,0.6000004,0.08139194,52,22,21.729156,23.531136
1860,1.3473992,1.7148718,0.6000004,0.08139194,52,22,21.938324,23.128204
1862,1.3473992,1.71326,0.6000004,0.08542124,52,22,21.702972,23.128204
1863,1.3901099,1.71326,0.6000004,0.08542124,52,22,22.12091,23.128204
1864,1.3522344,1.71326,0.6000004,0.08461539,52,22,22.12091,23.128204
1865,1.3522344,1.70197808,0.6000004,0.08139194,53,22,22.355102,23.128204
1867,1.3522344,1.70197808,0.6000004,0.08139194,52,22,22.12091,23.128204
1868,1.3893039,1.70197808,0.6000004,0.08139194,53,22,22.355102,23.128204
1869,1.3893039,1.70197808,0.6000004,0.08139194,53,22,22.355102,23.128204
1871,1.3917216,1.71084236,0.6000004,0.08139194,53,22,22.355102,23.128204
1872,1.3893039,1.71084236,0.6000004,0.07978021,53,22,22.355102,23.128204
1873,1.3893039,1.71084236,0.6000004,0.08139194,53,22,22.433014,23.28938
1874,1.3965567,1.77611716,0.6000004,0.07978021,53,22,22.458954,23.28938
1876,1.3884982,1.77611716,0.6000004,0.07978021,53,22,22.458954,23.128204
1877,1.3884982,1.7632234,0.6000004,0.08139194,53,22,22.355102,23.28938
1878,1.3884982,1.77611716,0.6000004,0.08139194,53,22,22.355102,23.28938
1880,1.3868864,1.7632234,0.6000004,0.08139194,53,22,22.355102,23.369964
1881,1.3844688,1.7632234,0.6000004,0.0821978,53,22,22.225098,23.128204
1882,1.3820512,1.78336984,0.6000004,0.08139194,53,22,22.355102,24.014652
1884,1.3820512,1.78336984,0.6000004,0.08058608,53,22,22.355102,23.6117216
1885,1.3820512,1.78336984,0.6000004,0.08058608,53,22,22.510864,23.6117216
1886,1.372381,1.78336984,0.6000004,0.08058608,53,22,22.510864,23.6117216
1887,1.3820512,1.78336984,0.6000004,0.07897436,53,22,22.536774,23.6117216
1889,1.372381,1.811575,0.6000004,0.0781685,53,22,22.510864,23.28938
1890,1.372381,1.811575,0.6000004,0.0781685,53,22,22.510864,23.28938
1891,1.3876923,1.7446886,0.6000004,0.07897436,53,22,22.6922,23.934064
1893,1.3876923,1.811575,0.6000004,0.0781685,53,22,22.6922,23.369964
1894,1.3610989,1.7446886,0.6000004,0.07897436,53,22,22.66632,23.369964
1895,1.3901099,1.7446886,0.6000004,0.07897436,53,22,22.6922,23.934064
1896,1.3925275,1.8220513,0.6000004,0.07897436,53,22,22.795684,23.6117216
1898,1.3884982,1.8220513,0.6000004,0.0781685,53,22,22.66632,23.6117216
1899,1.3925275,1.8220513,0.6000004,0.0781685,53,22,22.795684,24.09524
1900,1.3925275,1.8260806,0.6000004,0.07333333,53,22,22.8732,24.175826
1902,1.3884982,1.8260806,0.6000004,0.07333333,53,22,22.8732,24.09524
1903,1.3876923,1.8260806,0.6000004,0.07575091,53,22,22.8732,24.09524
1904,1.3796337,1.8260806,0.6000004,0.07575091,53,22,22.8732,24.09524
1905,1.3764102,1.70117216,0.6000004,0.07655678,53,22,22.821534,23.6117216
1907,1.3651282,1.70117216,0.6000004,0.07655678,53,22,22.6922,23.6117216
1908,1.3619047,1.70117216,0.6000004,0.077362632,53,22,22.329102,23.6117216
1909,1.3619047,1.70117216,0.6000004,0.07897436,53,22,22.329102,23.6117216
1911,1.3635164,1.73663016,0.6000004,0.07897436,53,22,22.329102,23.6117216
1912,1.3619047,1.73663016,0.6000004,0.07413919,53,22,22.484924,23.6117216
1913,1.3635164,1.73663016,0.6000004,0.063663,53,22,22.6922,23.85348
1914,1.3731867,1.89699632,0.6000004,0.061245424,53,22,22.821534,23.85348
1916,1.3635164,1.89699632,0.6000004,0.061245424,53,22,22.6922,23.85348
1917,1.3731867,1.89699632,0.6000004,0.061245424,53,22,23.15683,23.85348
1918,1.3731867,1.89699632,0.6000004,0.063663,53,22,23.15683,23.85348
1920,1.3699634,1.8051282,0.6000004,0.06527472,53,22,23.053802,23.85348
1921,1.3506226,1.8051282,0.6000004,0.06527472,52,22,22.8732,23.85348
1922,1.3699634,1.8051282,0.6000004,0.06688645,52,22,23.053802,24.578754
1923,1.3506226,1.8051282,0.6000004,0.0676923,52,22,22.8732,24.014652
1925,1.3506226,1.8309158,0.6000004,0.06688645,53,22,23.053802,24.014652
1926,1.3506226,1.8309158,0.6000004,0.06930403,52,22,23.15683,24.014652
1927,1.3151648,1.8309158,0.6000004,0.07091575,52,22,23.15683,24.336996
1929,1.3151648,1.8607326,0.6000004,0.06930403,52,22,23.15683,24.336996
1930,1.3619047,1.8309158,0.6000004,0.06930403,52,22,23.285492,24.336996
1931,1.3764102,1.8607326,0.6000004,0.06930403,52,22,23.285492,24.820512
1933,1.3764102,1.89538468,0.6000004,0.07091575,52,22,23.285492,24.739926
1934,1.3764102,1.89538468,0.6000004,0.07010989,52,22,23.285492,24.739926
1935,1.3747985,1.89538468,0.6000004,0.07333333,52,22,23.285492,24.739926
1936,1.3747985,1.89538468,0.6000004,0.07333333,52,22,23.053802,24.739926
1938,1.337729,1.85106224,0.6000004,0.07333333,52,22,23.053802,24.739926
1939,1.337729,1.85106224,0.6000004,0.071721608,52,22,23.053802,25.545788
1940,1.3747985,1.85106224,0.6000004,0.071721608,52,22,23.41394,25.545788
1942,1.3546519,1.7841758,0.6000004,0.071721608,52,22,23.490936,25.06227
1943,1.3860806,1.7841758,0.6000004,0.07413919,52,22,23.67035,25.223444
1944,1.3860806,1.7841758,0.6000004,0.07333333,52,22,24.079102,25.06227
1945,1.3546519,1.73582416,0.6000004,0.07575091,52,23,24.079102,24.820512
1947,1.3546519,1.7841758,0.6000004,0.0781685,52,23,24.05362,24.820512
1948,1.3385347,1.73582416,0.6000004,0.0781685,52,23,24.130096,25.223444
1949,1.3385347,1.718901,0.6000004,0.077362632,52,23,24.282868,24.820512
1951,1.3385347,1.73582416,0.6000004,0.0781685,52,23,24.05362,25.223444
1952,1.3651282,1.81802192,0.6000004,0.07897436,52,23,24.282868,25.626374
1953,1.3296703,1.7261538,0.6000004,0.077362632,52,23,24.282868,25.223444
1954,1.3353114,1.81802192,0.6000004,0.077362632,52,23,24.05362,25.706958
1956,1.3353114,1.81802192,0.6000004,0.07655678,52,23,24.05362,25.706958
1957,1.3393407,1.7414652,0.6000004,0.07655678,51,23,24.282868,25.545788
1958,1.3353114,1.7414652,0.6000004,0.07575091,51,23,24.282868,25.30403
1960,1.3393407,1.7414652,0.6000004,0.07655678,51,23,24.384582,25.545788
1961,1.3796337,1.7414652,0.6000004,0.07575091,51,23,24.435394,25.545788
1962,1.3393407,1.92681316,0.6000004,0.074945052,51,23,24.384582,25.545788
1963,1.3336996,1.92681316,0.6000004,0.074945052,51,23,24.435394,25.545788
1965,1.372381,1.81238092,0.6000004,0.07655678,51,23,24.587708,26.190478
1966,1.372381,1.92681316,0.6000004,0.074945052,51,23,24.815734,25.545788
1967,1.3530402,1.81238092,0.6000004,0.07575091,51,23,24.815734,25.545788
1969,1.3691574,1.81238092,0.6000004,0.07655678,51,23,24.841064,25.706958
1970,1.3691574,1.8333334,0.6000004,0.07575091,51,23,25.0685732,25.706958
1971,1.3530402,1.8333334,0.6000004,0.07575091,51,23,25.0685732,25.706958
1972,1.3530402,1.8333334,0.6000004,0.07655678,50,23,25.169526,26.351648
1974,1.3691574,1.85106224,0.6000004,0.07655678,50,23,25.421508,26.351648
1975,1.3208058,1.85106224,0.6000004,0.07655678,50,23,25.270386,26.67399
1976,1.3280586,1.85106224,0.6000004,0.07655678,50,23,25.270386,26.67399
1978,1.3699634,1.91311344,0.6000004,0.07413919,50,23,25.446686,26.67399
1979,1.3280586,1.91311344,0.6000004,0.07413919,50,24,25.446686,26.91575
1980,1.3183882,1.91311344,0.6000004,0.074945052,50,24,25.32077,26.91575
1982,1.3280586,1.91311344,0.6000004,0.074945052,50,24,25.32077,27.076922
1983,1.331282,1.91150192,0.6000004,0.077362632,50,24,25.547272,27.076922
1984,1.325641,1.91150192,0.6000004,0.077362632,50,24,25.923798,26.91575
1985,1.325641,1.91150192,0.6000004,0.077362632,49,24,25.597564,26.593408
1987,1.331282,1.89216116,0.6000004,0.07575091,49,24,25.62268,26.8351652
1988,1.3675458,1.89216116,0.6000004,0.074945052,49,24,25.923798,26.8351652
1989,1.3264469,1.89216116,0.6000004,0.074945052,49,24,25.62268,26.75458
1991,1.3296703,1.863956,0.6000004,0.074945052,49,24,25.62268,26.8351652
1992,1.3328937,1.863956,0.6000004,0.074945052,49,24,25.62268,26.8351652
1993,1.3296703,1.98967024,0.6000004,0.074945052,49,24,25.69806,26.8351652
1994,1.3296703,1.863956,0.6000004,0.0781685,49,24,25.69806,26.8351652
1996,1.3328937,1.98967024,0.6000004,0.0781685,49,24,25.798432,26.91575
1997,1.349011,1.98967024,0.6000004,0.0781685,49,24,25.923798,26.91575
1998,1.349011,1.8373626,0.6000004,0.0781685,48,24,25.923798,26.99634
2000,1.349011,1.8373626,0.6000004,0.07575091,48,24,25.948884,27.318682
2001,1.3482051,1.8373626,0.6000004,0.07413919,48,24,25.948884,27.318682
2002,1.3482051,1.8373626,0.6000004,0.07413919,48,24,25.948884,27.39927
2003,1.3425641,1.8486446,0.6000004,0.07413919,48,24,25.898742,27.479852
2005,1.3465934,1.8486446,0.6000004,0.071721608,48,24,25.948884,27.479852
2006,1.3425641,1.80190468,0.6000004,0.07091575,48,25,25.948884,27.39927
2007,1.3280586,1.8486446,0.6000004,0.071721608,48,25,25.973908,27.479852
2009,1.3280586,1.80190468,0.6000004,0.071721608,48,25,26.224152,28.446886
2010,1.3401466,1.80190468,0.6000004,0.07413919,48,25,26.27417,27.721611
2011,1.3272528,1.80915736,0.6000004,0.07413919,48,25,26.27417,27.721611
2012,1.3272528,1.80915736,0.6000004,0.07413919,47,25,26.27417,27.721611
2014,1.3401466,1.80915736,0.6000004,0.07413919,47,25,26.698242,27.721611
2015,1.3401466,1.85347984,0.6000004,0.07413919,47,25,26.748016,27.721611
2016,1.365934,1.85347984,0.6000004,0.07413919,47,25,26.748016,27.721611
2018,1.3683516,1.85347984,0.6000004,0.07413919,47,25,26.947022,28.527472
2019,1.3683516,1.85347984,0.6000004,0.07575091,47,25,26.947022,28.527472
2020,1.3683516,1.8325274,0.6000004,0.07575091,47,25,27.195374,28.527472
2022,1.3635164,1.8325274,0.6000004,0.07575091,47,25,27.368958,28.527472
2023,1.3635164,1.8325274,0.6000004,0.07575091,47,25,27.368958,28.285714
2024,1.3610989,1.8325274,0.6000004,0.07575091,46,25,26.996734,28.285714
2025,1.3635164,1.8228572,0.6000004,0.07575091,46,25,27.269776,28.285714
2027,1.3610989,2.0170694,0.6000004,0.071721608,46,25,27.269776,28.285714
2028,1.3296703,1.93003668,0.6000004,0.07575091,46,25,27.269776,28.446886
2029,1.3272528,1.93003668,0.6000004,0.074945052,46,25,27.319396,28.446886
2031,1.3272528,1.93003668,0.6000004,0.074945052,46,26,27.319396,28.527472
2032,1.3272528,1.93003668,0.6000004,0.074945052,46,26,27.517578,28.527472
2033,1.3272528,1.93003668,0.6000004,0.07655678,46,26,27.517578,28.60806
2034,1.3538462,2.01304,0.6000004,0.074945052,46,26,27.542328,28.688642
2036,1.3538462,2.01304,0.6000004,0.071721608,45,26,27.542328,28.930402
2037,1.3683516,2.0154578,0.6000004,0.07413919,45,26,27.740204,29.252746
2038,1.3683516,2.0154578,0.6000004,0.072527468,45,26,27.913086,28.930402
2040,1.349011,1.9936996,0.6000004,0.072527468,45,26,27.740204,28.930402
2041,1.349011,1.9936996,0.6000004,0.07413919,45,26,27.740204,30.139194
2042,1.349011,1.99692308,0.6000004,0.07413919,45,26,27.83902,30.139194
2043,1.349011,1.9936996,0.6000004,0.07655678,45,26,28.061158,30.219782
2045,1.3594872,1.99692308,0.6000004,0.07655678,45,26,28.01184,30.219782
2046,1.3667399,1.99692308,0.6000004,0.07413919,44,26,28.01184,30.219782
2047,1.3594872,1.9888644,0.6000004,0.07413919,44,26,28.01184,29.655678
2049,1.3594872,1.9888644,0.6000004,0.07413919,44,26,28.110504,29.655678
2050,1.331282,1.9888644,0.6000004,0.07413919,44,26,28.01184,29.655678
2051,1.331282,1.8454212,0.6000004,0.07655678,44,26,28.725738,30.139194
2052,1.3272528,1.8454212,0.6000004,0.07897436,44,26,28.725738,29.655678
2054,1.331282,1.8454212,0.6000004,0.07897436,44,26,28.701172,29.816852
2055,1.331282,1.8309158,0.6000004,0.07897436,44,26,28.135132,29.816852
2056,1.3264469,1.8454212,0.6000004,0.0781685,44,27,28.135132,29.736264
2058,1.3264469,1.9936996,0.6000004,0.074945052,43,27,28.135132,29.736264
2059,1.3264469,1.8309158,0.6000004,0.074945052,43,27,28.135132,29.816852
2060,1.3264469,1.9936996,0.6000004,0.074945052,43,27,28.135132,29.897434
2061,1.3264469,1.9936996,0.6000004,0.07413919,43,27,28.135132,29.978024
2063,1.3570695,1.98967024,0.6000004,0.07413919,43,27,28.774872,30.300366
2064,1.3570695,1.98967024,0.6000004,0.07413919,43,27,28.676606,30.380952
2065,1.3570695,2.0041756,0.6000004,0.07413919,43,27,28.676606,30.380952
2067,1.3530402,1.98967024,0.6000004,0.07413919,43,27,28.652038,30.380952
2068,1.3570695,2.0041756,0.6000004,0.07413919,43,27,28.676606,30.703294
2069,1.3530402,2.0041756,0.6000004,0.07333333,42,27,28.652038,30.703294
2071,1.3530402,2.0041756,0.6000004,0.07333333,42,27,28.652038,30.703294
2072,1.3530402,1.98402932,0.6000004,0.07333333,42,27,28.652038,30.703294
2073,1.337729,1.98402932,0.6000004,0.07333333,42,27,28.55371,30.380952
2074,1.337729,1.98402932,0.6000004,0.07333333,42,27,28.55371,30.380952
2076,1.365934,2.0219048,0.6000004,0.072527468,42,27,28.725738,30.461538
2077,1.337729,1.98402932,0.6000004,0.07091575,42,27,28.578308,30.380952
2078,1.3554579,2.0219048,0.6000004,0.072527468,42,27,28.578308,30.461538
2080,1.3554579,2.0219048,0.6000004,0.07091575,42,27,28.725738,30.461538
2081,1.3006593,1.95501832,0.6000004,0.07091575,42,27,28.578308,30.461538
2082,1.3006593,1.95501832,0.6000004,0.07091575,42,27,28.578308,30.542124
2083,1.3417582,1.95501832,0.6000004,0.072527468,42,27,28.897614,31.589744
2085,1.3280586,1.9405128,0.6000004,0.071721608,41,28,28.971222,30.542124
2086,1.3417582,1.9405128,0.6000004,0.071721608,41,28,28.971222,31.106226
2087,1.3417582,1.9405128,0.6000004,0.071721608,41,28,28.971222,31.106226
2089,1.3627106,1.9405128,0.6000004,0.071721608,41,28,29.0448,31.106226
2090,1.3280586,2.0662272,0.6000004,0.071721608,41,28,29.338806,31.106226
2091,1.3046886,2.0662272,0.6000004,0.071721608,41,28,29.338806,31.106226
2092,1.3046886,2.0662272,0.6000004,0.074945052,41,28,29.069306,31.267398
2094,1.3417582,2.0662272,0.6000004,0.071721608,41,28,29.338806,31.267398
2095,1.302271,2.0210988,0.6000004,0.0676923,41,28,29.069306,30.945054
2096,1.3191942,2.0210988,0.6000004,0.06930403,41,28,29.0448,30.945054
2098,1.3417582,2.0210988,0.6000004,0.0676923,40,28,29.069306,31.347984
2099,1.360293,2.0090108,0.6000004,0.0676923,40,28,29.0448,30.945054
2100,1.3627106,2.0090108,0.6000004,0.06930403,40,28,29.0448,31.347984
2101,1.3667399,2.0613918,0.6000004,0.06930403,40,28,29.60791,31.67033
2103,1.3667399,2.0090108,0.6000004,0.066080584,40,28,29.60791,31.347984
2104,1.3667399,2.0613918,0.6000004,0.06527472,40,28,29.020294,31.267398
2105,1.372381,2.0613918,0.6000004,0.06527472,40,28,29.485626,31.428574
2107,1.349011,1.87523816,0.6000004,0.06527472,40,28,29.485626,31.267398
2108,1.3304762,1.87523816,0.6000004,0.066080584,40,28,28.873078,31.106226
2109,1.349011,1.87523816,0.6000004,0.06688645,40,28,29.485626,31.267398
2110,1.360293,1.87523816,0.6000004,0.0676923,40,28,29.485626,31.106226
2112,1.3304762,1.881685,0.6000004,0.06930403,40,28,29.387756,31.106226
2113,1.3482051,1.881685,0.6000004,0.07010989,39,28,29.387756,31.267398
2114,1.360293,1.881685,0.6000004,0.07010989,39,28,29.412232,31.750916
2116,1.3482051,1.9284248,0.6000004,0.07010989,39,28,29.387756,31.347984
2117,1.3482051,1.9284248,0.6000004,0.06930403,39,28,29.338806,31.912086
2118,1.3482051,1.9284248,0.6000004,0.06930403,39,28,29.412232,31.912086
2120,1.3425641,1.9679121,0.6000004,0.06930403,39,29,29.338806,31.347984
2121,1.3425641,1.9679121,0.6000004,0.06930403,39,29,29.338806,31.347984
2122,1.3586813,1.9679121,0.6000004,0.06930403,39,29,29.583466,32.315016
2123,1.3586813,1.9679121,0.6000004,0.06930403,39,29,29.583466,31.509156
2125,1.3699634,1.94615384,0.6000004,0.07091575,39,29,29.65683,32.07326
2126,1.3699634,1.94615384,0.6000004,0.06930403,39,29,29.876648,32.07326
2127,1.3586813,1.94615384,0.6000004,0.06930403,39,29,29.876648,31.589744
2129,1.3699634,1.9324542,0.6000004,0.07010989,39,29,29.852234,31.589744
2130,1.3699634,1.94615384,0.6000004,0.07010989,39,29,29.876648,32.07326
2131,1.314359,1.9324542,0.6000004,0.06849817,39,29,30.14505,32.315016
2132,1.3473992,1.8736264,0.6000004,0.07010989,39,29,29.852234,32.315016
2134,1.3473992,1.9324542,0.6000004,0.07091575,39,29,29.852234,32.395604
2135,1.3473992,1.985641,0.6000004,0.07091575,38,29,30.169434,32.395604
2136,1.3119414,1.8736264,0.6000004,0.07091575,38,29,30.169434,32.395604
2138,1.3167765,1.985641,0.6000004,0.07091575,38,29,29.461182,32.395604
2139,1.3167765,1.985641,0.6000004,0.06930403,38,29,30.169434,32.47619
2140,1.3224175,1.985641,0.6000004,0.06849817,38,29,30.169434,32.395604
2141,1.3167765,1.9630768,0.6000004,0.06849817,38,29,29.534546,32.315016
2143,1.3224175,1.9630768,0.6000004,0.06849817,38,29,29.534546,32.47619
2144,1.3627106,1.9630768,0.6000004,0.06527472,38,29,29.681244,32.47619
2145,1.3627106,1.9284248,0.6000004,0.06446887,38,29,29.681244,32.798536
2147,1.3627106,1.9252014,0.6000004,0.063663,38,29,29.925506,32.798536
2148,1.372381,1.9284248,0.6000004,0.063663,38,29,29.925506,32.798536
2149,1.372381,1.9284248,0.6000004,0.063663,38,29,30.14505,32.798536
2150,1.3667399,1.916337,0.6000004,0.06446887,38,29,30.14505,32.637364
2152,1.3570695,1.916337,0.6000004,0.06446887,38,29,29.974304,32.556776
2153,1.3570695,1.916337,0.6000004,0.06527472,38,29,29.974304,32.637364
2154,1.3506226,1.916337,0.6000004,0.0676923,37,29,30.14505,32.637364
2156,1.331282,1.9542124,0.6000004,0.06446887,37,29,29.974304,32.556776
2157,1.3119414,1.9542124,0.6000004,0.06527472,37,29,29.876648,32.234432
2158,1.331282,1.8978022,0.6000004,0.0676923,37,29,29.876648,32.87912
2160,1.331282,1.9542124,0.6000004,0.06527472,37,29,29.876648,32.395604
2161,1.331282,1.8978022,0.6000004,0.06527472,37,30,29.876648,32.395604
2162,1.3119414,1.8978022,0.6000004,0.06527472,37,30,30.2182,32.395604
2163,1.3111355,1.97677652,0.6000004,0.06446887,37,30,30.2182,32.395604
2165,1.3111355,1.97677652,0.6000004,0.0596337,37,30,29.876648,32.395604
2166,1.3111355,1.8792674,0.6000004,0.0596337,37,30,29.852234,32.395604
2167,1.3063003,1.97677652,0.6000004,0.0596337,37,30,29.778992,32.395604
2169,1.3063003,1.90505484,0.6000004,0.06043956,37,30,29.778992,32.395604
2170,1.3473992,1.90505484,0.6000004,0.061245424,37,30,29.778992,32.47619
2171,1.3191942,1.9106959,0.6000004,0.06285714,37,30,29.778992,32.637364
2172,1.3441758,1.9106959,0.6000004,0.06285714,37,30,30.120666,33.362636
2174,1.3441758,1.9106959,0.6000004,0.06285714,37,30,30.120666,33.362636
2175,1.3191942,1.9598536,0.6000004,0.06285714,37,30,29.754548,32.637364
2176,1.3063003,1.9598536,0.6000004,0.06285714,36,30,29.681244,32.637364
2178,1.3063003,1.9598536,0.6000004,0.06285714,36,30,29.754548,33.040296
2179,1.3063003,1.9598536,0.6000004,0.06285714,36,30,29.754548,32.47619
2180,1.3071062,1.9413186,0.6000004,0.06527472,36,30,29.852234,32.637364
2181,1.3232235,1.9413186,0.6000004,0.066080584,36,30,29.876648,33.040296
2183,1.3232235,1.9413186,0.6000004,0.06527472,36,30,29.998688,33.040296
2184,1.3199999,1.9147252,0.6000004,0.066080584,36,30,29.998688,32.717944
2185,1.3199999,1.9147252,0.6000004,0.066080584,36,30,29.925506,32.798536
2187,1.3651282,1.9147252,0.6000004,0.066080584,36,30,29.998688,33.201464
2188,1.3651282,1.9147252,0.6000004,0.066080584,36,30,29.998688,33.040296
2189,1.3651282,1.97677652,0.6000004,0.066080584,36,30,29.998688,32.798536
2190,1.3651282,1.97677652,0.6000004,0.06446887,36,30,29.998688,33.040296
2192,1.3635164,1.97677652,0.6000004,0.063663,36,30,30.193818,33.362636
2193,1.3175824,1.97677652,0.6000004,0.061245424,36,30,30.315674,33.040296
2194,1.3087178,2.1121612,0.6000004,0.061245424,36,30,30.193818,32.798536
2196,1.3087178,1.8131868,0.6000004,0.061245424,36,30,30.315674,32.87912
2197,1.3063003,2.0912088,0.6000004,0.061245424,36,30,30.315674,32.87912
2198,1.3014652,2.038022,0.6000004,0.061245424,36,30,30.29132,32.87912
2199,1.3014652,2.038022,0.6000004,0.06205128,36,30,30.29132,32.87912
2201,1.3014652,2.038022,0.6000004,0.06205128,35,30,30.340058,32.87912
2202,1.3546519,2.038022,0.6000004,0.06205128,35,30,30.559204,33.362636
2203,1.3546519,2.020293,0.6000004,0.06205128,36,30,30.632232,33.362636
2205,1.3546519,2.020293,0.6000004,0.06043956,35,30,30.632232,33.362636
2206,1.3546519,2.020293,0.6000004,0.06043956,35,30,30.632232,33.040296
2207,1.3546519,1.898608,0.6000004,0.06043956,35,30,30.096284,33.040296
2209,1.34337,1.898608,0.6000004,0.06285714,35,30,30.096284,33.040296
2210,1.34337,1.898608,0.6000004,0.06285714,35,30,29.852234,33.040296
2211,1.34337,1.898608,0.6000004,0.06446887,35,30,29.681244,33.362636
2212,1.34337,1.9308424,0.6000004,0.06446887,35,30,29.681244,33.684984
2214,1.3336996,1.9308424,0.6000004,0.058021976,35,31,30.120666,33.684984
2215,1.3208058,1.9308424,0.6000004,0.058021976,35,31,30.120666,33.684984
2216,1.3208058,1.9308424,0.6000004,0.058021976,35,31,30.120666,33.684984
2218,1.3208058,2.065421,0.6000004,0.058021976,35,31,30.120666,33.684984
2219,1.3119414,2.0573626,0.6000004,0.058021976,35,31,30.2182,33.92674
2220,1.3208058,2.0573626,0.6000004,0.06285714,35,31,29.82782,33.28205
2221,1.3570695,2.0573626,0.6000004,0.06285714,35,31,29.705658,33.92674
2223,1.3570695,2.0638094,0.6000004,0.06285714,35,31,29.705658,34.007328
2224,1.3530402,2.0573626,0.6000004,0.06205128,35,31,29.705658,34.007328
2225,1.3570695,2.0638094,0.6000004,0.06205128,35,31,29.705658,34.007328
2227,1.3530402,2.0638094,0.6000004,0.06205128,35,31,29.705658,34.007328
2228,1.3506226,2.0331866,0.6000004,0.06205128,35,31,29.705658,33.765568
2229,1.3506226,2.0331866,0.6000004,0.06043956,35,31,29.705658,33.765568
2230,1.3651282,2.0331866,0.6000004,0.0596337,35,31,29.705658,33.765568
2232,1.3514286,1.96227108,0.6000004,0.0596337,35,31,29.705658,33.362636
2233,1.3538462,1.96227108,0.6000004,0.0596337,34,31,29.705658,34.087912
2234,1.3538462,1.96227108,0.6000004,0.058827836,34,31,29.730134,34.087912
2236,1.3538462,1.96227108,0.6000004,0.058827836,35,31,29.730134,33.443224
2237,1.3538462,2.0114286,0.6000004,0.058827836,34,31,29.754548,33.443224
2238,1.3538462,2.0114286,0.6000004,0.058827836,34,31,29.730134,33.443224
2239,1.2950183,2.0114286,0.6000004,0.0596337,35,31,29.534546,33.28205
2241,1.2950183,2.0114286,0.6000004,0.0596337,34,31,29.534546,33.28205
2242,1.314359,2.008205,0.6000004,0.0596337,34,31,29.681244,33.846156
2243,1.314359,2.008205,0.6000004,0.0596337,34,31,29.681244,33.846156
2245,1.314359,2.0662272,0.6000004,0.0596337,34,31,29.778992,33.846156
2246,1.314359,2.008205,0.6000004,0.055604396,34,31,29.778992,33.846156
2247,1.3175824,2.0565568,0.6000004,0.055604396,34,31,30.266938,33.846156
2249,1.3232235,2.0662272,0.6000004,0.05399267,34,31,30.36444,33.684984
2250,1.2780952,2.0565568,0.6000004,0.052380952,34,31,30.36444,33.523808
2251,1.3006593,2.0565568,0.6000004,0.052380952,34,31,30.36444,33.523808
2252,1.3046886,2.0565568,0.6000004,0.05157509,34,31,30.36444,33.523808
2254,1.3006593,2.0090108,0.6000004,0.05157509,34,31,30.29132,33.28205
2255,1.3006593,2.0090108,0.6000004,0.05157509,34,31,30.266938,33.28205
2256,1.3046886,2.0138462,0.6000004,0.05157509,34,31,30.29132,33.28205
2258,1.3046886,2.0090108,0.6000004,0.05157509,34,31,30.266938,33.28205
2259,1.3240293,2.0138462,0.6000004,0.05157509,34,31,30.266938,33.362636
2260,1.3240293,2.0138462,0.6000004,0.053186816,34,31,30.36444,33.362636
2261,1.3272528,2.0033698,0.6000004,0.053186816,34,31,30.36444,33.362636
2263,1.3272528,2.0033698,0.6000004,0.055604396,34,31,30.36444,33.684984
2264,1.3272528,2.009817,0.6000004,0.05721612,34,31,30.36444,33.684984
2265,1.3248351,2.0033698,0.6000004,0.05721612,34,31,30.2182,33.684984
2267,1.3272528,2.009817,0.6000004,0.05721612,34,31,30.2182,34.087912
2268,1.3248351,2.0235164,0.6000004,0.056410256,34,31,30.266938,33.684984
2269,1.3248351,2.009817,0.6000004,0.05721612,34,31,30.266938,34.087912
2270,1.3248351,2.0235164,0.6000004,0.05721612,34,31,30.266938,34.087912
2272,1.3361172,2.0235164,0.6000004,0.05721612,34,31,30.388764,34.1685
2273,1.3248351,1.94373632,0.6000004,0.05721612,34,31,30.388764,34.1685
2274,1.3248351,1.94373632,0.6000004,0.05721612,34,31,30.388764,34.1685
2276,1.3248351,1.94373632,0.6000004,0.055604396,34,31,30.266938,34.1685
2277,1.2934066,1.94373632,0.6000004,0.055604396,34,31,30.266938,33.684984
2278,1.2934066,2.0476924,0.6000004,0.05399267,34,31,30.2182,33.684984
2279,1.3345054,2.0476924,0.6000004,0.05399267,34,31,29.534546,33.684984
2281,1.3385347,2.0476924,0.6000004,0.056410256,34,31,30.047486,33.684984
2282,1.3345054,2.0476924,0.6000004,0.056410256,34,31,29.632354,33.684984
2283,1.3345054,1.876044,0.6000004,0.05721612,34,31,29.852234,33.684984
2285,1.3336996,1.876044,0.6000004,0.05721612,34,31,29.852234,34.32967
2286,1.303077,1.876044,0.6000004,0.054798532,34,31,30.047486,34.32967
2287,1.2732601,1.876044,0.6000004,0.054798532,34,31,30.2182,33.604396
2289,1.279707,1.876044,0.6000004,0.058021976,34,31,30.2182,33.604396
2290,1.303077,1.9276191,0.6000004,0.058021976,34,31,30.2182,33.604396
2291,1.2950183,1.9276191,0.6000004,0.058021976,34,31,30.2182,33.523808
2292,1.2950183,1.9276191,0.6000004,0.058021976,34,31,30.2182,33.604396
2294,1.3272528,1.9276191,0.6000004,0.055604396,34,31,30.2182,33.604396
2295,1.3272528,1.97355316,0.6000004,0.05399267,34,31,30.583558,34.732596
2296,1.2950183,1.97355316,0.6000004,0.05399267,34,31,30.583558,33.846156
2298,1.3127472,1.97355316,0.6000004,0.05399267,34,31,30.29132,33.92674
2299,1.290989,2.0412452,0.6000004,0.05399267,34,31,30.583558,34.652016
2300,1.2805127,2.0412452,0.6000004,0.04915751,33,31,30.29132,33.92674
2301,1.279707,2.0412452,0.6000004,0.053186816,34,31,30.14505,33.92674
2303,1.279707,2.0412452,0.6000004,0.049963368,33,31,30.29132,34.410256
2304,1.279707,2.0073994,0.6000004,0.04835165,33,31,30.510528,34.410256
2305,1.2837362,2.0073994,0.6000004,0.04915751,33,32,30.14505,33.92674
2307,1.2861538,2.0073994,0.6000004,0.049963368,33,32,30.4131468,34.410256
2308,1.3103297,2.0073994,0.6000004,0.049963368,33,32,30.4131468,34.410256
2309,1.2974359,2.0493038,0.6000004,0.04915751,33,32,30.4131468,33.92674
2310,1.2974359,2.0493038,0.6000004,0.049963368,33,32,30.315674,33.92674
2312,1.3103297,2.0493038,0.6000004,0.05157509,33,32,30.315674,34.732596
2313,1.3183882,2.0493038,0.6000004,0.05399267,33,32,30.315674,34.652016
2314,1.2974359,2.0460806,0.6000004,0.05399267,33,32,30.43747,33.846156
2316,1.3183882,2.0460806,0.6000004,0.05399267,33,32,30.534882,34.652016
2317,1.3183882,2.0460806,0.6000004,0.053186816,33,32,30.534882,34.652016
2318,1.3127472,1.9171428,0.6000004,0.052380952,33,32,30.534882,34.652016
2319,1.3127472,1.9171428,0.6000004,0.052380952,33,32,30.534882,34.652016
2321,1.3127472,1.9171428,0.6000004,0.052380952,33,32,30.60788,34.652016
2322,1.2861538,1.90183152,0.6000004,0.05157509,33,32,30.60788,34.410256
2323,1.2684249,1.90183152,0.6000004,0.05157509,33,32,30.60788,34.652016
2325,1.2684249,1.9034432,0.6000004,0.05157509,33,32,30.60788,34.652016
2326,1.2684249,1.9034432,0.6000004,0.053186816,33,32,30.193818,34.813188
2327,1.3151648,2.0815382,0.6000004,0.053186816,33,32,30.193818,34.813188
2328,1.3151648,2.0815382,0.6000004,0.053186816,33,32,29.901062,34.813188
2330,1.3151648,2.0815382,0.6000004,0.05076923,33,32,29.901062,34.974356
2331,1.2853479,2.0815382,0.6000004,0.05076923,33,32,29.901062,34.571428
2332,1.2780952,2.0219048,0.6000004,0.05076923,33,32,30.315674,34.571428
2334,1.2748718,2.0219048,0.6000004,0.05076923,33,32,29.901062,34.49084
2335,1.2780952,2.0219048,0.6000004,0.05076923,33,32,30.120666,34.49084
2336,1.2780952,1.97113552,0.6000004,0.05157509,33,32,30.315674,34.49084
2337,1.2869598,1.97113552,0.6000004,0.05076923,33,32,30.340058,34.249084
2339,1.2869598,1.97113552,0.6000004,0.05076923,33,32,30.14505,34.087912
2340,1.2869598,1.9211722,0.6000004,0.05157509,33,32,30.14505,34.249084
2341,1.2869598,1.9211722,0.6000004,0.05076923,33,32,30.340058,34.813188
2343,1.2942125,1.9211722,0.6000004,0.04915751,33,32,30.778198,34.249084
2344,1.2571429,1.9211722,0.6000004,0.04915751,33,32,30.778198,33.846156
2345,1.2684249,2.0227106,0.6000004,0.04915751,33,32,30.778198,34.974356
2347,1.2942125,2.0227106,0.6000004,0.04915751,33,32,30.826844,34.571428
2348,1.2684249,2.0227106,0.6000004,0.04915751,33,32,30.826844,33.846156
2349,1.2643955,2.0227106,0.6000004,0.049963368,33,32,30.826844,34.571428
2350,1.2684249,1.94615384,0.6000004,0.05157509,33,32,30.924072,34.732596
2352,1.2692307,1.94615384,0.6000004,0.05157509,33,32,30.924072,34.571428
2353,1.2692307,1.94615384,0.6000004,0.052380952,33,32,30.924072,34.732596
2354,1.3014652,1.94615384,0.6000004,0.052380952,33,32,31.094146,34.732596
2356,1.3038827,2.0686446,0.6000004,0.052380952,33,32,31.094146,34.732596
2357,1.3014652,2.0686446,0.6000004,0.053186816,33,32,30.632232,34.652016
2358,1.3014652,2.0686446,0.6000004,0.053186816,33,32,30.461822,34.652016
2359,1.3014652,2.0686446,0.6000004,0.05076923,33,32,30.461822,34.652016
2361,1.2990476,2.020293,0.6000004,0.047545788,33,32,30.461822,34.974356
2362,1.2716483,1.8333334,0.6000004,0.047545788,33,32,30.461822,34.1685
2363,1.2716483,2.020293,0.6000004,0.046739924,33,32,30.559204,34.1685
2365,1.3087178,2.020293,0.6000004,0.046739924,33,32,30.583558,34.813188
2366,1.2426374,1.8204394,0.6000004,0.046739924,33,32,30.583558,34.1685
2367,1.3046886,2.1121612,0.6000004,0.047545788,33,32,30.583558,34.1685
2368,1.3046886,2.1121612,0.6000004,0.047545788,33,32,30.583558,34.813188
2370,1.2587546,2.1016848,0.6000004,0.04835165,33,32,30.583558,34.813188
2371,1.2587546,2.031575,0.6000004,0.05157509,33,32,30.486206,34.087912
2372,1.2611722,2.1016848,0.6000004,0.05157509,33,32,30.461822,34.32967
2374,1.2587546,2.031575,0.6000004,0.05157509,33,32,30.36444,34.249084
2375,1.2523076,2.031575,0.6000004,0.05157509,33,32,30.461822,34.087912
2376,1.2611722,2.0557508,0.6000004,0.05157509,33,32,30.461822,34.249084
2377,1.2498901,2.0557508,0.6000004,0.05157509,33,32,30.826844,34.249084
2379,1.2498901,2.0065934,0.6000004,0.04835165,33,32,30.924072,34.249084
2380,1.2498901,2.0065934,0.6000004,0.05157509,33,32,30.924072,34.249084
2381,1.2498901,1.96146516,0.6000004,0.05157509,33,32,30.996978,34.249084
2383,1.2498901,1.96146516,0.6000004,0.05076923,33,32,31.458252,34.249084
2384,1.2579486,1.96146516,0.6000004,0.05076923,33,32,31.628022,34.813188
2385,1.2821245,1.94615384,0.6000004,0.05399267,32,32,31.628022,35.13553
2387,1.2821245,1.94615384,0.6000004,0.05076923,32,32,31.628022,35.13553
2388,1.2821245,1.94615384,0.6000004,0.054798532,33,32,31.60379,34.813188
2389,1.2813187,1.94615384,0.6000004,0.054798532,32,32,31.458252,34.813188
2390,1.2555311,2.0323808,0.6000004,0.05399267,32,32,30.996978,34.652016
2392,1.2555311,2.0323808,0.6000004,0.04835165,32,32,31.458252,34.652016
2393,1.2780952,2.0323808,0.6000004,0.05157509,32,32,31.02127,34.813188
2394,1.2708426,2.1194138,0.6000004,0.04835165,32,32,31.02127,35.054948
2396,1.2708426,2.1194138,0.6000004,0.04835165,32,32,31.700776,35.054948
2397,1.2708426,2.1105494,0.6000004,0.04915751,32,32,31.700776,35.054948
2398,1.2539194,2.1105494,0.6000004,0.05076923,32,32,31.385468,35.61905
2399,1.227326,1.9139194,0.6000004,0.04915751,32,32,31.652282,35.054948
2401,1.227326,1.9139194,0.6000004,0.04915751,32,32,31.652282,34.974356
2402,1.227326,1.9139194,0.6000004,0.04835165,32,32,31.385468,34.974356
2403,1.227326,1.9139194,0.6000004,0.04835165,32,32,31.385468,34.974356
2405,1.2418314,1.9590476,0.6000004,0.04835165,32,32,31.652282,34.813188
2406,1.2555311,1.9590476,0.6000004,0.049963368,32,33,31.40973,34.974356
2407,1.2490842,1.9590476,0.6000004,0.049963368,32,33,31.40973,35.13553
2408,1.2490842,2.0299636,0.6000004,0.049963368,32,33,31.7976984,35.13553
2410,1.2555311,2.0299636,0.6000004,0.049963368,32,33,31.894622,35.13553
2411,1.2579486,2.0299636,0.6000004,0.05076923,32,33,31.870392,35.61905
2412,1.2579486,2.0299636,0.6000004,0.04915751,32,33,31.870392,35.61905
2414,1.2724542,2.0251282,0.6000004,0.047545788,32,33,31.870392,34.974356
2415,1.2724542,2.0251282,0.6000004,0.045934064,32,33,31.628022,34.571428
2416,1.2668132,2.0251282,0.6000004,0.045934064,32,33,31.628022,34.571428
2417,1.2668132,2.0251282,0.6000004,0.045934064,32,33,31.628022,34.571428
2419,1.2740658,2.0694504,0.6000004,0.045934064,32,33,31.652282,34.893772
2420,1.2668132,2.0694504,0.6000004,0.045934064,32,33,31.652282,34.893772
2421,1.2668132,2.0694504,0.6000004,0.045934064,32,33,31.700776,35.13553
2423,1.2595605,2.0694504,0.6000004,0.045128208,32,33,31.700776,35.13553
2424,1.2313553,2.031575,0.6000004,0.045128208,32,33,31.967286,35.61905
2425,1.2313553,2.031575,0.6000004,0.045934064,32,33,31.652282,35.296708
2426,1.2313553,2.031575,0.6000004,0.04915751,32,33,31.628022,35.296708
2428,1.2587546,2.009817,0.6000004,0.04915751,32,33,31.60379,35.296708
2429,1.2587546,2.009817,0.6000004,0.05157509,32,33,31.60379,35.296708
2430,1.2587546,2.009817,0.6000004,0.05157509,32,33,31.60379,35.054948
2432,1.2587546,1.91150192,0.6000004,0.052380952,32,33,31.60379,35.054948
2433,1.2587546,1.91150192,0.6000004,0.052380952,32,33,31.773468,34.974356
2434,1.2394138,1.91150192,0.6000004,0.054798532,32,33,31.773468,34.893772
2436,1.2378022,1.91150192,0.6000004,0.052380952,32,33,31.84616,34.974356
2437,1.2627839,1.91150192,0.6000004,0.052380952,32,33,31.84616,35.054948
2438,1.2595605,2.0630038,0.6000004,0.052380952,32,33,31.84616,35.054948
2439,1.2353846,2.0630038,0.6000004,0.047545788,32,33,31.652282,35.054948
2441,1.2595605,2.0630038,0.6000004,0.047545788,31,33,31.943084,35.054948
2442,1.2603662,2.0630038,0.6000004,0.04915751,31,33,31.385468,35.53846
2443,1.2595605,2.0630038,0.6000004,0.05076923,31,33,31.385468,34.893772
2445,1.2345787,2.014652,0.6000004,0.04915751,31,33,31.40973,34.813188
2446,1.2345787,2.014652,0.6000004,0.04915751,31,33,31.43399,34.813188
2447,1.2345787,2.014652,0.6000004,0.04835165,31,33,31.43399,34.893772
2448,1.2337729,1.8978022,0.6000004,0.04835165,31,33,31.482514,34.893772
2450,1.2128205,1.8978022,0.6000004,0.04835165,31,33,31.43399,34.974356
2451,1.2144322,1.8978022,0.6000004,0.047545788,31,33,31.43399,34.974356
2452,1.2144322,1.8978022,0.6000004,0.047545788,31,33,31.628022,35.13553
2454,1.2128205,1.9872527,0.6000004,0.047545788,31,33,31.628022,35.13553
2455,1.2144322,1.9872527,0.6000004,0.047545788,32,33,31.918854,35.216116
2456,1.2281318,1.9872527,0.6000004,0.045128208,31,33,31.918854,35.216116
2457,1.2515018,1.9872527,0.6000004,0.047545788,31,33,31.943084,35.61905
2459,1.2515018,1.9872527,0.6000004,0.047545788,31,33,32.039948,35.94139
2460,1.2515018,2.0557508,0.6000004,0.052380952,31,33,31.918854,35.216116
2461,1.2635897,2.0557508,0.6000004,0.05157509,31,33,32.039948,35.13553
2463,1.2635897,2.0557508,0.6000004,0.05157509,31,33,32.039948,35.13553
2464,1.2660073,2.0871794,0.6000004,0.05157509,31,33,32.039948,35.13553
2465,1.2563369,2.0557508,0.6000004,0.05157509,31,33,31.84616,35.13553
2466,1.2563369,2.0428572,0.6000004,0.05157509,31,33,32.257812,35.13553
2468,1.2563369,2.0992676,0.6000004,0.05076923,31,33,32.209444,35.53846
2469,1.2563369,2.0428572,0.6000004,0.05076923,31,33,32.209444,35.53846
2470,1.2547253,2.0428572,0.6000004,0.052380952,31,33,31.894622,36.263736
2472,1.2547253,2.0428572,0.6000004,0.05076923,31,33,32.209444,35.53846
2473,1.2466667,2.0734796,0.6000004,0.052380952,31,33,31.894622,36.263736
2474,1.2426374,2.0686446,0.6000004,0.052380952,31,33,31.894622,35.53846
2475,1.2466667,2.0686446,0.6000004,0.05076923,31,33,31.894622,35.78022
2477,1.2466667,2.0686446,0.6000004,0.05076923,31,33,31.894622,35.78022
2478,1.245055,2.0686446,0.6000004,0.05076923,31,33,31.894622,35.78022
2479,1.245055,2.0251282,0.6000004,0.05076923,31,33,31.870392,35.78022
2481,1.2539194,2.0251282,0.6000004,0.049963368,31,33,31.967286,35.78022
2482,1.245055,2.077509,0.6000004,0.049963368,31,33,31.967286,36.102564
2483,1.2539194,2.0251282,0.6000004,0.04915751,31,33,31.967286,35.216116
2484,1.2539194,2.0009522,0.6000004,0.049963368,31,33,32.015716,36.102564
2486,1.2434432,2.077509,0.6000004,0.04915751,31,33,32.015716,35.216116
2487,1.2426374,2.0009522,0.6000004,0.047545788,31,33,32.015716,35.37729
2488,1.2313553,1.887326,0.6000004,0.047545788,31,33,31.84616,35.37729
2490,1.2144322,2.0009522,0.6000004,0.049963368,31,33,32.015716,35.45788
2491,1.1991209,1.887326,0.6000004,0.049963368,31,33,31.84616,35.37729
2492,1.2144322,1.887326,0.6000004,0.049963368,31,33,32.015716,35.45788
2494,1.2007326,2.089597,0.6000004,0.049963368,31,33,31.84616,35.78022
2495,1.2007326,2.089597,0.6000004,0.049963368,31,33,31.84616,35.78022
2496,1.2007326,2.089597,0.6000004,0.05157509,31,33,31.676514,35.37729
2497,1.2007326,2.1137728,0.6000004,0.049963368,31,33,31.676514,35.45788
2499,1.2007326,2.089597,0.6000004,0.049963368,31,33,31.676514,35.37729
2500,1.2168498,1.93648352,0.6000004,0.05076923,31,33,31.676514,35.296708
2501,1.2482783,2.1137728,0.6000004,0.049963368,31,33,31.749238,35.37729
2503,1.2482783,1.93648352,0.6000004,0.04835165,31,33,31.7976984,35.216116
2504,1.2482783,1.93648352,0.6000004,0.04835165,31,33,31.7976984,35.216116
2505,1.2224909,1.9574358,0.6000004,0.05076923,31,33,31.7976984,35.216116
2506,1.2136264,1.9574358,0.6000004,0.05076923,31,33,31.555298,35.296708
2508,1.1934798,1.9574358,0.6000004,0.052380952,31,33,31.458252,35.296708
2509,1.1934798,1.9574358,0.6000004,0.052380952,31,33,31.458252,35.45788
2510,1.2224909,1.9816116,0.6000004,0.052380952,31,33,31.555298,35.45788
2512,1.2232966,1.9816116,0.6000004,0.04835165,31,33,31.773468,35.296708
2513,1.2232966,1.9816116,0.6000004,0.04835165,30,33,31.773468,35.37729
2514,1.2232966,1.9816116,0.6000004,0.04835165,30,33,32.209444,35.37729
2515,1.2071794,2.037216,0.6000004,0.04835165,30,33,31.773468,35.37729
2517,1.2071794,2.037216,0.6000004,0.049963368,31,33,32.209444,35.53846
2518,1.2071794,1.94212452,0.6000004,0.05157509,30,33,31.749238,35.53846
2519,1.2289378,2.037216,0.6000004,0.049963368,30,33,32.306212,35.53846
2521,1.2418314,1.94212452,0.6000004,0.05076923,30,33,31.894622,35.53846
2522,1.2418314,1.94212452,0.6000004,0.05157509,31,33,31.894622,35.69964
2523,1.2289378,2.0170694,0.6000004,0.05076923,30,33,31.894622,35.37729
2524,1.2515018,2.0170694,0.6000004,0.05076923,30,33,32.209444,36.424908
2526,1.203956,2.0170694,0.6000004,0.05157509,30,33,32.11258,36.58608
2527,1.203956,2.0170694,0.6000004,0.052380952,30,33,32.209444,36.58608
2528,1.2112088,1.9606593,0.6000004,0.052380952,30,33,32.209444,36.424908
2530,1.2345787,1.9606593,0.6000004,0.052380952,30,33,32.451384,36.424908
2531,1.2345787,1.985641,0.6000004,0.052380952,30,33,32.451384,36.18315
2532,1.2345787,1.985641,0.6000004,0.049963368,30,33,32.451384,36.18315
2534,1.2345787,1.985641,0.6000004,0.049963368,30,33,32.18521,35.94139
2535,1.2281318,2.1250548,0.6000004,0.04915751,30,33,32.693236,35.94139
2536,1.2120146,2.0356042,0.6000004,0.04915751,30,33,32.039948,35.94139
2537,1.2047619,2.0356042,0.6000004,0.04915751,30,34,31.967286,35.94139
2539,1.2047619,2.0356042,0.6000004,0.046739924,30,33,32.039948,35.86081
2540,1.2047619,2.0356042,0.6000004,0.046739924,30,34,32.233612,35.86081
2541,1.2047619,1.9574358,0.6000004,0.04915751,30,34,32.233612,35.61905
2543,1.2305494,1.9574358,0.6000004,0.046739924,30,34,32.233612,35.61905
2544,1.2345787,1.9574358,0.6000004,0.047545788,30,34,32.596496,35.61905
2545,1.2345787,1.9574358,0.6000004,0.047545788,30,34,32.596496,35.61905
2546,1.2345787,1.9574358,0.6000004,0.047545788,30,34,32.596496,36.102564
2548,1.2345787,1.9703296,0.6000004,0.047545788,30,34,32.257812,36.102564
2549,1.2345787,1.9703296,0.6000004,0.047545788,30,34,32.378816,36.102564
2550,1.2216849,1.9703296,0.6000004,0.04915751,30,34,32.257812,36.424908
2552,1.2208791,1.9703296,0.6000004,0.049963368,30,34,31.870392,35.94139
2553,1.1910622,2.0597802,0.6000004,0.04915751,30,34,31.870392,35.94139
2554,1.2184615,2.0597802,0.6000004,0.04835165,30,34,32.16101,36.18315
2555,1.1991209,2.0597802,0.6000004,0.049963368,30,34,31.870392,36.18315
2557,1.1991209,2.0597802,0.6000004,0.04835165,30,34,32.16101,35.78022
2558,1.1991209,1.8978022,0.6000004,0.04835165,30,34,32.16101,35.78022
2559,1.2184615,1.8978022,0.6000004,0.04835165,30,34,32.16101,35.78022
2561,1.2265202,1.8978022,0.6000004,0.049963368,30,34,32.548128,35.78022
2562,1.2265202,1.8978022,0.6000004,0.05076923,30,34,32.548128,36.102564
2563,1.2015384,1.97113552,0.6000004,0.05076923,30,34,32.06418,36.102564
2564,1.2015384,1.97113552,0.6000004,0.05076923,30,34,32.282012,36.263736
2566,1.2015384,1.97113552,0.6000004,0.05076923,30,34,32.282012,36.263736
2567,1.2015384,1.97113552,0.6000004,0.04835165,30,34,32.282012,36.58608
2568,1.2112088,1.97194136,0.6000004,0.04835165,30,34,32.282012,36.263736
2570,1.2176556,1.97194136,0.6000004,0.04835165,30,34,32.282012,36.263736
2571,1.2176556,1.97194136,0.6000004,0.045934064,30,34,32.427216,35.86081
2572,1.2168498,1.97194136,0.6000004,0.04835165,30,34,32.427216,35.86081
2573,1.2112088,1.97194136,0.6000004,0.049963368,30,34,32.257812,35.86081
2575,1.1910622,1.97113552,0.6000004,0.049963368,30,34,32.257812,35.69964
2576,1.1910622,1.97113552,0.6000004,0.049963368,30,34,32.572296,35.69964
2577,1.2055677,1.97113552,0.6000004,0.049963368,30,34,32.572296,35.94139
2579,1.1910622,1.97113552,0.6000004,0.049963368,30,34,32.282012,36.02198
2580,1.1910622,2.0468864,0.6000004,0.04915751,30,34,32.403016,35.69964
2581,1.2055677,2.0468864,0.6000004,0.047545788,30,34,32.572296,36.02198
2583,1.2128205,2.0468864,0.6000004,0.047545788,30,34,32.693236,36.102564
2584,1.2128205,2.0468864,0.6000004,0.047545788,30,34,32.620668,36.02198
2585,1.2128205,2.0871794,0.6000004,0.045934064,30,34,32.620668,36.102564
2586,1.2144322,2.1065202,0.6000004,0.045934064,30,34,32.765748,36.424908
2588,1.2144322,2.1065202,0.6000004,0.044322344,30,34,32.620668,36.58608
2589,1.1902565,2.1065202,0.6000004,0.044322344,30,34,32.427216,36.58608
2590,1.1902565,2.1065202,0.6000004,0.043516484,30,34,32.257812,36.666668
2592,1.1902565,2.0630038,0.6000004,0.04029304,30,34,32.257812,36.58608
2593,1.1902565,2.0630038,0.6000004,0.04190476,30,34,32.257812,35.78022
2594,1.1886446,2.0630038,0.6000004,0.04190476,30,34,32.257812,35.78022
2595,1.1886446,2.0347986,0.6000004,0.04271062,30,34,32.257812,36.505496
2597,1.1886446,2.0347986,0.6000004,0.04271062,30,34,32.644868,36.505496
2598,1.1902565,2.0347986,0.6000004,0.044322344,30,34,32.644868,36.82784
2599,1.1886446,1.93648352,0.6000004,0.045128208,30,34,32.427216,36.82784
2601,1.1918681,1.93648352,0.6000004,0.044322344,30,34,32.644868,36.666668
2602,1.1991209,1.93648352,0.6000004,0.045934064,30,34,32.427216,36.82784
2603,1.1918681,1.93648352,0.6000004,0.046739924,30,34,32.18521,36.666668
2604,1.1870329,1.9082784,0.6000004,0.046739924,30,34,32.18521,36.18315
2606,1.1991209,1.93406584,0.6000004,0.046739924,30,34,32.523924,36.18315
2607,1.2160438,1.93406584,0.6000004,0.046739924,30,34,32.403016,35.86081
2608,1.1870329,1.93406584,0.6000004,0.045934064,30,34,32.523924,35.86081
2610,1.1870329,1.93406584,0.6000004,0.045934064,30,34,32.523924,35.94139
2611,1.1821978,2.0307694,0.6000004,0.046739924,30,34,32.403016,36.344324
2612,1.1821978,2.0307694,0.6000004,0.045934064,30,34,32.403016,35.94139
2613,1.1821978,2.0307694,0.6000004,0.046739924,30,34,32.233612,36.263736
2615,1.1862271,2.1226376,0.6000004,0.046739924,30,34,32.233612,36.263736
2616,1.2136264,2.1226376,0.6000004,0.045128208,30,34,32.233612,36.263736
2617,1.2176556,2.0283516,0.6000004,0.044322344,30,34,32.403016,36.263736
2619,1.2176556,2.0347986,0.6000004,0.045128208,30,34,32.354616,36.505496
2620,1.2176556,2.0283516,0.6000004,0.045128208,29,34,32.354616,36.505496
2621,1.2176556,2.0283516,0.6000004,0.045128208,29,34,32.354616,36.82784
2622,1.2128205,2.0283516,0.6000004,0.045128208,29,34,32.354616,36.98901
2624,1.2128205,1.9606593,0.6000004,0.045128208,30,34,32.354616,36.82784
2625,1.2200732,1.9606593,0.6000004,0.044322344,29,34,32.354616,36.82784
2626,1.2200732,1.9606593,0.6000004,0.04271062,29,34,32.354616,36.82784
2628,1.2200732,1.9606593,0.6000004,0.04271062,30,34,32.354616,36.666668
2629,1.2200732,2.0565568,0.6000004,0.04271062,29,34,32.354616,36.666668
2630,1.2136264,2.0565568,0.6000004,0.04271062,29,34,32.11258,36.666668
2632,1.2087912,2.0565568,0.6000004,0.0410989,29,34,32.015716,36.666668
2633,1.2087912,2.0565568,0.6000004,0.0410989,29,34,32.015716,36.666668
2634,1.2015384,1.9090842,0.6000004,0.0410989,29,34,31.943084,35.94139
2635,1.2015384,1.9090842,0.6000004,0.0410989,29,34,31.894622,35.94139
2637,1.2063737,1.9090842,0.6000004,0.044322344,29,34,31.7976984,36.102564
2638,1.2063737,1.9090842,0.6000004,0.044322344,29,34,31.700776,36.102564
2639,1.2063737,2.0476924,0.6000004,0.044322344,29,34,31.458252,36.102564
2641,1.2079853,2.0476924,0.6000004,0.044322344,29,34,31.700776,36.344324
2642,1.2063737,2.0476924,0.6000004,0.044322344,29,34,31.336944,36.344324
2643,1.1942858,2.0476924,0.6000004,0.044322344,29,34,31.336944,36.424908
2644,1.1942858,1.9679121,0.6000004,0.045128208,29,34,31.628022,36.424908
2646,1.197509,1.9679121,0.6000004,0.045128208,29,34,31.628022,36.58608
2647,1.1942858,1.9679121,0.6000004,0.045128208,29,34,31.312684,36.424908
2648,1.1797801,1.9679121,0.6000004,0.043516484,29,34,31.312684,36.424908
2650,1.197509,1.97113552,0.6000004,0.043516484,30,34,31.312684,36.82784
2651,1.197509,1.97113552,0.6000004,0.043516484,29,34,31.312684,36.102564
2652,1.209597,1.97113552,0.6000004,0.043516484,30,34,31.288392,36.02198
2653,1.209597,1.97113552,0.6000004,0.043516484,29,34,31.312684,36.102564
2655,1.209597,1.97113552,0.6000004,0.043516484,29,34,31.482514,36.102564
2656,1.198315,1.9074726,0.6000004,0.043516484,30,34,31.482514,36.02198
2657,1.198315,2.1355312,0.6000004,0.04271062,29,34,31.628022,36.02198
2659,1.198315,2.0404394,0.6000004,0.04271062,29,34,32.354616,36.263736
2660,1.198315,2.0404394,0.6000004,0.043516484,30,34,32.06418,35.86081
2661,1.198315,2.0404394,0.6000004,0.043516484,30,34,32.06418,36.344324
2662,1.1862271,2.0517216,0.6000004,0.043516484,30,34,32.354616,36.344324
2664,1.1862271,2.0404394,0.6000004,0.044322344,29,34,32.354616,36.98901
2665,1.1862271,2.0517216,0.6000004,0.046739924,29,34,32.08838,36.82784
2666,1.1886446,2.0517216,0.6000004,0.046739924,29,34,32.08838,36.98901
2668,1.1886446,1.916337,0.6000004,0.044322344,29,34,32.08838,36.82784
2669,1.1918681,1.916337,0.6000004,0.044322344,29,34,32.039948,36.82784
2670,1.1886446,1.916337,0.6000004,0.043516484,29,34,32.039948,36.74725
2672,1.1918681,1.916337,0.6000004,0.043516484,29,34,32.039948,36.74725
2673,1.174945,1.99531132,0.6000004,0.04190476,29,34,32.039948,35.78022
2674,1.174945,1.99531132,0.6000004,0.04190476,29,34,32.039948,35.94139
2675,1.174945,1.99531132,0.6000004,0.0410989,29,34,32.039948,35.78022
2677,1.1813918,2.0259342,0.6000004,0.04271062,29,34,32.08838,35.94139
2678,1.174945,2.0259342,0.6000004,0.04271062,29,34,32.039948,35.94139
2679,1.1813918,2.0259342,0.6000004,0.04271062,29,34,32.08838,35.94139
2681,1.1813918,2.0259342,0.6000004,0.045934064,29,34,32.257812,36.102564
2682,1.1813918,1.944542,0.6000004,0.047545788,29,34,32.257812,36.102564
2683,1.1813918,1.944542,0.6000004,0.047545788,29,34,32.257812,35.94139
2684,1.1967033,1.944542,0.6000004,0.045934064,29,34,32.596496,35.94139
2686,1.1813918,1.944542,0.6000004,0.045934064,29,34,32.596496,36.02198
2687,1.1830037,2.0646152,0.6000004,0.045934064,29,34,32.451384,35.94139
2688,1.1830037,2.0646152,0.6000004,0.045934064,29,34,32.596496,36.02198
2690,1.1830037,2.0646152,0.6000004,0.045934064,29,34,32.451384,36.18315
2691,1.1805861,2.0646152,0.6000004,0.045934064,29,34,32.209444,36.102564
2692,1.1830037,2.0646152,0.6000004,0.045128208,29,34,32.451384,36.18315
2693,1.1805861,2.0460806,0.6000004,0.046739924,29,34,32.451384,36.263736
2695,1.1805861,2.0460806,0.6000004,0.045128208,29,34,32.451384,36.74725
2696,1.1830037,2.0460806,0.6000004,0.045128208,29,34,32.838256,36.74725
2697,1.1830037,2.0460806,0.6000004,0.043516484,29,34,32.838256,36.74725
2699,1.1830037,1.9646886,0.6000004,0.04271062,29,34,32.838256,36.74725
2700,1.2047619,1.9252014,0.6000004,0.04271062,29,34,33.128172,36.74725
2701,1.2047619,1.94212452,0.6000004,0.04271062,29,34,32.838256,36.74725
2702,1.2055677,1.94212452,0.6000004,0.04271062,29,34,32.523924,36.58608
2704,1.2055677,1.9252014,0.6000004,0.04271062,29,34,32.523924,36.74725
2705,1.1918681,1.94212452,0.6000004,0.04190476,29,34,32.475556,36.74725
2706,1.1918681,2.0767032,0.6000004,0.04029304,29,34,32.475556,36.58608
2708,1.1918681,2.0767032,0.6000004,0.04029304,29,34,32.451384,36.102564
2709,1.1741393,2.0767032,0.6000004,0.04029304,29,34,32.06418,36.102564
2710,1.1709157,2.0767032,0.6000004,0.04029304,29,34,32.015716,36.102564
2711,1.1741393,2.0493038,0.6000004,0.04029304,29,34,32.015716,36.102564
2713,1.1741393,2.0493038,0.6000004,0.0410989,29,34,31.967286,36.102564
2714,1.1709157,2.0493038,0.6000004,0.0410989,29,34,31.82193,36.102564
2715,1.1668864,2.0493038,0.6000004,0.0410989,29,34,31.82193,36.18315
2717,1.174945,2.067033,0.6000004,0.04029304,29,34,31.725006,36.424908
2718,1.1757508,2.067033,0.6000004,0.04029304,29,34,31.749238,36.424908
2719,1.1757508,2.067033,0.6000004,0.04029304,29,34,31.555298,36.424908
2720,1.1757508,2.0928204,0.6000004,0.038681316,29,34,31.555298,36.424908
2722,1.1781685,2.067033,0.6000004,0.038681316,29,34,31.555298,36.74725
2723,1.1781685,2.0928204,0.6000004,0.04190476,29,34,31.239868,36.74725
2724,1.1781685,2.0968496,0.6000004,0.04190476,29,34,31.239868,36.74725
2726,1.1781685,2.0928204,0.6000004,0.04190476,29,34,31.239868,36.102564
2727,1.1781685,2.0106228,0.6000004,0.045128208,29,34,31.628022,36.74725
2728,1.1676922,2.100879,0.6000004,0.045128208,29,34,31.191284,36.102564
2730,1.1676922,2.0106228,0.6000004,0.045128208,29,34,31.191284,36.02198
2731,1.1660806,2.0106228,0.6000004,0.045128208,29,34,31.191284,36.02198
2732,1.1676922,2.0106228,0.6000004,0.0410989,29,34,31.288392,36.02198
2733,1.1612454,1.9703296,0.6000004,0.04029304,29,34,31.191284,35.94139
2735,1.1878388,1.9703296,0.6000004,0.037875456,29,34,31.288392,36.02198
2736,1.174945,1.9703296,0.6000004,0.037875456,29,34,31.288392,36.344324
2737,1.174945,1.9703296,0.6000004,0.037875456,29,34,30.948364,36.344324
2739,1.174945,2.0509156,0.6000004,0.037069596,29,34,30.948364,36.263736
2740,1.192674,2.0509156,0.6000004,0.037875456,29,34,31.43399,36.344324
2741,1.1838094,2.0509156,0.6000004,0.04029304,29,34,31.045562,36.263736
2742,1.1838094,2.0509156,0.6000004,0.03948718,29,34,31.43399,35.86081
2744,1.192674,2.038828,0.6000004,0.04029304,29,34,31.749238,36.263736
2745,1.1838094,2.038828,0.6000004,0.04029304,29,34,31.43399,36.02198
2746,1.1838094,2.038828,0.6000004,0.04029304,29,34,31.749238,36.02198
2748,1.1733333,2.038828,0.6000004,0.04029304,29,34,32.015716,36.102564
2749,1.1934798,2.038828,0.6000004,0.0410989,29,34,32.015716,36.263736
2750,1.1967033,1.98805868,0.6000004,0.04029304,29,34,32.08838,36.58608
2751,1.1967033,1.98805868,0.6000004,0.0410989,29,34,32.08838,36.58608
2753,1.1813918,1.98805868,0.6000004,0.04029304,29,34,32.18521,36.58608
2754,1.1942858,1.98805868,0.6000004,0.04271062,29,34,32.18521,36.344324
2755,1.1813918,2.0049816,0.6000004,0.04029304,29,34,32.18521,35.94139
2757,1.1813918,2.0049816,0.6000004,0.04029304,29,34,31.84616,35.94139
2758,1.1813918,1.9106959,0.6000004,0.03948718,29,34,32.18521,35.86081
2759,1.1886446,2.0049816,0.6000004,0.03948718,29,34,32.18521,36.344324
2760,1.1547985,1.9106959,0.6000004,0.03948718,29,34,31.84616,36.102564
2762,1.1886446,1.9106959,0.6000004,0.03948718,29,34,32.18521,36.58608
2763,1.1451281,1.9469596,0.6000004,0.03948718,29,34,32.18521,36.102564
2764,1.1451281,1.9469596,0.6000004,0.04190476,29,34,32.11258,36.102564
2766,1.1451281,1.9469596,0.6000004,0.04190476,29,34,31.967286,36.102564
2767,1.1596336,1.9469596,0.6000004,0.04190476,29,34,32.11258,36.02198
2768,1.1596336,1.9413186,0.6000004,0.04190476,29,34,32.11258,36.02198
2770,1.1805861,1.9413186,0.6000004,0.04271062,29,34,32.11258,36.263736
2771,1.1821978,1.9413186,0.6000004,0.0410989,29,34,32.233612,36.263736
2772,1.1805861,1.9308424,0.6000004,0.043516484,29,34,32.233612,36.18315
2773,1.1821978,1.9308424,0.6000004,0.043516484,29,34,32.233612,36.263736
2775,1.1821978,1.92681316,0.6000004,0.04029304,29,34,32.233612,36.18315
2776,1.1668864,1.92681316,0.6000004,0.04029304,29,34,32.18521,36.18315
2777,1.1668864,1.9598536,0.6000004,0.04029304,29,34,32.18521,36.58608
2779,1.1717216,1.9598536,0.6000004,0.04029304,29,34,32.209444,36.58608
2780,1.1717216,1.9598536,0.6000004,0.04190476,29,34,32.209444,36.58608
2781,1.1894505,1.97355316,0.6000004,0.04190476,29,34,32.644868,37.15018
2782,1.1894505,1.97355316,0.6000004,0.04029304,29,34,32.644868,36.58608
2784,1.1894505,1.921978,0.6000004,0.04190476,29,34,32.209444,37.15018
2785,1.1894505,1.97355316,0.6000004,0.043516484,29,34,32.06418,37.15018
2786,1.169304,1.921978,0.6000004,0.04029304,29,34,32.06418,36.424908
2788,1.169304,1.921978,0.6000004,0.043516484,29,34,32.06418,36.424908
2789,1.1846154,2.1097434,0.6000004,0.043516484,29,34,32.06418,36.424908
2790,1.1701099,2.1097434,0.6000004,0.04029304,29,34,32.306212,36.424908
2791,1.1757508,2.1097434,0.6000004,0.04029304,29,34,32.306212,36.505496
2793,1.1846154,2.1097434,0.6000004,0.04271062,29,34,32.451384,36.505496
2794,1.1781685,2.1016848,0.6000004,0.04271062,29,34,31.82193,36.505496
2795,1.1781685,2.1016848,0.6000004,0.04271062,29,34,32.451384,36.505496
2797,1.1781685,2.1016848,0.6000004,0.04271062,29,34,32.16101,36.505496
2798,1.1934798,1.9147252,0.6000004,0.045934064,29,34,32.16101,36.82784
2799,1.1830037,1.9147252,0.6000004,0.043516484,29,34,32.16101,36.666668
2800,1.1830037,1.99047616,0.6000004,0.0410989,29,34,32.16101,36.666668
2802,1.1830037,1.92681316,0.6000004,0.043516484,29,34,32.06418,36.666668
2803,1.1830037,1.99047616,0.6000004,0.043516484,29,34,32.015716,36.666668
2804,1.1830037,1.99047616,0.6000004,0.03948718,29,34,32.06418,36.344324
2806,1.1886446,1.99047616,0.6000004,0.03948718,29,34,32.06418,36.344324
2807,1.1886446,1.92681316,0.6000004,0.03948718,29,34,32.403016,36.344324
2808,1.1918681,1.944542,0.6000004,0.03948718,29,34,32.427216,36.344324
2809,1.1918681,1.944542,0.6000004,0.03948718,29,34,32.427216,36.344324
2811,1.1918681,1.944542,0.6000004,0.04190476,29,34,32.427216,36.424908
2812,1.1789744,1.944542,0.6000004,0.04190476,29,34,32.451384,37.0696
2813,1.1789744,1.9679121,0.6000004,0.04190476,29,35,32.451384,37.0696
2815,1.1789744,1.9679121,0.6000004,0.04029304,29,35,32.451384,37.0696
2816,1.1652746,1.9679121,0.6000004,0.04029304,29,35,32.451384,37.0696
2817,1.1652746,2.008205,0.6000004,0.04029304,29,35,32.451384,37.0696
2819,1.1556044,2.008205,0.6000004,0.04029304,29,35,32.11258,36.74725
2820,1.192674,2.008205,0.6000004,0.04029304,29,35,32.11258,36.74725
2821,1.1725274,2.0186812,0.6000004,0.04029304,29,35,32.08838,36.424908
2822,1.1725274,2.0186812,0.6000004,0.04029304,29,35,32.16101,36.505496
2824,1.1725274,2.0186812,0.6000004,0.04029304,29,35,32.16101,36.344324
2825,1.1918681,2.0186812,0.6000004,0.04029304,29,35,32.233612,36.424908
2826,1.1741393,1.9928936,0.6000004,0.04271062,29,35,32.18521,36.424908
2828,1.1870329,1.9928936,0.6000004,0.04271062,29,35,32.233612,36.505496
2829,1.1918681,1.9928936,0.6000004,0.04271062,29,35,32.717408,36.666668
2830,1.1870329,1.9928936,0.6000004,0.04271062,29,35,32.717408,36.74725
2831,1.1741393,2.0493038,0.6000004,0.04271062,29,35,32.475556,36.74725
2833,1.151575,2.0493038,0.6000004,0.0410989,29,35,32.475556,36.74725
2834,1.151575,2.0493038,0.6000004,0.0410989,29,35,32.475556,36.666668
2835,1.1451281,2.0493038,0.6000004,0.0410989,29,35,32.427216,36.58608
2837,1.151575,2.0049816,0.6000004,0.03948718,29,35,32.427216,36.58608
2838,1.151575,2.0049816,0.6000004,0.03948718,29,35,32.427216,36.58608
2839,1.1604396,2.0049816,0.6000004,0.03948718,29,35,32.959076,36.666668
2840,1.1564102,2.0049816,0.6000004,0.038681316,29,35,32.403016,36.58608
2842,1.1604396,2.0428572,0.6000004,0.038681316,29,35,33.104036,36.82784
2843,1.1604396,2.0428572,0.6000004,0.038681316,29,35,32.451384,36.666668
2844,1.1620513,2.0428572,0.6000004,0.038681316,29,35,32.934906,36.90843
2846,1.1620513,2.0428572,0.6000004,0.038681316,29,35,32.717408,36.74725
2847,1.1854212,2.0227106,0.6000004,0.04029304,29,35,32.934906,36.90843
2848,1.1620513,2.0227106,0.6000004,0.0410989,29,35,32.717408,36.82784
2849,1.1813918,2.0227106,0.6000004,0.04029304,29,35,32.934906,37.15018
2851,1.1805861,2.0227106,0.6000004,0.0410989,29,35,32.765748,37.15018
2852,1.1805861,2.0952382,0.6000004,0.0410989,29,35,32.765748,37.15018
2853,1.1805861,2.0952382,0.6000004,0.0410989,29,35,32.765748,36.82784
2855,1.1805861,2.0952382,0.6000004,0.0410989,29,35,32.765748,36.74725
2856,1.1765568,2.0952382,0.6000004,0.0410989,29,35,32.717408,36.666668
2857,1.1765568,1.95824176,0.6000004,0.0410989,29,35,32.717408,36.666668
2858,1.1644689,1.95824176,0.6000004,0.0410989,29,35,33.055696,36.666668
2860,1.1644689,1.95824176,0.6000004,0.04029304,29,35,33.055696,36.666668
2861,1.1805861,1.95824176,0.6000004,0.04029304,29,35,33.200652,36.666668
2862,1.1805861,1.94212452,0.6000004,0.04029304,28,35,33.200652,36.666668
2864,1.1805861,2.0718682,0.6000004,0.04029304,29,35,33.200652,36.74725
2865,1.1805861,2.0718682,0.6000004,0.04029304,29,35,33.200652,36.82784
2866,1.1805861,2.0718682,0.6000004,0.04190476,28,35,33.200652,36.98901
2867,1.174945,2.0718682,0.6000004,0.037875456,29,35,33.200652,36.82784
2869,1.1797801,2.0718682,0.6000004,0.038681316,28,35,33.538664,36.82784
2870,1.1773626,2.1145788,0.6000004,0.038681316,28,35,33.200652,36.82784
2871,1.1797801,2.0662272,0.6000004,0.038681316,28,35,33.5869152,37.0696
2873,1.1773626,2.0662272,0.6000004,0.038681316,28,35,33.200652,36.82784
2874,1.1797801,2.0662272,0.6000004,0.038681316,28,35,33.36966,37.15018
2875,1.1773626,2.0662272,0.6000004,0.038681316,28,35,33.079864,37.15018
2877,1.1797801,1.9961172,0.6000004,0.038681316,28,35,32.765748,37.15018
2878,1.1757508,1.9961172,0.6000004,0.038681316,28,35,32.693236,36.82784
2879,1.1797801,1.9961172,0.6000004,0.038681316,28,35,32.693236,36.98901
2880,1.1757508,1.9961172,0.6000004,0.038681316,28,35,32.620668,36.82784
2882,1.1797801,1.92681316,0.6000004,0.038681316,28,35,32.693236,36.98901
2883,1.1821978,1.9695238,0.6000004,0.038681316,28,35,32.620668,36.98901
2884,1.1821978,1.9695238,0.6000004,0.038681316,28,35,32.596496,36.98901
2886,1.1821978,1.9695238,0.6000004,0.03948718,28,35,32.451384,36.82784
2887,1.1821978,1.9695238,0.6000004,0.0410989,28,35,32.403016,36.82784
2888,1.1741393,2.0597802,0.6000004,0.0410989,28,35,32.16101,36.82784
2889,1.1741393,2.0597802,0.6000004,0.0410989,28,35,32.08838,36.82784
2891,1.1781685,2.0597802,0.6000004,0.0410989,28,35,32.08838,36.82784
2892,1.1741393,2.0597802,0.6000004,0.04029304,28,35,31.894622,37.875456
2893,1.1781685,2.0025642,0.6000004,0.04029304,28,35,31.894622,38.03663
2895,1.1821978,2.0025642,0.6000004,0.04029304,28,35,31.894622,38.03663
2896,1.1821978,2.0025642,0.6000004,0.04029304,28,35,31.700776,37.875456
2897,1.1821978,2.0025642,0.6000004,0.04029304,28,35,31.700776,37.47253
2898,1.1821978,1.94212452,0.6000004,0.04029304,28,35,31.918854,36.90843
2900,1.1604396,1.9324542,0.6000004,0.04190476,28,35,31.700776,36.90843
2901,1.1604396,1.9324542,0.6000004,0.037875456,28,35,31.918854,37.47253
2902,1.1620513,2.0122344,0.6000004,0.037875456,28,35,31.918854,37.47253
2904,1.1604396,1.9324542,0.6000004,0.038681316,28,35,31.725006,37.714288
2905,1.1620513,2.0122344,0.6000004,0.0410989,28,35,31.725006,37.714288
2906,1.1741393,2.0122344,0.6000004,0.0410989,28,35,31.7976984,37.0696
2907,1.1741393,1.98967024,0.6000004,0.0410989,28,35,31.7976984,37.0696
2909,1.1741393,1.98967024,0.6000004,0.0410989,28,35,31.7976984,37.15018
2910,1.1741393,1.98967024,0.6000004,0.0410989,28,35,32.16101,37.0696
2911,1.1741393,1.98967024,0.6000004,0.0410989,28,35,31.943084,37.15018
2913,1.1910622,2.0533332,0.6000004,0.04029304,28,35,32.13681,37.15018
2914,1.1910622,2.0533332,0.6000004,0.04029304,28,35,31.943084,36.82784
2915,1.198315,2.0533332,0.6000004,0.03948718,28,35,32.13681,36.82784
2917,1.198315,2.0533332,0.6000004,0.04190476,28,35,32.039948,36.82784
2918,1.198315,2.0533332,0.6000004,0.04029304,28,35,32.13681,36.82784
2919,1.1821978,2.0710624,0.6000004,0.04190476,28,35,32.18521,36.82784
2920,1.1821978,2.0710624,0.6000004,0.04190476,28,35,32.644868,37.0696
2922,1.158022,2.0710624,0.6000004,0.04271062,28,35,32.499756,37.0696
2923,1.1781685,2.0710624,0.6000004,0.04190476,28,35,32.814088,37.0696
2924,1.1475457,1.9380952,0.6000004,0.04190476,28,35,32.499756,36.82784
2926,1.1475457,1.9380952,0.6000004,0.04271062,28,35,32.499756,37.0696
2927,1.1419048,1.9380952,0.6000004,0.04190476,28,35,32.499756,37.39194
2928,1.140293,1.9380952,0.6000004,0.04190476,28,35,32.862396,37.15018
2929,1.140293,1.96227108,0.6000004,0.04190476,28,35,32.862396,37.23077
2931,1.1419048,1.96227108,0.6000004,0.04271062,28,35,32.862396,37.39194
2932,1.140293,1.96227108,0.6000004,0.038681316,28,35,32.862396,37.23077
2933,1.140293,2.0057876,0.6000004,0.03948718,28,35,32.693236,37.15018
2935,1.1338462,2.0057876,0.6000004,0.03948718,28,35,32.644868,36.82784
2936,1.1338462,2.0057876,0.6000004,0.0410989,28,35,32.644868,36.82784
2937,1.1338462,2.0057876,0.6000004,0.03948718,28,35,32.644868,36.74725
2938,1.1338462,1.9695238,0.6000004,0.03948718,28,35,32.644868,36.82784
2940,1.1362637,1.9695238,0.6000004,0.038681316,28,35,32.838256,36.82784
2941,1.1604396,1.9695238,0.6000004,0.038681316,28,35,32.838256,37.956044
2942,1.1604396,1.9671062,0.6000004,0.038681316,28,35,32.838256,37.956044
2944,1.1604396,1.9695238,0.6000004,0.038681316,28,35,32.838256,37.956044
2945,1.1539926,1.9671062,0.6000004,0.038681316,28,35,32.838256,36.90843
2946,1.1539926,1.9671062,0.6000004,0.038681316,28,35,32.910736,36.666668
2947,1.1539926,2.0767032,0.6000004,0.037069596,28,35,33.27307,36.666668
2949,1.1547985,2.0767032,0.6000004,0.037069596,28,35,33.34552,36.666668
2950,1.1684982,2.0767032,0.6000004,0.038681316,28,35,33.34552,37.23077
2951,1.1684982,2.0767032,0.6000004,0.04190476,28,35,33.152312,37.794872
2953,1.1684982,2.0767032,0.6000004,0.04271062,28,35,33.152312,37.794872
2954,1.1507692,1.95501832,0.6000004,0.043516484,28,35,33.104036,37.23077
2955,1.1507692,2.154872,0.6000004,0.043516484,28,35,32.862396,37.23077
2956,1.1507692,2.0533332,0.6000004,0.043516484,28,35,32.862396,36.98901
2958,1.1531868,2.0533332,0.6000004,0.043516484,28,35,32.934906,36.98901
2959,1.1668864,2.0533332,0.6000004,0.043516484,28,35,32.934906,37.15018
2960,1.1765568,2.0533332,0.6000004,0.045128208,28,35,32.983216,37.15018
2962,1.1765568,1.9542124,0.6000004,0.045934064,28,35,33.079864,37.15018
2963,1.1830037,1.9542124,0.6000004,0.045934064,28,35,33.490388,37.47253
2964,1.1838094,1.9542124,0.6000004,0.045128208,28,35,33.490388,37.47253
2966,1.1838094,1.9542124,0.6000004,0.04271062,28,35,33.104036,37.47253
2967,1.1725274,2.090403,0.6000004,0.04190476,28,35,33.079864,37.15018
2968,1.1918681,2.090403,0.6000004,0.04029304,28,35,33.104036,37.23077
2969,1.1725274,2.090403,0.6000004,0.04029304,28,35,32.959076,37.0696
2971,1.1725274,2.090403,0.6000004,0.038681316,28,35,32.959076,37.0696
2972,1.1870329,2.0807326,0.6000004,0.038681316,28,35,32.910736,37.23077
2973,1.1870329,2.0807326,0.6000004,0.04029304,28,35,32.814088,37.714288
2975,1.1725274,2.0807326,0.6000004,0.038681316,28,35,32.620668,37.714288
2976,1.1870329,2.0807326,0.6000004,0.0410989,28,35,32.789916,37.714288
2977,1.1725274,2.0871794,0.6000004,0.0410989,28,35,32.669036,37.39194
2978,1.1652746,2.0871794,0.6000004,0.037875456,28,35,32.669036,37.39194
2980,1.1652746,2.0871794,0.6000004,0.037875456,28,35,32.789916,37.39194
2981,1.1652746,2.0871794,0.6000004,0.04190476,28,35,32.814088,37.39194
2982,1.1652746,1.9477656,0.6000004,0.04190476,28,35,33.031556,37.15018
2984,1.1773626,1.9477656,0.6000004,0.04190476,28,35,33.29724,37.6337
2985,1.1773626,1.9477656,0.6000004,0.04190476,28,35,33.031556,37.15018
2986,1.1773626,1.9477656,0.6000004,0.04190476,28,35,33.031556,37.15018
2987,1.1773626,1.98,0.6000004,0.03948718,28,35,33.128172,37.6337
2989,1.1870329,1.98,0.6000004,0.03948718,28,35,33.34552,37.6337
2990,1.1709157,1.98,0.6000004,0.03948718,28,35,33.200652,37.553112
2991,1.1862271,2.0799268,0.6000004,0.03948718,28,35,33.200652,37.794872
2993,1.1709157,2.0799268,0.6000004,0.037875456,28,35,33.128172,37.553112
2994,1.1572161,2.0799268,0.6000004,0.037069596,28,35,32.934906,37.553112
2995,1.1443224,2.0799268,0.6000004,0.037069596,28,35,32.427216,36.82784
2996,1.1443224,1.95501832,0.6000004,0.037069596,28,35,32.378816,38.1172184
2998,1.1443224,1.95501832,0.6000004,0.034652012,28,35,32.378816,36.98901
2999,1.1451281,1.95501832,0.6000004,0.037069596,28,35,32.378816,38.1172184
3000,1.1499634,1.95501832,0.6000004,0.0410989,28,35,32.693236,36.98901
3002,1.1636629,2.1178022,0.6000004,0.0410989,28,35,33.079864,37.714288
3003,1.1636629,2.1178022,0.6000004,0.0410989,28,35,33.079864,36.98901
3004,1.1652746,2.1178022,0.6000004,0.0410989,28,35,33.079864,37.714288
3005,1.152381,2.1178022,0.6000004,0.0410989,28,35,32.983216,36.98901
3007,1.1644689,2.1339192,0.6000004,0.0410989,28,35,32.983216,36.98901
3008,1.1644689,2.107326,0.6000004,0.0410989,28,35,32.983216,36.98901
3009,1.1644689,2.107326,0.6000004,0.04271062,28,35,32.983216,37.15018
3011,1.1644689,2.107326,0.6000004,0.04271062,28,35,32.983216,37.15018
3012,1.1765568,2.107326,0.6000004,0.03948718,28,35,33.200652,37.6337
3013,1.1765568,1.9928936,0.6000004,0.036263736,28,35,33.611052,37.6337
3014,1.1741393,1.9928936,0.6000004,0.03948718,28,35,33.200652,37.6337
3016,1.1741393,1.9928936,0.6000004,0.03948718,28,35,33.200652,37.6337
3017,1.1491574,1.96146516,0.6000004,0.04029304,28,35,33.200652,38.03663
3018,1.1491574,1.96146516,0.6000004,0.04029304,28,35,33.36966,38.1978
3020,1.1370696,1.96146516,0.6000004,0.04029304,28,35,33.200652,38.03663
3021,1.1370696,1.96146516,0.6000004,0.04029304,28,35,33.36966,37.553112
3022,1.1676922,2.0831502,0.6000004,0.03948718,28,35,33.36966,37.553112
3024,1.1676922,2.0831502,0.6000004,0.038681316,28,35,33.176484,37.553112
3025,1.1652746,2.0831502,0.6000004,0.038681316,28,35,33.007384,37.553112
3026,1.1652746,2.0831502,0.6000004,0.03948718,28,35,33.007384,37.553112
3027,1.1604396,2.0984616,0.6000004,0.04271062,28,35,32.838256,37.553112
3029,1.1604396,2.0984616,0.6000004,0.04271062,28,35,32.910736,37.15018
3030,1.1604396,2.0984616,0.6000004,0.04271062,28,35,32.910736,37.714288
3031,1.1604396,2.0984616,0.6000004,0.04190476,28,35,32.910736,37.23077
3033,1.1507692,2.0984616,0.6000004,0.0410989,28,35,32.765748,37.15018
3034,1.151575,2.0259342,0.6000004,0.0410989,28,35,32.910736,37.23077
3035,1.1499634,2.0259342,0.6000004,0.0410989,28,35,32.910736,37.23077
3036,1.1499634,2.031575,0.6000004,0.037069596,28,35,32.910736,37.23077
3038,1.1499634,2.031575,0.6000004,0.035457876,28,35,33.200652,37.6337
3039,1.1499634,2.031575,0.6000004,0.037069596,28,35,33.34552,37.875456
3040,1.1394872,2.031575,0.6000004,0.037069596,28,35,33.34552,37.6337
3042,1.1394872,2.031575,0.6000004,0.037069596,28,35,33.514496,37.875456
3043,1.1394872,1.96871792,0.6000004,0.03948718,28,35,33.804108,38.03663
3044,1.1394872,1.96871792,0.6000004,0.03948718,28,35,33.5869152,38.03663
3045,1.1459341,1.96871792,0.6000004,0.03948718,28,35,33.852356,38.03663
3047,1.1459341,2.0122344,0.6000004,0.03948718,28,35,33.852356,38.03663
3048,1.1459341,2.0122344,0.6000004,0.03948718,28,35,33.5869152,37.23077
3049,1.1531868,2.0122344,0.6000004,0.04029304,28,35,33.5869152,37.23077
3051,1.1459341,1.97838832,0.6000004,0.04190476,28,35,33.442076,37.23077
3052,1.1459341,2.0122344,0.6000004,0.04190476,28,35,33.442076,37.23077
3053,1.1628572,1.97838832,0.6000004,0.04190476,28,35,33.36966,37.39194
3054,1.1628572,1.9316484,0.6000004,0.04190476,28,35,33.36966,37.39194
3056,1.174945,1.97838832,0.6000004,0.04190476,28,35,33.36966,37.39194
3057,1.174945,1.9316484,0.6000004,0.04190476,28,35,33.659332,37.39194
3058,1.1773626,1.9316484,0.6000004,0.043516484,28,36,33.36966,37.39194
3060,1.1676922,1.9638828,0.6000004,0.043516484,28,36,33.29724,37.714288
3061,1.1878388,2.038828,0.6000004,0.043516484,28,36,33.659332,37.875456
3062,1.1709157,2.038828,0.6000004,0.043516484,28,36,33.490388,37.875456
3064,1.1709157,2.0589742,0.6000004,0.043516484,28,36,33.490388,37.875456
3065,1.1709157,2.0589742,0.6000004,0.04190476,28,36,33.490388,37.714288
3066,1.1709157,2.0589742,0.6000004,0.04029304,28,36,33.490388,37.875456
3067,1.1684982,2.1016848,0.6000004,0.04029304,28,36,33.490388,37.47253
3069,1.1684982,2.1016848,0.6000004,0.038681316,28,36,33.611052,37.47253
3070,1.1684982,2.1016848,0.6000004,0.04029304,28,36,33.128172,37.553112
3071,1.1668864,2.1016848,0.6000004,0.04029304,28,36,33.152312,37.553112
3073,1.1636629,2.0726738,0.6000004,0.04271062,28,36,33.27307,37.553112
3074,1.1604396,2.0726738,0.6000004,0.04271062,28,36,33.200652,37.553112
3075,1.1394872,2.0791208,0.6000004,0.04271062,28,36,33.152312,37.47253
3076,1.1604396,2.0726738,0.6000004,0.04271062,28,36,33.200652,37.47253
3078,1.1636629,2.043663,0.6000004,0.04271062,27,36,33.27307,37.47253
3079,1.1733333,2.0791208,0.6000004,0.04271062,27,36,33.635192,37.47253
3080,1.1733333,2.043663,0.6000004,0.03948718,28,36,33.635192,37.47253
3082,1.1733333,2.043663,0.6000004,0.03948718,27,36,33.68347,37.6337
3083,1.1483517,2.0533332,0.6000004,0.037069596,27,36,33.68347,37.39194
3084,1.1483517,2.0533332,0.6000004,0.037069596,27,36,33.5869152,37.39194
3085,1.1483517,2.0533332,0.6000004,0.037875456,27,36,33.5869152,37.47253
3087,1.1483517,2.0533332,0.6000004,0.037875456,27,36,33.562804,37.47253
3088,1.1604396,1.96146516,0.6000004,0.038681316,27,36,33.538664,37.47253
3089,1.1660806,1.96146516,0.6000004,0.038681316,27,36,33.562804,37.956044
3091,1.1660806,1.96146516,0.6000004,0.037875456,27,36,33.562804,37.956044
3092,1.1644689,1.96146516,0.6000004,0.038681316,27,36,33.538664,37.47253
3093,1.1660806,2.0073994,0.6000004,0.0410989,27,36,33.538664,37.956044
3094,1.1717216,2.0073994,0.6000004,0.0410989,27,36,33.635192,37.553112
3096,1.1717216,2.0073994,0.6000004,0.04190476,27,36,33.635192,37.553112
3097,1.1717216,2.1540658,0.6000004,0.04190476,27,36,33.635192,38.03663
3098,1.1717216,2.1540658,0.6000004,0.04190476,27,36,33.635192,38.03663
3100,1.1741393,2.1540658,0.6000004,0.04190476,27,36,33.876496,38.03663
3101,1.1709157,2.1540658,0.6000004,0.04271062,27,36,33.876496,38.27839
3102,1.1709157,2.1540658,0.6000004,0.04271062,27,36,33.852356,38.27839
3104,1.1709157,2.1137728,0.6000004,0.04271062,27,36,33.852356,37.875456
3105,1.169304,2.1137728,0.6000004,0.0410989,27,36,33.852356,37.875456
3106,1.1475457,2.1137728,0.6000004,0.0410989,27,36,33.514496,37.47253
3107,1.1451281,2.1137728,0.6000004,0.04029304,27,36,33.176484,37.47253
3109,1.1451281,2.0049816,0.6000004,0.036263736,27,36,33.176484,37.47253
3110,1.1451281,2.0049816,0.6000004,0.035457876,27,36,33.176484,37.47253
3111,1.140293,2.0049816,0.6000004,0.034652012,27,36,33.41797,37.47253
3113,1.1572161,1.9663004,0.6000004,0.034652012,27,36,33.5869152,37.47253
3114,1.1628572,1.9663004,0.6000004,0.035457876,27,36,33.68347,37.47253
3115,1.1572161,1.9663004,0.6000004,0.036263736,27,36,33.5869152,37.714288
3116,1.1451281,1.9663004,0.6000004,0.04029304,27,36,33.5869152,37.714288
3118,1.1709157,1.97435884,0.6000004,0.04029304,27,36,33.5869152,38.03663
3119,1.1660806,1.97435884,0.6000004,0.03948718,27,36,33.68347,38.03663
3120,1.1451281,1.97435884,0.6000004,0.03948718,27,36,33.29724,37.47253
3122,1.1451281,1.97435884,0.6000004,0.037069596,27,36,33.29724,37.39194
3123,1.1628572,2.083956,0.6000004,0.037069596,27,36,33.29724,37.39194
3124,1.151575,2.083956,0.6000004,0.037069596,27,36,33.200652,37.23077
3125,1.1451281,2.083956,0.6000004,0.037069596,27,36,32.934906,37.23077
3127,1.151575,2.083956,0.6000004,0.037069596,27,36,32.934906,37.31136
3128,1.1628572,2.1661536,0.6000004,0.037875456,27,36,32.934906,37.553112
3129,1.151575,2.1661536,0.6000004,0.037875456,27,36,33.079864,37.39194
3131,1.1290109,2.1661536,0.6000004,0.038681316,27,36,33.104036,37.39194
3132,1.1306228,2.1661536,0.6000004,0.037875456,27,36,33.27307,37.39194
3133,1.1306228,2.060586,0.6000004,0.037875456,27,36,33.27307,37.39194
3134,1.1306228,2.060586,0.6000004,0.038681316,27,36,33.27307,37.39194
3136,1.1306228,2.060586,0.6000004,0.038681316,27,36,33.24893,37.31136
3137,1.1427106,2.060586,0.6000004,0.04190476,27,36,33.36966,37.553112
3138,1.1427106,2.0589742,0.6000004,0.04190476,27,36,33.24893,37.956044
3140,1.1282052,2.0589742,0.6000004,0.04271062,27,36,33.055696,37.553112
3141,1.1282052,2.0589742,0.6000004,0.04271062,27,36,33.055696,37.31136
3142,1.1427106,2.0589742,0.6000004,0.0410989,27,36,33.27307,37.553112
3143,1.1547985,1.985641,0.6000004,0.0410989,27,36,32.910736,37.31136
3145,1.1636629,1.985641,0.6000004,0.0410989,27,36,33.27307,37.31136
3146,1.1676922,1.985641,0.6000004,0.036263736,27,36,33.635192,37.875456
3147,1.1676922,1.985641,0.6000004,0.0410989,27,36,33.635192,37.956044
3149,1.1660806,2.0863736,0.6000004,0.03948718,27,36,33.29724,37.875456
3150,1.1660806,2.0863736,0.6000004,0.03948718,27,36,33.29724,37.875456
3151,1.1410988,2.0863736,0.6000004,0.03948718,27,36,33.29724,37.875456
3152,1.1410988,2.1032968,0.6000004,0.043516484,27,36,33.29724,38.03663
3154,1.1362637,2.1032968,0.6000004,0.04271062,27,36,33.24893,37.553112
3155,1.1362637,2.1032968,0.6000004,0.04271062,27,36,33.562804,37.714288
3156,1.1362637,2.1032968,0.6000004,0.04190476,27,36,33.562804,38.03663
3158,1.1556044,2.1032968,0.6000004,0.04190476,27,36,33.562804,37.714288
3159,1.1556044,2.1049082,0.6000004,0.0410989,27,36,33.24893,37.714288
3160,1.1556044,2.1049082,0.6000004,0.04029304,27,36,33.78,37.875456
3162,1.1556044,2.0984616,0.6000004,0.0410989,27,36,33.68347,38.1978
3163,1.1556044,2.1049082,0.6000004,0.038681316,27,36,33.68347,37.875456
3164,1.1443224,2.0984616,0.6000004,0.03948718,27,36,33.68347,37.875456
3165,1.1443224,2.0984616,0.6000004,0.03948718,27,36,33.852356,37.875456
3167,1.1443224,2.0984616,0.6000004,0.04029304,27,36,33.68347,38.1978
3168,1.1443224,2.0299636,0.6000004,0.03948718,27,36,33.442076,37.39194
3169,1.1539926,2.0299636,0.6000004,0.03948718,27,36,33.852356,38.03663
3171,1.1539926,2.0299636,0.6000004,0.04029304,27,36,33.562804,38.03663
3172,1.1354578,1.96146516,0.6000004,0.037875456,27,36,33.562804,37.553112
3173,1.1394872,1.96146516,0.6000004,0.037875456,27,36,33.562804,37.553112
3174,1.1394872,2.170183,0.6000004,0.037069596,27,36,33.70761,37.553112
3176,1.1394872,2.1355312,0.6000004,0.037069596,27,36,33.70761,37.553112
3177,1.1507692,2.1355312,0.6000004,0.037069596,27,36,34.093628,38.1978
3178,1.1725274,2.170183,0.6000004,0.037875456,27,36,33.828248,38.27839
3180,1.1725274,2.1355312,0.6000004,0.0410989,27,36,33.828248,38.1978
3181,1.1725274,1.9993406,0.6000004,0.0410989,27,36,33.828248,38.1978
3182,1.1773626,1.9993406,0.6000004,0.0410989,27,36,33.828248,38.1978
3183,1.1612454,2.0444688,0.6000004,0.04190476,27,36,33.611052,38.35897
3185,1.1604396,1.9993406,0.6000004,0.043516484,27,36,33.538664,38.35897
3186,1.1612454,2.0444688,0.6000004,0.04190476,27,36,33.538664,38.43956
3187,1.1612454,2.0444688,0.6000004,0.04190476,27,36,33.538664,38.43956
3189,1.1612454,2.008205,0.6000004,0.043516484,27,36,33.538664,38.43956
3190,1.1604396,2.008205,0.6000004,0.043516484,27,36,33.538664,38.27839
3191,1.1709157,2.008205,0.6000004,0.04029304,27,36,33.538664,38.03663
3192,1.1556044,2.008205,0.6000004,0.038681316,27,36,33.24893,37.553112
3194,1.1556044,2.0952382,0.6000004,0.035457876,27,36,33.70761,37.553112
3195,1.1556044,2.0952382,0.6000004,0.035457876,27,36,33.900636,38.03663
3196,1.1604396,2.0952382,0.6000004,0.037069596,27,36,34.093628,38.03663
3198,1.1604396,2.0952382,0.6000004,0.037069596,27,36,34.165984,38.03663
3199,1.1733333,1.991282,0.6000004,0.03948718,27,36,34.165984,38.1978
3200,1.1733333,1.991282,0.6000004,0.04190476,27,36,34.093628,38.1978
3202,1.1733333,2.0138462,0.6000004,0.04190476,27,36,34.165984,38.1978
3203,1.1741393,1.991282,0.6000004,0.04190476,27,36,34.26245,38.1978
3204,1.1741393,2.0138462,0.6000004,0.04190476,27,36,34.1900936,38.27839
3205,1.1733333,2.0138462,0.6000004,0.0410989,27,36,34.1900936,38.1978
3207,1.1733333,2.0138462,0.6000004,0.0410989,27,36,34.1900936,38.27839
3208,1.152381,1.9751648,0.6000004,0.0410989,27,36,34.1900936,38.35897
3209,1.1419048,1.9751648,0.6000004,0.0410989,27,36,33.876496,38.84249
3211,1.1040293,1.9751648,0.6000004,0.0410989,27,36,33.852356,38.35897
3212,1.1040293,1.9751648,0.6000004,0.037875456,27,36,33.78,38.35897
3213,1.1128937,1.9751648,0.6000004,0.037875456,27,36,33.852356,38.1172184
3214,1.1419048,2.129084,0.6000004,0.037875456,27,36,33.852356,38.1172184
3216,1.1507692,2.129084,0.6000004,0.037875456,27,36,33.876496,38.1172184
3217,1.1507692,2.129084,0.6000004,0.038681316,27,36,33.876496,38.27839
3218,1.1556044,2.129084,0.6000004,0.0410989,27,36,33.876496,38.27839
3220,1.1507692,2.0758974,0.6000004,0.0410989,27,36,33.3938,38.27839
3221,1.1556044,2.0758974,0.6000004,0.04271062,27,36,33.3938,38.1978
3222,1.1306228,2.083956,0.6000004,0.04190476,27,36,33.3938,37.794872
3223,1.1314285,2.0758974,0.6000004,0.04190476,27,36,33.3938,37.794872
3225,1.1314285,2.083956,0.6000004,0.037069596,27,36,33.490388,37.794872
3226,1.1556044,2.083956,0.6000004,0.04190476,27,36,33.73172,38.1978
3227,1.1410988,1.9848352,0.6000004,0.04190476,27,36,33.73172,37.794872
3229,1.1507692,1.9848352,0.6000004,0.036263736,27,36,33.73172,37.714288
3230,1.1507692,1.9848352,0.6000004,0.0410989,27,36,33.5869152,38.27839
3231,1.1410988,1.9848352,0.6000004,0.0410989,27,36,33.490388,37.714288
3232,1.1362637,1.9848352,0.6000004,0.0410989,27,36,33.490388,37.714288
3234,1.1362637,2.009817,0.6000004,0.03948718,27,36,33.5869152,37.6337
3235,1.1314285,2.009817,0.6000004,0.03948718,27,36,33.876496,37.714288
3236,1.1314285,2.009817,0.6000004,0.03948718,27,36,34.093628,37.714288
3238,1.1378754,2.009817,0.6000004,0.03948718,27,36,34.093628,37.794872
3239,1.1378754,2.1169964,0.6000004,0.03948718,27,36,34.093628,37.794872
3240,1.1378754,2.1169964,0.6000004,0.03948718,27,36,34.04538,37.875456
3241,1.1378754,2.1169964,0.6000004,0.0410989,27,36,33.5869152,37.875456
3243,1.1378754,2.1435898,0.6000004,0.0410989,27,36,33.442076,37.875456
3244,1.1443224,2.1435898,0.6000004,0.0410989,27,36,33.442076,38.03663
3245,1.1443224,2.0444688,0.6000004,0.03948718,27,36,33.24893,38.03663
3247,1.1443224,2.1435898,0.6000004,0.04190476,27,36,33.24893,38.27839
3248,1.1443224,2.0533332,0.6000004,0.038681316,27,36,33.24893,37.714288
3249,1.1620513,2.0533332,0.6000004,0.038681316,27,36,33.562804,38.1978
3251,1.1596336,2.0533332,0.6000004,0.038681316,27,36,33.70761,37.875456
3252,1.1596336,2.1685714,0.6000004,0.04029304,27,36,33.70761,38.1978
3253,1.1596336,2.1202196,0.6000004,0.03948718,27,36,33.224792,37.875456
3254,1.1596336,2.1202196,0.6000004,0.03948718,27,36,33.948884,38.1978
3256,1.1596336,2.1202196,0.6000004,0.04029304,27,36,33.611052,38.1978
3257,1.1547985,2.1202196,0.6000004,0.03948718,27,36,33.224792,38.1978
3258,1.1628572,2.0476924,0.6000004,0.03948718,27,36,33.611052,38.1978
3260,1.134652,2.0476924,0.6000004,0.04271062,27,36,33.611052,38.1978
3261,1.134652,2.1194138,0.6000004,0.04271062,27,36,33.538664,37.956044
3262,1.134652,2.0476924,0.6000004,0.038681316,27,36,33.538664,37.714288
3263,1.152381,2.1194138,0.6000004,0.04190476,27,36,33.828248,37.956044
3265,1.14674,2.1194138,0.6000004,0.04190476,27,36,33.538664,37.956044
3266,1.152381,2.0710624,0.6000004,0.04190476,27,36,33.538664,37.714288
3267,1.1612454,2.0710624,0.6000004,0.04190476,27,36,33.514496,38.7619
3269,1.1612454,2.0710624,0.6000004,0.04190476,27,36,33.514496,38.7619
3270,1.14674,2.0114286,0.6000004,0.04271062,27,36,33.514496,38.43956
3271,1.1427106,2.0114286,0.6000004,0.043516484,27,36,33.538664,38.35897
3272,1.1427106,2.0114286,0.6000004,0.04190476,27,36,33.70761,38.35897
3274,1.1427106,1.9985348,0.6000004,0.043516484,27,36,33.99713,37.956044
3275,1.1427106,2.0114286,0.6000004,0.043516484,27,36,33.70761,37.794872
3276,1.1620513,2.1274726,0.6000004,0.04271062,27,36,33.70761,37.794872
3278,1.1620513,1.9985348,0.6000004,0.04271062,27,36,33.70761,37.956044
3279,1.1475457,2.1274726,0.6000004,0.04271062,27,36,33.900636,37.956044
3280,1.1475457,2.1274726,0.6000004,0.037069596,27,36,33.900636,38.03663
3281,1.1660806,2.0501098,0.6000004,0.04271062,27,36,34.1900936,38.1172184
3283,1.1636629,2.0501098,0.6000004,0.04271062,27,36,33.924744,38.03663
3284,1.1636629,2.0501098,0.6000004,0.04271062,27,36,33.924744,38.03663
3285,1.1660806,2.0501098,0.6000004,0.043516484,27,36,34.214204,38.03663
3287,1.1636629,2.1452014,0.6000004,0.043516484,27,36,33.924744,38.03663
3288,1.1491574,2.1452014,0.6000004,0.04271062,27,36,33.75586,38.03663
3289,1.1491574,2.1452014,0.6000004,0.04029304,27,36,33.75586,38.03663
3290,1.1443224,2.1669598,0.6000004,0.04029304,27,36,33.75586,38.03663
3292,1.1394872,2.1452014,0.6000004,0.038681316,27,36,33.75586,37.875456
3293,1.1443224,2.1669598,0.6000004,0.038681316,27,36,33.924744,37.875456
3294,1.1499634,2.1685714,0.6000004,0.038681316,27,36,34.165984,37.875456
3296,1.1338462,2.1669598,0.6000004,0.038681316,27,36,33.924744,38.1978
3297,1.1225641,2.1685714,0.6000004,0.038681316,27,36,33.924744,37.875456
3298,1.1225641,2.1685714,0.6000004,0.037875456,27,36,34.165984,38.1978
3299,1.1217582,2.090403,0.6000004,0.038681316,27,36,33.635192,38.1172184
3301,1.1193405,2.090403,0.6000004,0.04190476,27,36,33.5869152,38.1172184
3302,1.1193405,2.1387546,0.6000004,0.036263736,27,36,33.635192,38.1172184
3303,1.1217582,2.090403,0.6000004,0.04029304,27,36,33.852356,38.1172184
3305,1.1298169,2.1387546,0.6000004,0.04029304,27,36,33.852356,37.875456
3306,1.1298169,2.1387546,0.6000004,0.04029304,27,36,33.852356,37.875456
3307,1.1386813,1.9654944,0.6000004,0.04029304,27,36,34.06949,37.794872
3309,1.1386813,1.9654944,0.6000004,0.0410989,27,36,34.06949,37.794872
3310,1.1386813,1.9638828,0.6000004,0.0410989,27,36,34.06949,37.956044
3311,1.1386813,1.9638828,0.6000004,0.0410989,27,36,34.06949,37.956044
3312,1.1443224,2.0106228,0.6000004,0.0410989,27,36,34.5036,37.956044
3314,1.1451281,2.0106228,0.6000004,0.04190476,27,36,34.5036,38.03663
3315,1.1451281,2.0106228,0.6000004,0.0410989,27,36,34.648256,37.956044
3316,1.1564102,2.0823444,0.6000004,0.0410989,27,36,34.648256,38.03663
3318,1.1451281,2.0823444,0.6000004,0.043516484,27,36,34.47946,38.03663
3319,1.1451281,2.0823444,0.6000004,0.0410989,27,36,34.47946,38.03663
3320,1.1491574,2.1282782,0.6000004,0.04029304,27,36,34.47946,38.03663
3321,1.1652746,2.1282782,0.6000004,0.04029304,27,37,34.26245,38.03663
3323,1.1491574,2.1282782,0.6000004,0.038681316,27,37,34.02124,38.1978
3324,1.1507692,2.1282782,0.6000004,0.038681316,27,37,34.214204,38.1978
3325,1.1491574,2.0291574,0.6000004,0.04029304,27,37,34.02124,38.1978
3327,1.1370696,2.0291574,0.6000004,0.038681316,27,37,33.828248,38.1978
3328,1.1370696,2.0291574,0.6000004,0.043516484,27,37,33.828248,38.1978
3329,1.1370696,2.0033698,0.6000004,0.043516484,27,37,33.36966,38.1978
3330,1.1362637,2.0291574,0.6000004,0.043516484,27,37,33.36966,38.03663
3332,1.1362637,2.0033698,0.6000004,0.04029304,27,37,33.948884,38.03663
3333,1.1572161,1.98080592,0.6000004,0.043516484,27,37,33.948884,38.1978
3334,1.1644689,2.0033698,0.6000004,0.04029304,27,37,33.948884,38.03663
3336,1.1644689,1.98080592,0.6000004,0.037875456,27,37,34.06949,37.875456
3337,1.1644689,1.98080592,0.6000004,0.04029304,27,37,34.093628,38.1978
3338,1.1644689,2.0291574,0.6000004,0.037875456,27,37,34.093628,38.1978
3339,1.1644689,2.0291574,0.6000004,0.037875456,27,37,34.093628,38.7619
3341,1.1620513,2.0291574,0.6000004,0.04029304,27,37,34.841156,38.84249
3342,1.1620513,2.0960438,0.6000004,0.0410989,27,37,34.841156,38.84249
3343,1.1620513,2.0960438,0.6000004,0.04190476,26,37,34.841156,38.7619
3345,1.1370696,2.0960438,0.6000004,0.044322344,26,37,34.407136,38.84249
3346,1.1370696,2.1049082,0.6000004,0.04271062,27,37,34.407136,38.27839
3347,1.1370696,2.0960438,0.6000004,0.04271062,26,37,34.407136,38.27839
3349,1.1427106,2.1049082,0.6000004,0.04190476,26,37,34.648256,38.27839
3350,1.1644689,2.1049082,0.6000004,0.04271062,26,37,34.600036,38.92308
3351,1.1644689,1.9945055,0.6000004,0.04271062,26,37,34.600036,38.60073
3352,1.1443224,1.9945055,0.6000004,0.0410989,26,37,34.600036,38.60073
3354,1.1443224,1.9945055,0.6000004,0.0410989,26,37,34.600036,38.7619
3355,1.1443224,1.9945055,0.6000004,0.044322344,26,37,34.600036,38.7619
3356,1.1427106,2.1742122,0.6000004,0.038681316,26,37,34.28656,38.60073
3358,1.1427106,2.1742122,0.6000004,0.038681316,26,37,34.865236,38.7619
3359,1.140293,2.1742122,0.6000004,0.0410989,26,37,34.865236,39.08425
3360,1.140293,2.1742122,0.6000004,0.044322344,26,37,34.52771,39.406592
3361,1.1386813,1.9864468,0.6000004,0.045128208,26,37,34.47946,39.08425
3363,1.140293,1.9864468,0.6000004,0.045128208,26,37,34.52771,39.406592
3364,1.1556044,1.9864468,0.6000004,0.045128208,26,37,34.52771,39.406592
3365,1.1556044,1.9864468,0.6000004,0.045128208,26,37,34.52771,39.406592
3367,1.1419048,2.0952382,0.6000004,0.043516484,26,37,34.52771,38.52015
3368,1.1556044,2.0952382,0.6000004,0.03948718,26,37,34.52771,38.52015
3369,1.14674,2.0952382,0.6000004,0.038681316,26,37,34.52771,38.52015
3370,1.14674,2.1685714,0.6000004,0.037069596,26,37,34.52771,38.52015
3372,1.14674,2.1685714,0.6000004,0.037069596,26,37,34.696504,39.32601
3373,1.14674,2.1685714,0.6000004,0.037069596,26,37,34.696504,39.406592
3374,1.14674,2.1685714,0.6000004,0.035457876,26,37,34.696504,39.406592
3376,1.14674,2.0468864,0.6000004,0.035457876,26,37,34.648256,39.32601
3377,1.1273992,1.95824176,0.6000004,0.037875456,26,37,33.75586,38.60073
3378,1.14674,2.0468864,0.6000004,0.037875456,26,37,33.659332,38.60073
3379,1.1273992,2.0468864,0.6000004,0.037875456,26,37,33.5869152,38.60073
3381,1.1265934,1.95824176,0.6000004,0.0410989,26,37,33.466248,38.68132
3382,1.1096704,2.1274726,0.6000004,0.0410989,26,37,33.466248,38.68132
3383,1.1096704,2.1734066,0.6000004,0.0410989,26,37,33.5869152,39.406592
3385,1.1096704,2.1274726,0.6000004,0.037875456,26,37,33.5869152,39.245424
3386,1.1330402,2.1750184,0.6000004,0.037875456,26,37,33.73172,38.68132
3387,1.1499634,2.1750184,0.6000004,0.035457876,26,37,34.165984,39.245424
3388,1.1604396,2.1500366,0.6000004,0.035457876,26,37,34.165984,39.245424
3390,1.1604396,2.1500366,0.6000004,0.037875456,26,37,33.876496,39.245424
3391,1.1604396,2.1500366,0.6000004,0.036263736,26,37,33.804108,39.08425
3392,1.1604396,2.1218314,0.6000004,0.0410989,26,37,33.804108,39.08425
3394,1.1386813,2.1218314,0.6000004,0.04271062,26,37,33.804108,38.60073
3395,1.1378754,2.1580952,0.6000004,0.0410989,26,37,33.804108,38.52015
3396,1.1378754,2.1218314,0.6000004,0.037069596,26,37,33.828248,38.52015
3398,1.1386813,2.1580952,0.6000004,0.037069596,26,37,33.99713,38.43956
3399,1.1378754,2.1580952,0.6000004,0.037069596,26,37,34.02124,38.43956
3400,1.1435164,2.1427838,0.6000004,0.037069596,26,37,34.04538,38.43956
3401,1.1709157,2.1427838,0.6000004,0.0410989,26,37,34.117736,38.52015
3403,1.1531868,2.1427838,0.6000004,0.043516484,26,37,34.117736,38.60073
3404,1.1531868,2.0807326,0.6000004,0.043516484,26,37,34.117736,38.60073
3405,1.1709157,2.1427838,0.6000004,0.044322344,26,37,34.117736,38.84249
3407,1.1709157,2.0807326,0.6000004,0.044322344,26,37,34.214204,39.164832
3408,1.1701099,2.0339928,0.6000004,0.044322344,26,37,34.55182,39.164832
3409,1.1701099,2.0807326,0.6000004,0.0410989,26,37,34.696504,39.164832
3410,1.1701099,2.0339928,0.6000004,0.0410989,26,37,34.696504,39.164832
3412,1.169304,2.0210988,0.6000004,0.0410989,26,37,34.696504,39.164832
3413,1.1701099,2.0339928,0.6000004,0.038681316,26,37,34.696504,39.164832
3414,1.169304,2.0210988,0.6000004,0.038681316,26,37,34.600036,39.164832
3416,1.1725274,2.0210988,0.6000004,0.0410989,26,37,34.600036,39.32601
3417,1.1628572,2.2048352,0.6000004,0.04271062,26,37,34.600036,39.164832
3418,1.1507692,2.2048352,0.6000004,0.038681316,26,37,34.31067,38.68132
3419,1.1507692,2.065421,0.6000004,0.04029304,26,37,34.31067,38.68132
3421,1.1660806,2.2024174,0.6000004,0.04271062,26,37,34.55182,39.08425
3422,1.1507692,2.065421,0.6000004,0.04271062,26,37,34.23831,38.84249
3423,1.1507692,2.065421,0.6000004,0.04029304,26,37,34.26245,38.84249
3425,1.1556044,2.090403,0.6000004,0.04190476,26,37,34.47946,39.08425
3426,1.1475457,2.090403,0.6000004,0.04271062,26,37,34.26245,38.84249
3427,1.1419048,2.0138462,0.6000004,0.04190476,26,37,34.26245,38.7619
3428,1.1475457,2.090403,0.6000004,0.04029304,26,37,34.26245,38.7619
3430,1.1427106,2.0138462,0.6000004,0.04190476,26,37,34.358916,38.7619
3431,1.1338462,2.0138462,0.6000004,0.04029304,26,37,34.26245,38.7619
3432,1.1427106,2.0227106,0.6000004,0.04029304,26,37,34.358916,38.7619
3434,1.14674,2.0227106,0.6000004,0.04029304,26,37,34.57596,39.003664
3435,1.14674,2.0227106,0.6000004,0.043516484,26,37,34.57596,39.003664
3436,1.1556044,2.1113552,0.6000004,0.04029304,26,37,34.72061,39.32601
3437,1.1556044,2.1113552,0.6000004,0.043516484,26,37,34.72061,39.72894
3439,1.14674,2.1113552,0.6000004,0.045128208,26,37,34.57596,39.72894
3440,1.1459341,2.1564834,0.6000004,0.043516484,26,37,34.72061,39.32601
3441,1.1459341,2.1113552,0.6000004,0.04029304,26,37,34.9617,39.567764
3443,1.1459341,2.1387546,0.6000004,0.0410989,26,37,35.058104,39.567764
3444,1.1459341,2.1564834,0.6000004,0.04029304,26,37,35.058104,39.003664
3445,1.1491574,2.1387546,0.6000004,0.04029304,26,37,35.058104,39.567764
3447,1.1547985,2.038022,0.6000004,0.0410989,26,37,34.74472,39.567764
3448,1.1572161,2.1387546,0.6000004,0.043516484,26,37,34.74472,39.567764
3449,1.1612454,2.038022,0.6000004,0.043516484,26,37,34.74472,39.567764
3450,1.1668864,1.99047616,0.6000004,0.043516484,26,37,34.93759,39.567764
3452,1.1668864,2.038022,0.6000004,0.04271062,26,37,34.93759,39.164832
3453,1.1612454,1.99047616,0.6000004,0.04271062,26,37,34.93759,39.164832
3454,1.1588278,1.99047616,0.6000004,0.03948718,26,37,34.7688,39.245424
3456,1.1556044,2.038828,0.6000004,0.03948718,26,37,34.672364,38.84249
3457,1.1459341,2.038828,0.6000004,0.038681316,26,37,34.1900936,38.84249
3458,1.1556044,1.95663,0.6000004,0.03948718,26,37,34.214204,38.84249
3459,1.1459341,2.038828,0.6000004,0.037069596,26,37,34.214204,38.84249
3461,1.1410988,2.1121612,0.6000004,0.037069596,26,37,34.117736,38.84249
3462,1.1394872,1.95663,0.6000004,0.037069596,26,37,34.06949,38.84249
3463,1.1410988,2.1121612,0.6000004,0.04029304,26,37,34.214204,39.164832
3465,1.1410988,2.1669598,0.6000004,0.03948718,26,37,34.431244,39.164832
3466,1.1475457,2.1121612,0.6000004,0.03948718,26,37,34.431244,39.164832
3467,1.1475457,2.1387546,0.6000004,0.03948718,26,37,34.431244,39.164832
3468,1.1475457,2.1669598,0.6000004,0.038681316,26,37,34.5036,39.164832
3470,1.1475457,2.1387546,0.6000004,0.038681316,26,37,34.7688,39.164832
3471,1.1499634,2.1387546,0.6000004,0.038681316,26,37,34.7688,39.406592
3472,1.158022,2.1387546,0.6000004,0.04029304,26,37,34.74472,39.567764
3474,1.1628572,2.0154578,0.6000004,0.0410989,26,37,34.74472,40.13187
3475,1.1628572,2.0154578,0.6000004,0.0410989,26,37,34.600036,40.13187
3476,1.158022,2.1589012,0.6000004,0.04029304,26,37,34.600036,40.13187
3477,1.158022,2.0154578,0.6000004,0.04029304,26,37,34.600036,39.567764
3479,1.1564102,2.1202196,0.6000004,0.0410989,26,37,34.57596,39.567764
3480,1.1556044,2.1589012,0.6000004,0.037875456,26,37,34.57596,39.567764
3481,1.1564102,2.1202196,0.6000004,0.04271062,26,37,34.696504,39.567764
3483,1.1564102,2.0219048,0.6000004,0.04271062,26,37,34.383028,39.648352
3484,1.1362637,2.1202196,0.6000004,0.04271062,26,37,33.972992,39.648352
3485,1.1362637,2.0219048,0.6000004,0.037875456,26,37,34.696504,39.648352
3486,1.1588278,2.014652,0.6000004,0.04190476,26,37,34.696504,39.567764
3488,1.1572161,2.0219048,0.6000004,0.04190476,26,37,34.5036,39.567764
3489,1.1572161,2.014652,0.6000004,0.04190476,26,37,34.5036,39.567764
3490,1.1572161,2.014652,0.6000004,0.04271062,26,37,34.5036,39.567764
3492,1.1556044,2.0412452,0.6000004,0.04271062,26,37,34.431244,39.809524
3493,1.1499634,2.0412452,0.6000004,0.04271062,26,37,34.06949,39.809524
3494,1.1475457,1.97113552,0.6000004,0.04271062,26,37,33.972992,39.809524
3496,1.1475457,2.0412452,0.6000004,0.04271062,26,37,34.06949,39.809524
3497,1.1410988,2.1105494,0.6000004,0.04271062,26,37,34.06949,39.809524
3498,1.1475457,1.94615384,0.6000004,0.04271062,26,37,34.06949,39.08425
3499,1.1572161,2.1105494,0.6000004,0.0410989,26,37,34.093628,39.08425
3501,1.1572161,2.1524542,0.6000004,0.0410989,26,37,34.214204,39.08425
3502,1.158022,2.1105494,0.6000004,0.0410989,26,37,34.26245,39.08425
3503,1.1596336,1.99531132,0.6000004,0.0410989,26,37,34.26245,39.164832
3505,1.158022,2.1524542,0.6000004,0.04271062,26,37,34.093628,39.164832
3506,1.1539926,1.99531132,0.6000004,0.04271062,26,37,33.538664,38.60073
3507,1.1596336,1.9646886,0.6000004,0.04271062,26,37,33.538664,39.164832
3508,1.1539926,1.99531132,0.6000004,0.04190476,26,37,33.538664,38.60073
3510,1.1539926,2.0525274,0.6000004,0.038681316,26,37,33.611052,38.60073
3511,1.1652746,1.9646886,0.6000004,0.038681316,26,37,33.611052,39.164832
3512,1.1652746,2.0525274,0.6000004,0.04190476,26,37,33.611052,39.164832
3514,1.1249816,2.1234432,0.6000004,0.038681316,26,37,33.538664,38.60073
3515,1.1427106,2.0525274,0.6000004,0.03948718,26,37,33.538664,38.60073
3516,1.1427106,2.1234432,0.6000004,0.043516484,26,37,33.538664,38.60073
3517,1.1427106,2.154872,0.6000004,0.04029304,26,37,33.466248,38.60073
3519,1.1668864,2.1234432,0.6000004,0.04029304,26,37,33.32138,38.52015
3520,1.1668864,2.154872,0.6000004,0.04190476,26,37,33.32138,38.52015
3521,1.1668864,2.1677656,0.6000004,0.04190476,26,37,33.32138,38.52015
3523,1.1636629,2.154872,0.6000004,0.04029304,26,37,33.27307,38.43956
3524,1.1636629,2.0428572,0.6000004,0.03948718,26,37,33.27307,38.43956
3525,1.152381,2.1677656,0.6000004,0.03948718,26,37,33.24893,38.43956
3526,1.1257876,2.0428572,0.6000004,0.037069596,26,37,33.24893,38.1978
3528,1.1322344,2.0428572,0.6000004,0.03948718,26,37,32.814088,38.7619
3529,1.1265934,2.1032968,0.6000004,0.0410989,26,37,32.814088,38.7619
3530,1.1233699,2.1032968,0.6000004,0.0410989,26,37,32.814088,38.1978
3532,1.1265934,2.0210988,0.6000004,0.03948718,26,37,33.007384,38.1172184
3533,1.1322344,2.1032968,0.6000004,0.03948718,26,37,33.442076,38.1978
3534,1.1354578,2.0210988,0.6000004,0.03948718,26,37,33.804108,38.1978
3535,1.1354578,1.9993406,0.6000004,0.03948718,26,37,33.804108,38.52015
3537,1.1499634,2.0210988,0.6000004,0.03948718,26,37,33.852356,38.52015
3538,1.1507692,2.0501098,0.6000004,0.037875456,26,37,33.948884,38.52015
3539,1.1499634,1.9993406,0.6000004,0.03948718,26,37,33.948884,39.245424
3541,1.1499634,2.0501098,0.6000004,0.038681316,26,37,34.06949,38.7619
3542,1.1507692,2.0912088,0.6000004,0.038681316,26,37,34.165984,38.7619
3543,1.1507692,2.0501098,0.6000004,0.03948718,26,37,34.165984,38.7619
3544,1.1354578,2.0912088,0.6000004,0.03948718,26,37,34.165984,38.7619
3546,1.1427106,2.0912088,0.6000004,0.044322344,26,37,33.514496,38.7619
3547,1.1427106,2.0912088,0.6000004,0.044322344,26,37,33.3938,38.7619
3548,1.1354578,2.0275456,0.6000004,0.0410989,26,37,33.3938,38.52015
3550,1.1427106,2.0275456,0.6000004,0.0410989,26,37,33.514496,39.164832
3551,1.1459341,2.0275456,0.6000004,0.0410989,26,37,33.538664,39.245424
3552,1.1459341,1.9993406,0.6000004,0.0410989,26,37,33.635192,38.52015
3554,1.1427106,1.9993406,0.6000004,0.0410989,26,37,33.75586,38.35897
3555,1.1499634,1.9993406,0.6000004,0.0410989,26,37,34.117736,39.08425
3556,1.1499634,1.9993406,0.6000004,0.0410989,26,37,34.407136,38.35897
3557,1.1499634,1.9993406,0.6000004,0.0410989,26,37,34.407136,38.35897
3559,1.1499634,2.0041756,0.6000004,0.04029304,26,37,34.407136,38.35897
3560,1.1499634,2.1323076,0.6000004,0.037875456,26,37,34.33481,39.08425
3561,1.1330402,2.0041756,0.6000004,0.04029304,26,37,33.972992,38.43956
3563,1.1330402,2.118608,0.6000004,0.04190476,26,37,33.972992,38.92308
3564,1.1330402,2.1323076,0.6000004,0.037069596,26,37,34.33481,38.52015
3565,1.1539926,2.118608,0.6000004,0.0410989,26,37,34.33481,38.92308
3566,1.1539926,2.100073,0.6000004,0.04190476,26,37,34.26245,38.68132
3568,1.1539926,2.118608,0.6000004,0.0410989,26,37,34.26245,38.68132
3569,1.1410988,2.100073,0.6000004,0.0410989,26,37,34.26245,38.68132
3570,1.1362637,2.0041756,0.6000004,0.04271062,26,37,34.117736,38.68132
3572,1.1314285,2.100073,0.6000004,0.04271062,26,37,34.117736,38.52015
3573,1.1225641,2.0041756,0.6000004,0.037875456,26,37,34.33481,38.35897
3574,1.1314285,1.95501832,0.6000004,0.04271062,26,37,34.33481,38.52015
3575,1.1298169,2.0041756,0.6000004,0.0410989,26,37,34.093628,38.52015
3577,1.1298169,2.170183,0.6000004,0.037875456,26,37,34.33481,38.35897
3578,1.1338462,1.95501832,0.6000004,0.0410989,26,37,34.383028,38.60073
3579,1.1491574,2.136337,0.6000004,0.043516484,26,37,34.093628,38.7619
3581,1.1612454,2.170183,0.6000004,0.04271062,26,37,33.852356,38.60073
3582,1.1612454,2.136337,0.6000004,0.043516484,26,37,33.852356,38.60073
3583,1.1612454,2.136337,0.6000004,0.043516484,26,37,33.852356,38.60073
3584,1.1612454,2.1540658,0.6000004,0.04271062,26,37,33.75586,39.08425
3586,1.1596336,2.1540658,0.6000004,0.04271062,26,37,33.611052,38.60073
3587,1.1427106,2.1540658,0.6000004,0.04029304,26,37,33.611052,38.60073
3588,1.1596336,2.2088644,0.6000004,0.04029304,26,37,33.804108,38.7619
3590,1.14674,2.1540658,0.6000004,0.04190476,26,37,33.611052,38.60073
3591,1.1427106,1.9824176,0.6000004,0.04190476,26,37,33.804108,38.52015
3592,1.14674,2.2088644,0.6000004,0.0410989,26,37,34.04538,38.52015
3594,1.14674,2.038022,0.6000004,0.0410989,26,37,34.165984,38.52015
3595,1.1394872,1.9824176,0.6000004,0.0410989,26,37,34.04538,38.52015
3596,1.1394872,2.038022,0.6000004,0.0410989,26,37,34.04538,38.52015
3597,1.1556044,2.170989,0.6000004,0.04029304,26,37,34.141876,38.60073
3599,1.1394872,2.038022,0.6000004,0.0410989,26,37,34.04538,38.7619
3600,1.1676922,2.170989,0.6000004,0.04029304,26,37,33.99713,38.60073
3601,1.1676922,2.2072528,0.6000004,0.038681316,26,37,34.04538,38.7619
3603,1.1612454,2.170989,0.6000004,0.03948718,26,37,34.141876,38.92308
3604,1.1588278,2.2072528,0.6000004,0.03948718,26,37,34.04538,38.92308
3605,1.1612454,2.2072528,0.6000004,0.03948718,26,37,33.99713,38.92308
3606,1.1588278,1.992088,0.6000004,0.0410989,26,37,34.165984,39.567764
3608,1.1596336,1.992088,0.6000004,0.0410989,26,37,33.972992,39.567764
3609,1.1588278,1.9872527,0.6000004,0.04190476,26,37,33.852356,38.92308
3610,1.1564102,1.9872527,0.6000004,0.044322344,26,37,33.852356,38.84249
3612,1.1338462,2.0122344,0.6000004,0.044322344,26,37,33.972992,38.92308
3613,1.1564102,2.0122344,0.6000004,0.044322344,26,37,33.5869152,38.84249
3614,1.1338462,2.0122344,0.6000004,0.044322344,26,37,33.490388,38.7619
3615,1.1338462,2.1105494,0.6000004,0.04190476,26,37,33.5869152,38.68132
3617,1.140293,2.1105494,0.6000004,0.04190476,26,37,33.659332,38.7619
3618,1.140293,2.0613918,0.6000004,0.04190476,26,37,33.611052,38.68132
3619,1.1265934,2.1105494,0.6000004,0.04190476,26,37,33.659332,38.68132
3621,1.1265934,2.0613918,0.6000004,0.04190476,26,37,33.828248,38.68132
3622,1.1265934,2.0613918,0.6000004,0.04190476,26,37,33.948884,38.68132
3623,1.1265934,2.0847618,0.6000004,0.04271062,26,37,33.948884,38.68132
3624,1.1265934,2.0847618,0.6000004,0.0410989,26,37,33.948884,38.68132
3626,1.1427106,2.0847618,0.6000004,0.0410989,26,38,33.948884,38.68132
3627,1.1427106,2.1830768,0.6000004,0.037875456,26,37,33.852356,39.567764
3628,1.1273992,2.0847618,0.6000004,0.03948718,26,38,33.804108,38.68132
3630,1.1273992,2.1830768,0.6000004,0.038681316,26,38,33.804108,38.52015
3631,1.1427106,2.1903296,0.6000004,0.036263736,26,38,33.804108,38.43956
3632,1.1410988,2.1830768,0.6000004,0.038681316,26,38,33.972992,38.43956
3633,1.1410988,2.0630038,0.6000004,0.038681316,26,38,33.972992,38.43956
3635,1.1410988,2.1903296,0.6000004,0.038681316,26,38,33.972992,38.52015
3636,1.1410988,2.0630038,0.6000004,0.04029304,26,38,33.972992,38.60073
3637,1.1410988,2.0501098,0.6000004,0.04029304,26,38,33.972992,38.60073
3639,1.1314285,2.0630038,0.6000004,0.04029304,26,38,34.117736,39.245424
3640,1.1314285,2.0501098,0.6000004,0.04029304,26,38,34.117736,39.567764
3641,1.1217582,2.0501098,0.6000004,0.04029304,26,38,34.165984,39.567764
3643,1.1217582,2.1371426,0.6000004,0.038681316,26,37,34.33481,39.567764
3644,1.116923,2.1371426,0.6000004,0.038681316,26,38,34.117736,39.164832
3645,1.1217582,2.1210256,0.6000004,0.038681316,26,38,34.06949,38.68132
3646,1.1217582,2.1371426,0.6000004,0.036263736,26,38,33.924744,38.68132
3648,1.1233699,2.1210256,0.6000004,0.038681316,26,38,33.924744,38.7619
3649,1.1217582,2.0178754,0.6000004,0.038681316,26,38,33.924744,38.7619
3650,1.1217582,2.1210256,0.6000004,0.038681316,26,38,33.948884,38.7619
3652,1.1128937,2.0178754,0.6000004,0.04029304,26,38,33.948884,38.7619
3653,1.1128937,1.9872527,0.6000004,0.04029304,26,38,34.06949,38.7619
3654,1.1128937,2.0178754,0.6000004,0.038681316,26,38,34.165984,38.7619
3655,1.1128937,2.1218314,0.6000004,0.037875456,26,38,34.52771,38.7619
3657,1.117729,1.9872527,0.6000004,0.037875456,26,38,34.52771,38.60073
3658,1.1314285,2.1218314,0.6000004,0.037875456,26,38,34.889372,38.84249
3659,1.117729,2.1218314,0.6000004,0.037875456,25,38,34.889372,38.84249
3661,1.1273992,2.1218314,0.6000004,0.037875456,26,38,34.817048,38.60073
3662,1.1314285,2.1411722,0.6000004,0.037875456,26,38,34.817048,38.60073
3663,1.1427106,2.1411722,0.6000004,0.037875456,26,38,34.817048,39.003664
3664,1.1427106,2.0992676,0.6000004,0.037875456,26,38,34.5036,38.7619
3666,1.1427106,2.1411722,0.6000004,0.038681316,26,38,34.5036,38.7619
3667,1.1604396,2.0992676,0.6000004,0.0410989,26,38,34.5036,39.003664
3668,1.1427106,2.0267398,0.6000004,0.04190476,26,38,34.383028,38.7619
3670,1.1604396,2.0992676,0.6000004,0.04190476,26,38,34.214204,38.7619
3671,1.1499634,2.2096704,0.6000004,0.04190476,26,38,34.214204,38.7619
3672,1.1668864,2.0267398,0.6000004,0.04190476,25,38,33.852356,38.92308
3673,1.1499634,2.1863002,0.6000004,0.04190476,26,38,33.828248,38.84249
3675,1.1531868,2.2096704,0.6000004,0.04029304,26,38,33.852356,38.92308
3676,1.1499634,2.1863002,0.6000004,0.04029304,26,38,33.804108,39.245424
3677,1.1531868,2.1863002,0.6000004,0.04190476,26,38,33.804108,39.406592
3679,1.1531868,2.1919416,0.6000004,0.04029304,26,38,33.876496,39.406592
3680,1.1531868,2.1919416,0.6000004,0.04029304,26,38,34.117736,39.406592
3681,1.158022,2.164542,0.6000004,0.04190476,26,38,34.117736,39.406592
3682,1.158022,2.1919416,0.6000004,0.04029304,26,38,34.117736,39.406592
3684,1.1531868,2.164542,0.6000004,0.03948718,26,38,33.876496,38.92308
3685,1.1531868,2.0452744,0.6000004,0.04029304,26,38,34.431244,39.32601
3686,1.1531868,2.164542,0.6000004,0.04190476,26,38,33.828248,39.32601
3688,1.1499634,2.0452744,0.6000004,0.0410989,26,38,33.828248,39.245424
3689,1.140293,1.991282,0.6000004,0.04190476,26,38,34.06949,39.164832
3690,1.140293,2.0452744,0.6000004,0.04190476,26,38,34.06949,39.164832
3691,1.140293,2.147619,0.6000004,0.0410989,26,38,34.06949,39.164832
3693,1.152381,1.991282,0.6000004,0.0410989,26,38,34.141876,39.164832
3694,1.1539926,2.1178022,0.6000004,0.04190476,26,38,34.28656,39.08425
3695,1.1588278,2.1178022,0.6000004,0.043516484,26,38,34.23831,39.164832
3697,1.1588278,2.043663,0.6000004,0.044322344,26,38,34.28656,39.164832
3698,1.1588278,2.043663,0.6000004,0.044322344,26,38,34.28656,39.08425
3699,1.1588278,2.1178022,0.6000004,0.043516484,26,38,34.407136,39.08425
3701,1.1427106,2.043663,0.6000004,0.043516484,26,38,34.26245,39.08425
3702,1.1378754,2.159707,0.6000004,0.04190476,26,38,34.26245,39.08425
3703,1.1378754,2.159707,0.6000004,0.038681316,26,38,34.26245,39.32601
3704,1.1378754,2.1556776,0.6000004,0.04190476,26,38,34.72061,39.406592
3706,1.1378754,2.1556776,0.6000004,0.044322344,26,38,34.5036,39.406592
3707,1.1475457,2.1677656,0.6000004,0.04190476,26,38,34.672364,39.406592
3708,1.158022,2.1556776,0.6000004,0.043516484,26,38,34.72061,39.406592
3710,1.1588278,2.1677656,0.6000004,0.043516484,25,38,34.72061,39.72894
3711,1.1588278,2.1677656,0.6000004,0.04271062,26,38,34.841156,39.72894
3712,1.1588278,2.1564834,0.6000004,0.04271062,26,38,34.841156,39.72894
3713,1.1588278,2.1564834,0.6000004,0.04271062,26,38,34.841156,39.72894
3715,1.1475457,2.1564834,0.6000004,0.04271062,26,38,34.841156,39.487184
3716,1.140293,2.1564834,0.6000004,0.04190476,26,38,34.672364,39.32601
3717,1.140293,2.0243222,0.6000004,0.044322344,25,38,34.672364,39.32601
3719,1.140293,2.0476924,0.6000004,0.043516484,25,38,34.624144,39.32601
3720,1.140293,2.0476924,0.6000004,0.044322344,25,38,34.672364,39.32601
3721,1.1443224,2.0476924,0.6000004,0.043516484,25,38,34.672364,39.32601
3722,1.1491574,2.0476924,0.6000004,0.044322344,25,38,34.455384,39.406592
3724,1.1491574,2.0541392,0.6000004,0.043516484,25,38,34.455384,39.406592
3725,1.1491574,2.0541392,0.6000004,0.043516484,25,38,34.696504,39.567764
3726,1.1491574,2.0541392,0.6000004,0.043516484,25,38,34.696504,39.809524
3728,1.151575,2.1427838,0.6000004,0.044322344,25,38,34.841156,39.809524
3729,1.151575,2.1427838,0.6000004,0.044322344,25,38,34.841156,39.809524
3730,1.151575,1.9816116,0.6000004,0.044322344,25,38,34.841156,39.72894
3731,1.151575,2.1427838,0.6000004,0.044322344,25,38,34.841156,39.648352
3733,1.151575,1.9816116,0.6000004,0.044322344,25,38,34.841156,39.648352
3734,1.1483517,1.9816116,0.6000004,0.044322344,25,38,34.913484,39.648352
3735,1.1483517,2.0557508,0.6000004,0.044322344,25,38,34.9617,39.72894
3737,1.1483517,2.0557508,0.6000004,0.044322344,25,38,35.17865,39.809524
3738,1.1588278,2.0428572,0.6000004,0.044322344,25,38,35.226868,39.809524
3739,1.1588278,2.0557508,0.6000004,0.044322344,25,38,35.37152,40.05128
3740,1.1612454,2.0428572,0.6000004,0.04271062,25,38,35.467956,40.29304
3742,1.1612454,2.0404394,0.6000004,0.04271062,25,38,35.516176,40.29304
3743,1.1612454,2.0428572,0.6000004,0.04190476,25,38,35.63672,40.29304
3744,1.1660806,2.0404394,0.6000004,0.04190476,25,38,35.660828,40.29304
3746,1.1660806,2.0404394,0.6000004,0.04271062,25,38,35.684936,40.29304
3747,1.1741393,2.0589742,0.6000004,0.043516484,25,38,35.684936,40.29304
3748,1.1660806,2.0589742,0.6000004,0.044322344,25,38,35.684936,40.29304
3750,1.1660806,2.0468864,0.6000004,0.044322344,25,38,35.540284,40.29304
3751,1.1644689,2.0589742,0.6000004,0.044322344,25,38,35.467956,40.05128
3752,1.1644689,2.0468864,0.6000004,0.044322344,25,38,35.39563,39.89011
3753,1.1531868,2.0468864,0.6000004,0.04271062,25,38,35.323304,39.648352
3755,1.1644689,2.211282,0.6000004,0.038681316,25,38,35.323304,39.648352
3756,1.1668864,2.211282,0.6000004,0.038681316,25,38,35.323304,39.648352
3757,1.1668864,2.0533332,0.6000004,0.04271062,25,38,34.889372,39.648352
3759,1.1451281,2.245934,0.6000004,0.04271062,25,38,34.889372,39.648352
3760,1.1362637,2.0533332,0.6000004,0.045128208,25,38,34.624144,39.648352
3761,1.1362637,2.0533332,0.6000004,0.045934064,25,38,34.55182,39.648352
3762,1.1362637,2.1403664,0.6000004,0.045934064,25,38,34.55182,39.648352
3764,1.1362637,2.1403664,0.6000004,0.04271062,25,38,34.33481,40.13187
3765,1.1362637,2.0533332,0.6000004,0.045934064,25,38,34.33481,40.13187
3766,1.1378754,2.1403664,0.6000004,0.04271062,25,38,34.28656,40.13187
3768,1.1362637,2.0533332,0.6000004,0.0410989,25,38,33.99713,39.487184
3769,1.1338462,2.0533332,0.6000004,0.0410989,25,38,33.99713,39.487184
3770,1.1338462,2.0533332,0.6000004,0.037069596,25,38,34.28656,39.406592
3771,1.1378754,2.0517216,0.6000004,0.037069596,25,38,33.99713,39.406592
3773,1.1378754,2.0517216,0.6000004,0.037069596,25,38,33.99713,39.245424
3774,1.1378754,2.0517216,0.6000004,0.037069596,25,38,33.900636,39.164832
3775,1.1451281,2.0517216,0.6000004,0.037875456,25,38,33.900636,39.164832
3777,1.1451281,2.1065202,0.6000004,0.037875456,25,38,33.900636,39.164832
3778,1.1338462,2.1065202,0.6000004,0.037069596,25,38,34.02124,39.164832
3779,1.1314285,2.1065202,0.6000004,0.037069596,25,38,34.093628,39.164832
3780,1.1225641,2.1500366,0.6000004,0.037069596,25,38,34.23831,39.245424
3782,1.1225641,2.1500366,0.6000004,0.037069596,25,38,34.23831,39.245424
3783,1.1225641,2.1500366,0.6000004,0.03948718,25,38,34.23831,39.406592
3784,1.116923,2.164542,0.6000004,0.03948718,25,38,34.358916,39.406592
3786,1.1233699,2.164542,0.6000004,0.03948718,25,38,34.407136,39.406592
3787,1.1298169,2.1395604,0.6000004,0.03948718,25,38,34.407136,39.406592
3788,1.1298169,2.1629304,0.6000004,0.03948718,25,38,34.407136,39.406592
3790,1.1362637,2.1395604,0.6000004,0.03948718,25,38,34.55182,39.406592
3791,1.1362637,2.1395604,0.6000004,0.0410989,25,38,34.407136,39.970696
3792,1.1427106,2.1629304,0.6000004,0.0410989,25,38,34.55182,40.776556
3793,1.1427106,2.1629304,0.6000004,0.0410989,25,38,34.52771,40.776556
3795,1.1427106,2.2024174,0.6000004,0.04190476,25,38,34.52771,39.970696
3796,1.1459341,2.2048352,0.6000004,0.0410989,25,38,34.52771,39.487184
3797,1.1459341,2.2024174,0.6000004,0.0410989,25,38,34.57596,39.487184
3799,1.1652746,2.0460806,0.6000004,0.04190476,25,38,34.600036,39.487184
3800,1.1652746,2.2024174,0.6000004,0.04190476,25,38,35.082244,39.648352
3801,1.1652746,2.0460806,0.6000004,0.044322344,25,38,35.15454,39.648352
3802,1.1644689,2.0460806,0.6000004,0.045128208,25,38,35.15454,39.970696
3804,1.1644689,2.0791208,0.6000004,0.045128208,25,38,35.15454,39.970696
3805,1.1612454,2.0791208,0.6000004,0.045128208,25,38,35.106352,39.648352
3806,1.1564102,2.0791208,0.6000004,0.045128208,25,38,35.106352,39.970696
3808,1.1564102,2.2153112,0.6000004,0.045128208,25,38,35.106352,40.05128
3809,1.1556044,2.2153112,0.6000004,0.045128208,25,38,35.106352,40.05128
3810,1.1491574,2.0960438,0.6000004,0.045128208,25,38,34.889372,39.648352
3811,1.1556044,2.2153112,0.6000004,0.043516484,25,38,35.20276,40.212452
3813,1.1491574,2.0960438,0.6000004,0.04271062,25,38,34.889372,39.809524
3814,1.1443224,2.0299636,0.6000004,0.04271062,25,38,34.889372,39.648352
3815,1.1491574,2.0960438,0.6000004,0.04271062,25,38,35.082244,39.809524
3817,1.1410988,2.2048352,0.6000004,0.04271062,25,38,35.082244,39.809524
3818,1.1410988,2.0299636,0.6000004,0.04271062,25,38,35.082244,39.809524
3819,1.1604396,2.0444688,0.6000004,0.04271062,25,38,35.226868,40.13187
3820,1.1604396,2.2048352,0.6000004,0.04271062,25,38,35.226868,40.13187
3822,1.1604396,2.0581686,0.6000004,0.04271062,25,38,35.226868,40.13187
3823,1.169304,2.0444688,0.6000004,0.04190476,25,38,35.516176,40.373624
3824,1.169304,2.0581686,0.6000004,0.04029304,25,38,35.226868,40.13187
3826,1.1435164,2.0581686,0.6000004,0.04029304,25,38,35.516176,39.809524
3827,1.1330402,2.0557508,0.6000004,0.038681316,25,38,35.660828,39.809524
3828,1.1330402,2.0557508,0.6000004,0.038681316,25,38,35.516176,39.809524
3829,1.1330402,2.0557508,0.6000004,0.038681316,25,38,35.347412,39.809524
3831,1.1427106,2.0243222,0.6000004,0.038681316,25,38,35.347412,39.809524
3832,1.1475457,2.0557508,0.6000004,0.04029304,25,38,35.275084,39.809524
3833,1.1596336,2.1677656,0.6000004,0.04029304,25,38,35.275084,39.89011
3835,1.1596336,2.0243222,0.6000004,0.0410989,25,38,35.347412,39.89011
3836,1.1556044,2.1677656,0.6000004,0.0410989,25,38,35.443848,40.212452
3837,1.1556044,2.2273994,0.6000004,0.04190476,24,38,35.443848,40.212452
3838,1.1596336,2.1677656,0.6000004,0.04271062,24,38,35.443848,40.212452
3840,1.1556044,2.1742122,0.6000004,0.04271062,24,38,35.347412,39.970696
3841,1.1556044,2.2120878,0.6000004,0.04190476,25,38,35.347412,39.970696
3842,1.1443224,2.1742122,0.6000004,0.04190476,24,38,35.299196,39.970696
3844,1.1443224,2.1742122,0.6000004,0.04271062,24,38,35.299196,39.970696
3845,1.1394872,2.1742122,0.6000004,0.04029304,24,38,35.00992,39.89011
3846,1.1394872,2.0243222,0.6000004,0.043516484,24,38,35.299196,40.05128
3848,1.1394872,2.0243222,0.6000004,0.043516484,24,38,35.299196,40.05128
3849,1.1394872,2.0057876,0.6000004,0.043516484,24,38,35.250976,40.29304
3850,1.1410988,2.0057876,0.6000004,0.046739924,24,38,35.250976,40.29304
3851,1.1435164,2.014652,0.6000004,0.046739924,24,38,35.61261,40.373624
3853,1.1435164,2.014652,0.6000004,0.04190476,24,38,35.323304,40.29304
3854,1.1410988,2.0033698,0.6000004,0.047545788,24,38,35.323304,40.13187
3855,1.1564102,2.014652,0.6000004,0.046739924,24,39,35.37152,40.13187
3857,1.1612454,2.0033698,0.6000004,0.04271062,24,39,35.37152,40.05128
3858,1.1564102,2.0033698,0.6000004,0.045128208,24,39,35.323304,40.05128
3859,1.1612454,2.0444688,0.6000004,0.045128208,24,39,35.37152,39.970696
3860,1.1612454,2.0444688,0.6000004,0.043516484,24,39,35.275084,39.970696
3862,1.1499634,2.0444688,0.6000004,0.04271062,24,39,35.106352,39.89011
3863,1.1427106,2.1621244,0.6000004,0.04190476,24,39,35.034028,39.970696
3864,1.1499634,2.1621244,0.6000004,0.04190476,24,39,35.106352,39.970696
3866,1.1499634,2.1065202,0.6000004,0.04190476,24,39,35.106352,41.018316
3867,1.1499634,2.1621244,0.6000004,0.04190476,24,39,34.93759,41.018316
3868,1.1620513,2.1065202,0.6000004,0.044322344,24,39,34.7688,41.018316
3869,1.1668864,2.0936262,0.6000004,0.044322344,24,39,34.7688,41.018316
3871,1.1620513,2.1065202,0.6000004,0.044322344,24,39,34.7688,41.018316
3872,1.1564102,2.0936262,0.6000004,0.0410989,24,39,34.624144,40.05128
3873,1.1564102,2.0283516,0.6000004,0.03948718,24,39,34.7688,40.5348
3875,1.140293,2.0936262,0.6000004,0.038681316,24,39,34.55182,40.5348
3876,1.134652,2.0283516,0.6000004,0.037069596,24,39,34.648256,39.809524
3877,1.1338462,1.9945055,0.6000004,0.037069596,24,39,34.648256,39.809524
3878,1.1338462,2.0283516,0.6000004,0.03948718,24,39,34.7688,40.13187
3880,1.134652,1.9945055,0.6000004,0.038681316,24,39,34.648256,39.809524
3881,1.1547985,1.9945055,0.6000004,0.03948718,24,39,34.7688,40.13187
3882,1.1547985,2.1846886,0.6000004,0.04029304,24,39,34.7688,40.13187
3884,1.1547985,2.1846886,0.6000004,0.04029304,24,39,34.55182,40.13187
3885,1.1314285,2.1846886,0.6000004,0.04029304,24,39,34.55182,40.13187
3886,1.1314285,2.1846886,0.6000004,0.0410989,24,39,34.672364,40.13187
3887,1.1273992,2.0589742,0.6000004,0.04271062,24,39,34.55182,40.695972
3889,1.1273992,2.0589742,0.6000004,0.04271062,24,39,34.672364,40.695972
3890,1.1314285,2.078315,0.6000004,0.04271062,24,39,34.672364,39.970696
3891,1.14674,2.0589742,0.6000004,0.04271062,24,39,34.817048,40.373624
3893,1.14674,2.078315,0.6000004,0.04271062,24,39,34.648256,40.05128
3894,1.14674,2.1943588,0.6000004,0.04271062,24,39,34.817048,40.05128
3895,1.152381,2.078315,0.6000004,0.04271062,24,39,34.9617,40.373624
3897,1.152381,2.0122344,0.6000004,0.043516484,24,39,34.9617,40.373624
3898,1.152381,2.1943588,0.6000004,0.04271062,24,39,34.913484,40.454212
3899,1.1410988,2.0122344,0.6000004,0.045128208,24,39,34.913484,40.454212
3900,1.1483517,2.0122344,0.6000004,0.045128208,24,39,34.455384,40.212452
3902,1.1483517,2.1452014,0.6000004,0.0410989,24,39,34.455384,40.212452
3903,1.1564102,2.1452014,0.6000004,0.0410989,24,39,34.407136,40.454212
3904,1.1628572,2.0597802,0.6000004,0.045934064,24,39,34.33481,40.212452
3906,1.1660806,2.1452014,0.6000004,0.046739924,24,39,34.33481,40.615384
3907,1.169304,2.0597802,0.6000004,0.046739924,24,39,34.33481,40.615384
3908,1.1660806,2.0597802,0.6000004,0.046739924,24,39,34.165984,40.615384
3909,1.1628572,2.0646152,0.6000004,0.045934064,24,39,33.99713,40.29304
3911,1.1588278,2.0646152,0.6000004,0.045934064,24,39,33.99713,40.29304
3912,1.1588278,2.0646152,0.6000004,0.045934064,24,39,33.99713,40.212452
3913,1.1588278,2.0807326,0.6000004,0.045934064,24,39,33.828248,40.13187
3915,1.1588278,2.0807326,0.6000004,0.045934064,24,39,33.852356,40.05128
3916,1.1588278,2.038828,0.6000004,0.04190476,24,39,33.852356,39.970696
3917,1.151575,2.0807326,0.6000004,0.04190476,24,39,33.828248,39.970696
3918,1.1483517,2.038828,0.6000004,0.038681316,24,39,33.828248,39.72894
3920,1.1483517,2.038828,0.6000004,0.038681316,24,39,33.68347,39.72894
3921,1.1483517,2.164542,0.6000004,0.04190476,24,39,33.635192,39.72894
3922,1.1419048,2.164542,0.6000004,0.04029304,24,39,33.68347,39.72894
3924,1.1483517,2.1161904,0.6000004,0.04029304,24,39,33.924744,39.970696
3925,1.1668864,2.164542,0.6000004,0.0410989,24,39,33.828248,40.212452
3926,1.1419048,2.1161904,0.6000004,0.0410989,24,39,33.828248,39.970696
3927,1.1668864,2.1032968,0.6000004,0.0410989,24,39,33.924744,40.212452
3929,1.1668864,2.1161904,0.6000004,0.0410989,24,39,33.828248,40.212452
3930,1.1668864,2.1032968,0.6000004,0.0410989,24,39,33.828248,39.72894
3931,1.1362637,2.0960438,0.6000004,0.0410989,24,39,33.828248,39.72894
3933,1.1628572,2.1032968,0.6000004,0.0410989,24,39,34.141876,40.212452
3934,1.1628572,2.0960438,0.6000004,0.04029304,24,39,33.828248,39.72894
3935,1.1813918,2.0960438,0.6000004,0.04029304,24,39,33.828248,39.809524
3937,1.1652746,2.0960438,0.6000004,0.04029304,24,39,33.804108,39.809524
3938,1.1733333,2.0742858,0.6000004,0.04190476,24,39,33.804108,39.809524
3939,1.1733333,2.0742858,0.6000004,0.04190476,24,39,33.804108,39.809524
3940,1.1709157,2.0742858,0.6000004,0.04271062,24,39,34.72061,40.5348
3942,1.1709157,2.062198,0.6000004,0.04271062,24,39,34.72061,41.098904
3943,1.1709157,2.062198,0.6000004,0.043516484,24,39,34.72061,41.179484
3944,1.1709157,2.062198,0.6000004,0.043516484,24,39,34.33481,41.179484
3946,1.1701099,2.062198,0.6000004,0.045934064,24,39,34.33481,41.098904
3947,1.1386813,2.1065202,0.6000004,0.045934064,24,39,34.33481,39.89011
3948,1.1386813,2.1065202,0.6000004,0.043516484,24,39,34.52771,39.89011
3949,1.1386813,2.1065202,0.6000004,0.04190476,24,39,34.52771,39.809524
3951,1.1386813,2.200806,0.6000004,0.0410989,24,39,34.57596,39.809524
3952,1.1491574,2.200806,0.6000004,0.0410989,24,39,34.55182,39.89011
3953,1.1491574,2.200806,0.6000004,0.04190476,24,39,34.52771,40.212452
3955,1.1604396,2.200806,0.6000004,0.04190476,24,39,34.55182,40.29304
3956,1.1709157,1.9816116,0.6000004,0.04190476,24,39,34.55182,40.29304
3957,1.1604396,1.9816116,0.6000004,0.04190476,24,39,34.52771,40.29304
3958,1.1709157,2.1097434,0.6000004,0.04190476,24,39,34.52771,40.29304
3960,1.1709157,2.0090108,0.6000004,0.04190476,24,39,34.648256,40.29304
3961,1.1717216,2.1097434,0.6000004,0.045128208,24,39,34.52771,40.373624
3962,1.1636629,2.1750184,0.6000004,0.04190476,24,39,34.52771,40.373624
3964,1.1717216,2.1097434,0.6000004,0.045934064,24,39,34.648256,40.373624
3965,1.1636629,2.1750184,0.6000004,0.047545788,24,39,34.5036,40.373624
3966,1.1636629,2.2153112,0.6000004,0.045934064,24,39,34.5036,40.373624
3967,1.1596336,2.1750184,0.6000004,0.04029304,24,39,34.5036,40.5348
3969,1.1596336,2.2153112,0.6000004,0.045934064,24,39,34.648256,40.5348
3970,1.1596336,2.2153112,0.6000004,0.03948718,24,39,34.5036,40.615384
3971,1.1596336,2.2145054,0.6000004,0.037875456,24,39,34.5036,40.454212
3973,1.1596336,2.2145054,0.6000004,0.037875456,24,39,33.900636,40.615384
3974,1.1596336,2.2145054,0.6000004,0.034652012,24,39,33.900636,40.937732
3975,1.117729,2.0452744,0.6000004,0.034652012,24,39,33.78,40.937732
3976,1.1153113,2.0452744,0.6000004,0.037875456,24,39,33.70761,40.05128
3978,1.117729,2.0452744,0.6000004,0.037875456,24,39,33.538664,40.05128
3979,1.117729,2.0396338,0.6000004,0.037069596,24,39,33.538664,40.05128
3980,1.1660806,2.0396338,0.6000004,0.037069596,24,39,33.3938,40.05128
3982,1.1660806,2.0396338,0.6000004,0.037069596,24,39,33.32138,40.05128
3983,1.1660806,2.0396338,0.6000004,0.036263736,24,39,33.3938,40.05128
3984,1.152381,2.0646152,0.6000004,0.037069596,24,39,33.3938,40.05128
3985,1.1451281,2.1750184,0.6000004,0.036263736,24,39,33.27307,40.05128
3987,1.1451281,2.0646152,0.6000004,0.037069596,24,39,33.27307,40.05128
3988,1.1451281,2.1750184,0.6000004,0.036263736,24,39,33.079864,40.776556
3989,1.1451281,2.1943588,0.6000004,0.033040292,24,39,33.079864,40.776556
3991,1.1451281,2.1750184,0.6000004,0.033040292,24,39,33.079864,40.776556
3992,1.1628572,2.1943588,0.6000004,0.037069596,24,39,33.224792,40.776556
3993,1.1394872,2.1943588,0.6000004,0.037069596,24,39,33.007384,40.776556
3995,1.151575,2.0791208,0.6000004,0.037069596,24,39,33.007384,40.776556
3996,1.1483517,2.0791208,0.6000004,0.037069596,24,38,32.910736,40.454212
3997,1.151575,2.0791208,0.6000004,0.037069596,24,38,32.910736,40.13187
3998,1.151575,2.0791208,0.6000004,0.036263736,24,38,32.910736,40.615384
4000,1.1612454,2.108132,0.6000004,0.036263736,24,38,32.983216,39.970696
4001,1.1612454,2.108132,0.6000004,0.036263736,24,38,33.079864,39.970696
4002,1.1612454,2.108132,0.6000004,0.037875456,24,38,33.490388,39.970696
4004,1.1588278,2.1750184,0.6000004,0.037875456,24,38,33.490388,39.970696
4005,1.1588278,2.1750184,0.6000004,0.037875456,24,38,33.490388,39.970696
4006,1.1588278,2.1750184,0.6000004,0.037875456,24,38,33.490388,40.29304
4007,1.1709157,2.22337,0.6000004,0.038681316,24,38,33.538664,39.809524
4009,1.1709157,2.22337,0.6000004,0.037875456,24,38,33.5869152,39.809524
4010,1.1709157,2.22337,0.6000004,0.038681316,24,38,33.78,39.809524
4011,1.1709157,2.22337,0.6000004,0.038681316,24,38,33.73172,39.72894
4013,1.1539926,2.1492308,0.6000004,0.03948718,24,38,33.73172,39.567764
4014,1.1539926,2.1492308,0.6000004,0.03948718,24,38,33.78,39.567764
4015,1.1773626,2.1991942,0.6000004,0.04190476,24,38,33.78,39.72894
4016,1.1773626,2.1492308,0.6000004,0.04271062,24,38,33.73172,39.567764
4018,1.1427106,2.1991942,0.6000004,0.04271062,24,38,33.68347,39.567764
4019,1.1717216,2.2588276,0.6000004,0.04190476,24,38,33.68347,40.454212
4020,1.1684982,2.1991942,0.6000004,0.04271062,24,38,33.68347,40.05128
4022,1.1451281,2.2588276,0.6000004,0.0410989,24,38,33.804108,39.567764
4023,1.1684982,2.2588276,0.6000004,0.0410989,24,38,33.804108,39.567764
4024,1.1684982,2.1830768,0.6000004,0.0410989,24,38,33.99713,39.567764
4025,1.1684982,2.1830768,0.6000004,0.0410989,24,38,33.99713,39.567764
4027,1.1499634,2.1959708,0.6000004,0.04029304,24,38,33.804108,39.487184
4028,1.1652746,2.1830768,0.6000004,0.04029304,24,38,33.99713,39.487184
4029,1.1556044,2.1959708,0.6000004,0.04029304,24,38,33.99713,39.487184
4031,1.1556044,2.1959708,0.6000004,0.043516484,24,38,33.68347,39.648352
4032,1.1451281,2.0823444,0.6000004,0.043516484,24,38,33.68347,39.648352
4033,1.1556044,2.0823444,0.6000004,0.043516484,24,38,33.852356,39.970696
4034,1.1539926,2.1734066,0.6000004,0.043516484,24,38,33.68347,39.970696
4036,1.1539926,2.0452744,0.6000004,0.043516484,24,38,33.75586,39.970696
4037,1.1539926,2.1734066,0.6000004,0.043516484,24,38,33.75586,39.970696
4038,1.1644689,2.2120878,0.6000004,0.04271062,24,38,33.75586,40.05128
4040,1.1539926,2.1734066,0.6000004,0.04190476,24,38,33.562804,39.970696
4041,1.1644689,2.0807326,0.6000004,0.04190476,24,38,33.75586,39.970696
4042,1.151575,2.2120878,0.6000004,0.04190476,24,38,33.659332,39.89011
4044,1.1564102,2.0807326,0.6000004,0.04029304,24,38,33.659332,39.89011
4045,1.151575,2.0630038,0.6000004,0.04029304,24,38,33.32138,39.809524
4046,1.1564102,2.0807326,0.6000004,0.04029304,24,38,33.5869152,39.89011
4047,1.151575,2.0630038,0.6000004,0.04029304,24,38,33.152312,39.89011
4049,1.1564102,2.0630038,0.6000004,0.04029304,24,38,33.152312,40.05128
4050,1.151575,2.262857,0.6000004,0.04029304,24,38,33.24893,39.970696
4051,1.152381,2.262857,0.6000004,0.04029304,24,38,33.36966,39.970696
4053,1.151575,2.262857,0.6000004,0.04029304,24,38,33.36966,39.72894
4054,1.152381,2.262857,0.6000004,0.04029304,24,38,33.538664,39.970696
4055,1.151575,2.037216,0.6000004,0.04190476,24,38,33.36966,39.72894
4056,1.151575,2.037216,0.6000004,0.04029304,24,38,33.538664,39.648352
4058,1.1499634,2.222564,0.6000004,0.038681316,24,38,33.5869152,39.72894
4059,1.151575,2.037216,0.6000004,0.038681316,24,38,33.5869152,40.05128
4060,1.1475457,2.222564,0.6000004,0.04190476,24,38,33.538664,39.72894
4062,1.1475457,2.222564,0.6000004,0.036263736,24,38,33.5869152,39.648352
4063,1.1475457,2.216923,0.6000004,0.036263736,25,38,33.5869152,39.89011
4064,1.1539926,2.216923,0.6000004,0.036263736,24,38,34.02124,39.89011
4065,1.1419048,2.216923,0.6000004,0.036263736,24,38,34.04538,39.89011
4067,1.1644689,2.0597802,0.6000004,0.036263736,24,38,34.04538,39.970696
4068,1.1644689,2.0597802,0.6000004,0.04029304,25,38,34.04538,39.970696
4069,1.1419048,2.1089378,0.6000004,0.04029304,25,38,33.99713,39.970696
4071,1.1322344,2.0597802,0.6000004,0.04029304,25,38,33.972992,39.72894
4072,1.1322344,2.1089378,0.6000004,0.03948718,25,38,33.972992,39.72894
4073,1.1322344,2.1169964,0.6000004,0.03948718,25,38,33.972992,39.72894
4074,1.1620513,2.1089378,0.6000004,0.03948718,25,38,34.455384,40.13187
4076,1.1636629,2.1169964,0.6000004,0.03948718,25,38,34.455384,40.857144
4077,1.1636629,2.1169964,0.6000004,0.03948718,25,38,34.455384,40.857144
4078,1.1620513,2.078315,0.6000004,0.043516484,25,38,34.455384,40.857144
4080,1.151575,2.078315,0.6000004,0.043516484,24,38,34.358916,40.29304
4081,1.151575,2.077509,0.6000004,0.043516484,25,38,34.358916,40.29304
4082,1.151575,2.077509,0.6000004,0.043516484,24,38,34.214204,39.72894
4083,1.1556044,2.090403,0.6000004,0.043516484,24,38,34.214204,39.72894
4085,1.1588278,2.090403,0.6000004,0.043516484,25,38,34.214204,39.72894
4086,1.1588278,2.090403,0.6000004,0.046739924,25,38,34.214204,39.648352
4087,1.158022,2.1975822,0.6000004,0.046739924,24,38,34.093628,39.648352
4089,1.158022,2.1975822,0.6000004,0.04190476,25,38,34.093628,39.648352
4090,1.1652746,2.1975822,0.6000004,0.044322344,25,38,34.093628,39.648352
4091,1.158022,2.1975822,0.6000004,0.044322344,25,38,34.06949,39.970696
4093,1.158022,2.0638094,0.6000004,0.044322344,25,38,33.99713,40.05128
4094,1.1652746,2.0638094,0.6000004,0.044322344,24,39,34.214204,40.373624
4095,1.1652746,2.0686446,0.6000004,0.044322344,24,39,34.1900936,40.373624
4096,1.1652746,2.0686446,0.6000004,0.044322344,24,39,33.99713,40.615384
4098,1.1652746,2.0847618,0.6000004,0.043516484,24,39,33.99713,40.13187
4099,1.174945,2.0847618,0.6000004,0.0410989,24,39,34.1900936,40.615384
4100,1.1652746,2.0734796,0.6000004,0.043516484,24,39,34.04538,40.13187
4102,1.174945,2.0847618,0.6000004,0.0410989,24,39,33.852356,40.615384
4103,1.1636629,2.0734796,0.6000004,0.0410989,25,39,34.04538,40.615384
4104,1.174945,2.0734796,0.6000004,0.0410989,24,39,34.23831,40.615384
4105,1.1612454,2.2596338,0.6000004,0.04271062,24,39,34.04538,40.373624
4107,1.1684982,2.2596338,0.6000004,0.04271062,24,39,34.23831,40.776556
4108,1.1644689,2.129084,0.6000004,0.04271062,25,39,34.23831,40.776556
4109,1.1644689,2.2596338,0.6000004,0.046739924,24,39,33.900636,40.373624
4111,1.1588278,2.129084,0.6000004,0.04271062,24,39,33.78,39.89011
4112,1.1644689,2.1274726,0.6000004,0.04271062,24,39,33.900636,40.454212
4113,1.1588278,2.129084,0.6000004,0.043516484,24,39,33.78,39.89011
4114,1.1588278,2.1274726,0.6000004,0.04190476,24,39,33.900636,39.89011
4116,1.1588278,2.1137728,0.6000004,0.04190476,24,39,33.924744,39.970696
4117,1.1709157,2.1274726,0.6000004,0.04190476,24,39,34.23831,40.454212
4118,1.1709157,2.1967764,0.6000004,0.043516484,24,39,33.924744,40.13187
4120,1.1709157,2.1137728,0.6000004,0.044322344,24,39,33.924744,40.13187
4121,1.1539926,2.1967764,0.6000004,0.044322344,24,39,33.78,39.970696
4122,1.1709157,2.1967764,0.6000004,0.04190476,24,39,33.78,39.970696
4123,1.1572161,2.1967764,0.6000004,0.04190476,24,39,33.78,39.89011
4125,1.1572161,2.2709156,0.6000004,0.037875456,24,39,33.852356,39.89011
4126,1.1725274,2.2709156,0.6000004,0.037069596,24,39,33.852356,39.970696
4127,1.1725274,2.2709156,0.6000004,0.037069596,24,39,33.852356,39.970696
4129,1.1596336,2.2709156,0.6000004,0.035457876,24,39,33.924744,39.970696
4130,1.1676922,2.182271,0.6000004,0.035457876,24,39,34.02124,40.29304
4131,1.1676922,2.182271,0.6000004,0.037069596,24,39,34.02124,39.970696
4132,1.1596336,2.2604396,0.6000004,0.035457876,24,39,34.141876,39.809524
4134,1.1676922,2.182271,0.6000004,0.038681316,24,39,34.165984,39.809524
4135,1.1684982,2.2604396,0.6000004,0.038681316,24,39,34.23831,40.29304
4136,1.1684982,2.2604396,0.6000004,0.03948718,24,39,34.28656,39.89011
4138,1.1483517,2.2322344,0.6000004,0.03948718,24,39,34.31067,39.89011
4139,1.1556044,2.2322344,0.6000004,0.03948718,24,39,34.31067,39.89011
4140,1.1483517,2.2322344,0.6000004,0.043516484,24,39,34.28656,39.89011
4142,1.1483517,2.2322344,0.6000004,0.04029304,24,39,33.900636,39.809524
4143,1.1531868,2.2419048,0.6000004,0.04029304,24,39,33.900636,39.809524
4144,1.1556044,2.2419048,0.6000004,0.04029304,24,39,33.900636,39.809524
4145,1.1531868,2.2419048,0.6000004,0.045128208,24,39,33.900636,39.970696
4147,1.1531868,2.2443224,0.6000004,0.04029304,24,39,33.972992,39.970696
4148,1.1564102,2.2443224,0.6000004,0.0410989,24,39,34.23831,40.29304
4149,1.140293,2.195165,0.6000004,0.0410989,24,39,34.06949,39.970696
4151,1.1354578,2.2443224,0.6000004,0.0410989,24,39,34.23831,39.970696
4152,1.1354578,2.195165,0.6000004,0.0410989,24,39,34.23831,40.05128
4153,1.1354578,2.1580952,0.6000004,0.0410989,24,39,34.23831,40.05128
4154,1.1354578,2.195165,0.6000004,0.038681316,24,39,34.06949,40.05128
4156,1.1330402,2.1580952,0.6000004,0.038681316,24,39,34.214204,40.05128
4157,1.1378754,2.1258608,0.6000004,0.038681316,24,39,34.214204,40.05128
4158,1.1330402,2.1580952,0.6000004,0.038681316,24,39,34.28656,40.05128
4160,1.1451281,2.1258608,0.6000004,0.038681316,24,39,34.600036,40.937732
4161,1.1547985,2.1258608,0.6000004,0.038681316,24,39,34.7688,40.937732
4162,1.1547985,2.1258608,0.6000004,0.0410989,24,39,34.7688,40.937732
4163,1.14674,2.0734796,0.6000004,0.04271062,24,39,34.600036,40.373624
4165,1.14674,2.0734796,0.6000004,0.04271062,24,39,34.57596,40.937732
4166,1.1459341,2.1113552,0.6000004,0.04271062,24,39,34.455384,40.373624
4167,1.1459341,2.0992676,0.6000004,0.04271062,24,39,34.383028,40.05128
4169,1.1459341,2.1113552,0.6000004,0.0410989,24,39,34.383028,39.89011
4170,1.1539926,2.1113552,0.6000004,0.0410989,24,39,34.383028,39.89011
4171,1.1564102,2.1113552,0.6000004,0.04190476,24,39,34.865236,39.89011
4172,1.1676922,2.1234432,0.6000004,0.04271062,24,39,34.865236,40.373624
4174,1.1564102,2.1234432,0.6000004,0.04271062,24,39,34.865236,41.179484
4175,1.1539926,2.1234432,0.6000004,0.04271062,24,39,34.02124,41.34066
4176,1.1612454,2.1564834,0.6000004,0.043516484,24,39,34.02124,41.34066
4178,1.1531868,2.1564834,0.6000004,0.04271062,24,39,34.02124,41.34066
4179,1.14674,2.1564834,0.6000004,0.0410989,24,39,34.31067,40.13187
4180,1.14674,2.216923,0.6000004,0.04029304,24,39,34.55182,40.13187
4181,1.1612454,2.216923,0.6000004,0.0410989,24,39,34.600036,40.13187
4183,1.1660806,2.216923,0.6000004,0.0410989,24,39,34.865236,40.373624
4184,1.1660806,2.2443224,0.6000004,0.0410989,24,39,34.865236,40.454212
4185,1.1660806,2.216923,0.6000004,0.04271062,24,39,34.865236,40.454212
4187,1.1660806,2.2443224,0.6000004,0.04271062,24,39,34.600036,40.454212
4188,1.158022,2.2443224,0.6000004,0.04271062,24,39,34.117736,40.695972
4189,1.1531868,2.2282052,0.6000004,0.04271062,24,39,34.117736,40.695972
4191,1.1499634,2.2282052,0.6000004,0.0410989,24,39,34.117736,40.776556
4192,1.1499634,2.3055678,0.6000004,0.0410989,24,39,34.141876,40.695972
4193,1.1531868,2.2282052,0.6000004,0.04190476,24,39,34.141876,40.615384
4194,1.1531868,2.1105494,0.6000004,0.04271062,24,39,34.26245,40.13187
4196,1.158022,2.3055678,0.6000004,0.04190476,24,39,34.431244,40.615384
4197,1.158022,2.1105494,0.6000004,0.04271062,24,39,34.26245,40.615384
4198,1.1491574,2.1105494,0.6000004,0.04271062,24,39,34.141876,40.13187
4200,1.1491574,2.1758242,0.6000004,0.04271062,24,39,34.141876,39.970696
4201,1.1491574,2.1758242,0.6000004,0.038681316,24,39,34.04538,39.89011
4202,1.1491574,2.1758242,0.6000004,0.04271062,24,39,34.04538,39.89011
4203,1.1539926,2.2016116,0.6000004,0.04029304,24,39,34.04538,39.89011
4205,1.1547985,2.2016116,0.6000004,0.04029304,24,39,34.04538,39.809524
4206,1.1547985,2.15326,0.6000004,0.043516484,24,39,34.093628,39.970696
4207,1.1547985,2.2016116,0.6000004,0.043516484,24,39,34.093628,40.05128
4209,1.1539926,2.15326,0.6000004,0.04271062,24,39,34.093628,40.05128
4210,1.1539926,2.1234432,0.6000004,0.04271062,24,39,34.093628,39.809524
4211,1.1531868,2.15326,0.6000004,0.0410989,24,39,34.093628,39.970696
4212,1.1499634,2.1234432,0.6000004,0.04029304,24,39,34.04538,39.970696
4214,1.1531868,2.0750916,0.6000004,0.04029304,24,39,34.04538,39.809524
4215,1.1539926,2.1234432,0.6000004,0.04029304,24,39,34.04538,39.648352
4216,1.1547985,2.0750916,0.6000004,0.04029304,24,39,34.04538,39.970696
4218,1.1709157,2.0750916,0.6000004,0.04029304,24,39,34.04538,40.29304
4219,1.1709157,2.2040294,0.6000004,0.0410989,24,39,34.31067,39.970696
4220,1.1596336,2.2040294,0.6000004,0.0410989,24,39,34.31067,39.970696
4221,1.1709157,2.2040294,0.6000004,0.0410989,24,39,34.358916,40.05128
4223,1.1676922,2.2040294,0.6000004,0.0410989,24,39,34.31067,39.970696
4224,1.1596336,2.240293,0.6000004,0.0410989,24,39,33.924744,39.970696
4225,1.1676922,2.240293,0.6000004,0.0410989,24,39,33.924744,39.970696
4227,1.1701099,2.240293,0.6000004,0.0410989,24,39,34.358916,39.970696
4228,1.1676922,2.129084,0.6000004,0.043516484,24,39,33.99713,39.970696
4229,1.1620513,2.240293,0.6000004,0.043516484,24,39,34.33481,40.212452
4231,1.1620513,2.129084,0.6000004,0.045934064,24,39,34.33481,40.212452
4232,1.1620513,2.129084,0.6000004,0.046739924,24,39,33.99713,39.970696
4233,1.1620513,2.131502,0.6000004,0.046739924,24,39,33.99713,40.212452
4234,1.1757508,2.131502,0.6000004,0.043516484,24,39,33.75586,40.212452
4236,1.1757508,2.131502,0.6000004,0.045128208,24,39,33.75586,39.970696
4237,1.1765568,2.2427106,0.6000004,0.04190476,24,39,33.75586,39.89011
4238,1.1757508,2.2427106,0.6000004,0.0410989,24,39,33.75586,40.13187
4240,1.151575,2.170989,0.6000004,0.0410989,24,39,33.70761,40.05128
4241,1.1499634,2.2427106,0.6000004,0.04029304,24,39,33.804108,39.89011
4242,1.1282052,2.170989,0.6000004,0.04029304,24,39,33.75586,40.05128
4243,1.1282052,2.1145788,0.6000004,0.0410989,24,39,33.75586,40.05128
4245,1.1282052,2.170989,0.6000004,0.0410989,24,39,33.75586,40.05128
4246,1.1491574,2.17663,0.6000004,0.037069596,24,39,33.75586,40.13187
4247,1.1491574,2.1145788,0.6000004,0.037875456,24,39,33.490388,40.13187
4249,1.151575,2.17663,0.6000004,0.037069596,24,39,33.200652,40.05128
4250,1.151575,2.2870328,0.6000004,0.036263736,24,39,33.200652,40.212452
4251,1.151575,2.17663,0.6000004,0.037069596,24,39,33.200652,39.970696
4252,1.1241758,2.2870328,0.6000004,0.037875456,24,39,33.152312,39.970696
4254,1.1475457,2.2870328,0.6000004,0.038681316,24,39,33.34552,39.970696
4255,1.1145055,2.1169964,0.6000004,0.03948718,24,39,33.611052,40.05128
4256,1.1145055,2.1169964,0.6000004,0.03948718,24,39,33.611052,40.05128
4258,1.1233699,2.1169964,0.6000004,0.03948718,24,39,33.562804,40.373624
4259,1.1475457,2.0928204,0.6000004,0.03948718,24,39,33.659332,40.373624
4260,1.151575,2.1169964,0.6000004,0.03948718,24,39,33.70761,40.373624
4261,1.151575,2.262857,0.6000004,0.038681316,24,39,33.659332,40.373624
4263,1.151575,2.0928204,0.6000004,0.038681316,24,39,33.70761,40.212452
4264,1.169304,2.262857,0.6000004,0.038681316,24,39,33.75586,40.212452
4265,1.1789744,2.3168496,0.6000004,0.038681316,24,39,33.75586,39.89011
4267,1.1789744,2.262857,0.6000004,0.038681316,24,39,33.924744,40.212452
4268,1.1789744,2.3168496,0.6000004,0.038681316,24,39,33.924744,40.212452
4269,1.1789744,2.3168496,0.6000004,0.036263736,24,39,33.924744,39.89011
4270,1.1491574,2.2902562,0.6000004,0.036263736,24,39,34.117736,39.809524
4272,1.1491574,2.2902562,0.6000004,0.036263736,24,39,34.117736,39.809524
4273,1.1507692,2.2902562,0.6000004,0.033040292,24,39,34.52771,39.809524
4274,1.1660806,2.1556776,0.6000004,0.033040292,24,39,34.648256,39.809524
4276,1.1507692,2.1556776,0.6000004,0.033040292,24,39,34.648256,39.809524
4277,1.1604396,2.1556776,0.6000004,0.030622712,24,39,34.865236,40.05128
4278,1.1604396,2.1556776,0.6000004,0.033040292,24,39,34.696504,40.05128
4279,1.1604396,2.2612456,0.6000004,0.02981685,24,39,34.696504,39.72894
4281,1.1604396,2.2612456,0.6000004,0.02981685,24,39,34.841156,40.05128
4282,1.1604396,2.1726008,0.6000004,0.03384615,24,39,34.696504,39.72894
4283,1.1757508,2.2612456,0.6000004,0.03384615,24,39,34.696504,39.72894
4285,1.1620513,2.1726008,0.6000004,0.03384615,24,39,34.648256,39.72894
4286,1.1628572,2.1621244,0.6000004,0.037875456,24,39,34.648256,39.970696
4287,1.1628572,2.1726008,0.6000004,0.037875456,24,39,34.431244,39.809524
4289,1.1644689,2.1621244,0.6000004,0.03948718,24,39,34.5036,39.970696
4290,1.1628572,2.1621244,0.6000004,0.03948718,24,39,34.431244,40.13187
4291,1.1644689,2.331355,0.6000004,0.03948718,24,39,34.431244,40.13187
4292,1.169304,2.331355,0.6000004,0.03948718,24,39,34.1900936,39.809524
4294,1.1644689,2.1331134,0.6000004,0.03948718,24,39,34.1900936,39.89011
4295,1.1612454,2.331355,0.6000004,0.0410989,24,39,33.900636,39.89011
4296,1.1612454,2.164542,0.6000004,0.0410989,24,39,33.876496,39.809524
4298,1.1612454,2.1331134,0.6000004,0.0410989,24,39,33.900636,39.89011
4299,1.1612454,2.164542,0.6000004,0.037069596,24,39,33.900636,39.970696
4300,1.1612454,2.2346518,0.6000004,0.03384615,24,39,34.093628,40.212452
4301,1.169304,2.164542,0.6000004,0.03384615,24,39,34.165984,40.212452
4303,1.169304,2.2346518,0.6000004,0.033040292,24,39,34.47946,40.373624
4304,1.169304,2.280586,0.6000004,0.033040292,24,39,34.47946,40.373624
4305,1.1676922,2.2346518,0.6000004,0.03384615,24,39,34.455384,40.373624
4307,1.169304,2.280586,0.6000004,0.035457876,24,39,34.455384,40.29304
4308,1.1717216,2.280586,0.6000004,0.035457876,24,39,34.600036,40.373624
4309,1.1717216,2.2024174,0.6000004,0.035457876,24,39,34.600036,40.29304
4310,1.1733333,2.2024174,0.6000004,0.036263736,24,39,34.696504,40.5348
4312,1.1733333,2.2024174,0.6000004,0.036263736,24,39,34.7688,40.29304
4313,1.1733333,2.2024174,0.6000004,0.037875456,24,39,35.323304,40.5348
4314,1.1733333,2.291062,0.6000004,0.037875456,24,39,35.323304,40.5348
4316,1.1757508,2.291062,0.6000004,0.038681316,24,39,35.323304,40.5348
4317,1.1757508,2.291062,0.6000004,0.038681316,24,39,35.082244,40.29304
4318,1.1757508,2.303956,0.6000004,0.038681316,24,39,35.082244,40.5348
4319,1.1741393,2.303956,0.6000004,0.038681316,24,39,35.034028,40.776556
4321,1.1741393,2.303956,0.6000004,0.03948718,24,39,34.841156,40.776556
4322,1.1701099,2.303956,0.6000004,0.03948718,24,39,34.648256,40.776556
4323,1.1564102,2.3015384,0.6000004,0.03948718,24,39,34.26245,40.776556
4325,1.1564102,2.3015384,0.6000004,0.03948718,24,39,34.23831,40.212452
4326,1.1564102,2.3015384,0.6000004,0.04029304,24,39,34.23831,40.212452
4327,1.152381,2.169377,0.6000004,0.04190476,24,39,34.23831,40.212452
4328,1.1564102,2.169377,0.6000004,0.04190476,24,39,34.093628,40.212452
4330,1.1499634,2.169377,0.6000004,0.038681316,24,39,33.99713,40.13187
4331,1.1684982,2.1411722,0.6000004,0.04190476,24,39,34.23831,40.615384
4332,1.1491574,2.169377,0.6000004,0.04029304,24,39,34.23831,40.29304
4334,1.1652746,2.1411722,0.6000004,0.038681316,24,39,34.117736,40.05128
4335,1.1652746,2.1411722,0.6000004,0.04029304,24,39,34.26245,40.29304
4336,1.1652746,2.1846886,0.6000004,0.04029304,24,39,34.33481,40.454212
4338,1.1491574,2.1846886,0.6000004,0.04029304,24,39,34.7688,40.454212
4339,1.1201465,2.1846886,0.6000004,0.03948718,24,39,34.7688,40.454212
4340,1.1201465,2.2064466,0.6000004,0.03948718,24,39,34.865236,40.454212
4341,1.1201465,2.2064466,0.6000004,0.03948718,24,39,34.865236,40.454212
4343,1.117729,2.1613186,0.6000004,0.03948718,24,39,34.98578,40.454212
4344,1.1257876,2.2064466,0.6000004,0.037875456,24,39,35.106352,40.454212
4345,1.1306228,2.1613186,0.6000004,0.0410989,24,39,35.106352,40.454212
4347,1.1338462,2.1613186,0.6000004,0.0410989,24,39,34.98578,40.454212
4348,1.1306228,2.2999268,0.6000004,0.03384615,24,39,34.98578,40.615384
4349,1.1306228,2.2999268,0.6000004,0.03384615,24,39,34.889372,40.615384
4350,1.1338462,2.2999268,0.6000004,0.035457876,24,39,34.72061,40.29304
4352,1.1338462,2.3015384,0.6000004,0.03384615,24,39,34.889372,40.29304
4353,1.1290109,2.2999268,0.6000004,0.034652012,24,39,35.106352,41.34066
4354,1.1427106,2.3015384,0.6000004,0.035457876,24,39,34.889372,40.454212
4356,1.1556044,2.3015384,0.6000004,0.035457876,23,39,34.74472,40.937732
4357,1.1628572,2.2596338,0.6000004,0.038681316,23,39,34.74472,40.937732
4358,1.1628572,2.2596338,0.6000004,0.038681316,23,39,34.672364,40.857144
4359,1.1628572,2.2596338,0.6000004,0.038681316,24,39,34.648256,40.454212
4361,1.1725274,2.2467398,0.6000004,0.038681316,24,39,34.600036,40.5348
4362,1.1725274,2.2467398,0.6000004,0.038681316,23,39,34.358916,40.5348
4363,1.1773626,2.2467398,0.6000004,0.037875456,24,39,34.23831,40.454212
4365,1.174945,2.2330404,0.6000004,0.037875456,23,39,34.214204,40.5348
4366,1.174945,2.2330404,0.6000004,0.038681316,23,39,33.972992,40.5348
4367,1.1652746,2.2330404,0.6000004,0.038681316,23,39,33.852356,40.454212
4368,1.174945,2.2330404,0.6000004,0.038681316,23,39,33.852356,40.373624
4370,1.1652746,2.3184614,0.6000004,0.038681316,23,39,33.852356,40.373624
4371,1.1652746,2.3184614,0.6000004,0.037069596,23,39,33.972992,40.373624
4372,1.1684982,2.3184614,0.6000004,0.037069596,23,39,34.141876,40.5348
4374,1.1725274,2.3184614,0.6000004,0.037069596,23,39,34.141876,40.857144
4375,1.1725274,2.2894504,0.6000004,0.037069596,23,39,34.141876,40.857144
4376,1.1725274,2.2894504,0.6000004,0.038681316,23,39,34.141876,40.5348
4378,1.1725274,2.2894504,0.6000004,0.038681316,23,39,34.141876,40.5348
4379,1.1725274,2.1629304,0.6000004,0.04190476,23,39,34.06949,40.5348
4380,1.1717216,2.1629304,0.6000004,0.04190476,23,39,34.06949,40.454212
4381,1.1684982,2.1629304,0.6000004,0.04271062,23,39,34.141876,40.5348
4383,1.1684982,2.1629304,0.6000004,0.04190476,23,39,34.141876,40.454212
4384,1.1620513,2.1629304,0.6000004,0.0410989,23,39,33.972992,40.454212
4385,1.1620513,2.1500366,0.6000004,0.038681316,23,39,34.31067,40.454212
4387,1.1620513,2.1500366,0.6000004,0.037875456,23,39,34.31067,40.695972
4388,1.1652746,2.1500366,0.6000004,0.037875456,23,39,34.383028,40.454212
4389,1.1701099,2.1500366,0.6000004,0.038681316,23,39,34.455384,40.454212
4390,1.1701099,2.1500366,0.6000004,0.038681316,23,39,34.455384,40.454212
4392,1.1701099,2.3369964,0.6000004,0.038681316,23,39,34.383028,40.29304
4393,1.1701099,2.2789744,0.6000004,0.038681316,23,39,34.383028,40.29304
4394,1.1701099,2.2789744,0.6000004,0.038681316,23,39,34.358916,40.454212
4396,1.1676922,2.2789744,0.6000004,0.037875456,23,39,34.358916,40.212452
4397,1.1765568,2.2789744,0.6000004,0.037875456,23,39,34.358916,40.212452
4398,1.1765568,2.1524542,0.6000004,0.038681316,23,39,34.358916,40.29304
4399,1.1676922,2.1524542,0.6000004,0.03948718,23,39,34.31067,40.29304
4401,1.1676922,2.1524542,0.6000004,0.038681316,23,39,34.04538,40.29304
4402,1.1676922,2.1524542,0.6000004,0.038681316,23,39,34.04538,40.29304
4403,1.1660806,2.1726008,0.6000004,0.038681316,24,39,34.31067,40.373624
4405,1.1660806,2.1726008,0.6000004,0.038681316,23,39,34.455384,40.454212
4406,1.158022,2.1726008,0.6000004,0.038681316,23,39,34.455384,40.615384
4407,1.1660806,2.2580218,0.6000004,0.04029304,23,39,34.455384,40.615384
4408,1.1660806,2.2580218,0.6000004,0.04029304,23,39,34.407136,40.454212
4410,1.1757508,2.1556776,0.6000004,0.04029304,23,39,34.407136,40.454212
4411,1.1660806,2.2580218,0.6000004,0.038681316,23,39,34.407136,40.615384
4412,1.1741393,2.1556776,0.6000004,0.038681316,24,39,34.455384,40.373624
4414,1.1660806,2.1556776,0.6000004,0.038681316,24,39,34.455384,40.695972
4415,1.1660806,2.2088644,0.6000004,0.04190476,24,39,34.455384,40.695972
4416,1.1644689,2.2088644,0.6000004,0.04190476,24,39,34.383028,40.695972
4417,1.1572161,2.2088644,0.6000004,0.04190476,24,39,34.214204,40.454212
4419,1.1572161,2.2088644,0.6000004,0.04190476,24,39,34.214204,40.937732
4420,1.1572161,2.1854944,0.6000004,0.04190476,24,39,34.383028,40.5348
4421,1.1701099,2.1854944,0.6000004,0.04190476,24,39,34.214204,40.857144
4423,1.1701099,2.1854944,0.6000004,0.038681316,24,39,34.214204,40.5348
4424,1.1701099,2.1580952,0.6000004,0.038681316,24,39,34.1900936,40.5348
4425,1.1636629,2.1580952,0.6000004,0.038681316,24,39,34.141876,40.5348
4427,1.1636629,2.1580952,0.6000004,0.038681316,24,39,34.06949,40.615384
4428,1.1386813,2.1580952,0.6000004,0.038681316,24,39,33.876496,40.29304
4429,1.1386813,2.1589012,0.6000004,0.038681316,24,39,34.06949,40.615384
4430,1.1419048,2.1589012,0.6000004,0.038681316,24,39,33.70761,40.937732
4432,1.1419048,2.1589012,0.6000004,0.038681316,24,39,33.70761,40.937732
4433,1.1386813,2.2193408,0.6000004,0.038681316,24,39,33.73172,40.212452
4434,1.1419048,2.2193408,0.6000004,0.037069596,24,39,33.804108,40.937732
4436,1.1628572,2.2193408,0.6000004,0.03948718,24,39,33.804108,40.695972
4437,1.14674,2.2193408,0.6000004,0.038681316,24,39,34.02124,40.212452
4438,1.1628572,2.1975822,0.6000004,0.038681316,24,39,34.431244,40.454212
4439,1.1628572,2.1975822,0.6000004,0.03948718,24,39,34.431244,40.695972
4441,1.1531868,2.1975822,0.6000004,0.03948718,24,39,34.431244,40.695972
4442,1.14674,2.1975822,0.6000004,0.03948718,24,39,34.431244,40.454212
4443,1.151575,2.315238,0.6000004,0.03948718,24,39,34.47946,40.454212
4445,1.151575,2.315238,0.6000004,0.03948718,24,39,34.648256,40.857144
4446,1.151575,2.29348,0.6000004,0.04029304,24,39,34.98578,40.615384
4447,1.1572161,2.315238,0.6000004,0.04029304,24,39,34.98578,40.29304
4448,1.1572161,2.29348,0.6000004,0.03948718,24,39,34.98578,40.29304
4450,1.1620513,2.2483516,0.6000004,0.04029304,24,39,35.058104,40.5348
4451,1.1572161,2.29348,0.6000004,0.04029304,24,39,34.98578,40.5348
4452,1.1620513,2.2483516,0.6000004,0.04029304,24,39,34.817048,40.29304
4454,1.1628572,2.1669598,0.6000004,0.04029304,24,39,34.98578,40.5348
4455,1.1660806,2.2483516,0.6000004,0.0410989,24,39,34.696504,40.5348
4456,1.1628572,2.1669598,0.6000004,0.0410989,24,39,34.696504,40.5348
4457,1.1660806,2.1669598,0.6000004,0.0410989,24,39,34.98578,40.5348
4459,1.1668864,2.3321612,0.6000004,0.0410989,24,39,35.082244,40.5348
4460,1.1660806,2.3321612,0.6000004,0.0410989,24,39,35.082244,40.454212
4461,1.1572161,2.274945,0.6000004,0.04029304,24,39,35.082244,40.454212
4463,1.1668864,2.3321612,0.6000004,0.03948718,24,39,35.20276,40.454212
4464,1.1668864,2.274945,0.6000004,0.04029304,24,39,35.20276,40.454212
4465,1.1709157,2.274945,0.6000004,0.04029304,24,39,35.323304,40.615384
4466,1.1709157,2.2975092,0.6000004,0.04029304,24,39,35.323304,40.615384
4468,1.1709157,2.2975092,0.6000004,0.04029304,24,39,35.37152,40.776556
4469,1.1709157,2.2975092,0.6000004,0.04029304,24,39,35.323304,40.776556
4470,1.1709157,2.303956,0.6000004,0.04029304,24,39,35.058104,40.615384
4472,1.1660806,2.303956,0.6000004,0.04029304,24,39,35.058104,40.937732
4473,1.1660806,2.303956,0.6000004,0.04029304,24,39,35.37152,40.937732
4474,1.1709157,2.303956,0.6000004,0.04029304,24,39,35.492036,41.018316
4476,1.1709157,2.2016116,0.6000004,0.04029304,24,39,35.492036,40.857144
4477,1.1660806,2.2016116,0.6000004,0.04029304,24,39,35.492036,41.018316
4478,1.1725274,2.2016116,0.6000004,0.04271062,24,39,35.443848,41.018316
4479,1.1725274,2.200806,0.6000004,0.04271062,24,39,35.37152,41.018316
4481,1.1652746,2.2016116,0.6000004,0.04271062,24,39,35.37152,41.018316
4482,1.1531868,2.200806,0.6000004,0.04029304,24,39,35.37152,41.018316
4483,1.1652746,2.1661536,0.6000004,0.044322344,24,39,35.37152,41.018316
4485,1.1652746,2.200806,0.6000004,0.04029304,24,39,35.275084,41.098904
4486,1.1741393,2.1661536,0.6000004,0.04029304,23,39,35.275084,41.179484
4487,1.1741393,2.1661536,0.6000004,0.04271062,24,39,35.275084,41.179484
4488,1.1741393,2.1750184,0.6000004,0.04271062,24,39,35.058104,41.179484
4490,1.1628572,2.1830768,0.6000004,0.04029304,24,39,35.058104,41.179484
4491,1.1628572,2.1750184,0.6000004,0.04029304,23,39,35.299196,41.179484
4492,1.1604396,2.1830768,0.6000004,0.037875456,24,39,35.299196,41.179484
4494,1.1620513,2.1830768,0.6000004,0.037875456,24,39,35.275084,41.179484
4495,1.1620513,2.1830768,0.6000004,0.04029304,23,39,35.275084,41.179484
4496,1.1620513,2.3232966,0.6000004,0.04029304,23,40,35.034028,41.098904
4497,1.1620513,2.3232966,0.6000004,0.038681316,24,40,35.034028,41.018316
4499,1.1620513,2.3232966,0.6000004,0.038681316,24,40,35.082244,41.018316
4500,1.1620513,2.3232966,0.6000004,0.037069596,23,40,35.082244,41.018316
4501,1.1620513,2.2838096,0.6000004,0.037069596,24,40,35.130432,41.018316
4503,1.1596336,2.2838096,0.6000004,0.037069596,23,40,35.275084,41.018316
4504,1.1572161,2.2894504,0.6000004,0.035457876,23,40,35.323304,41.018316
4505,1.1459341,2.2838096,0.6000004,0.034652012,23,40,35.323304,41.018316
4506,1.1459341,2.2894504,0.6000004,0.034652012,23,40,35.80548,41.50183
4508,1.1459341,2.339414,0.6000004,0.034652012,23,40,35.80548,41.50183
4509,1.1451281,2.2894504,0.6000004,0.034652012,23,40,35.80548,41.904764
4510,1.1451281,2.339414,0.6000004,0.034652012,23,40,35.516176,41.50183
4512,1.1475457,2.339414,0.6000004,0.035457876,23,40,35.516176,41.50183
4513,1.1459341,2.2435164,0.6000004,0.038681316,23,40,35.516176,41.179484
4514,1.1451281,2.2435164,0.6000004,0.038681316,23,40,35.61261,41.179484
4516,1.1338462,2.2435164,0.6000004,0.038681316,23,40,35.61261,41.179484
4517,1.1338462,2.2435164,0.6000004,0.04029304,23,40,35.61261,41.6630032
4518,1.1298169,2.2435164,0.6000004,0.0410989,23,40,35.781372,41.824172
4519,1.1298169,2.238681,0.6000004,0.0410989,23,40,35.781372,42.065932
4521,1.1298169,2.238681,0.6000004,0.04190476,23,40,35.781372,42.065932
4522,1.1298169,2.238681,0.6000004,0.04190476,23,40,35.781372,41.824172
4523,1.1338462,2.131502,0.6000004,0.04190476,23,40,35.61261,41.421244
4525,1.1435164,2.131502,0.6000004,0.043516484,23,40,35.5885,41.34066
4526,1.1451281,2.131502,0.6000004,0.043516484,23,40,35.5885,41.260076
4527,1.1499634,2.131502,0.6000004,0.043516484,23,40,35.5885,41.260076
4528,1.151575,2.164542,0.6000004,0.04271062,23,40,35.5885,41.260076
4530,1.1701099,2.164542,0.6000004,0.04271062,23,40,35.540284,41.260076
4531,1.1709157,2.164542,0.6000004,0.0410989,23,40,35.540284,41.824172
4532,1.1902565,2.3079852,0.6000004,0.0410989,23,40,35.56436,42.388276
4534,1.1902565,2.3079852,0.6000004,0.0410989,23,40,35.950136,42.388276
4535,1.1765568,2.3079852,0.6000004,0.04190476,23,40,35.56436,42.871796
4536,1.1709157,2.3305492,0.6000004,0.04190476,23,40,35.926024,41.824172
4537,1.1684982,2.3079852,0.6000004,0.04190476,23,40,35.926024,41.6630032
4539,1.1684982,2.2193408,0.6000004,0.043516484,23,40,35.926024,41.50183
4540,1.1684982,2.3305492,0.6000004,0.04190476,23,40,35.877808,41.50183
4541,1.1684982,2.2193408,0.6000004,0.043516484,23,40,35.926024,41.50183
4543,1.1644689,2.2193408,0.6000004,0.043516484,23,40,36.04657,41.50183
4544,1.1765568,2.3378022,0.6000004,0.0410989,23,40,35.926024,41.582416
4545,1.1797801,2.3378022,0.6000004,0.0410989,23,40,35.998384,41.582416
4546,1.1765568,2.2596338,0.6000004,0.0410989,23,40,36.04657,41.582416
4548,1.1644689,2.2596338,0.6000004,0.04029304,23,40,36.02246,41.582416
4549,1.1797801,2.1919416,0.6000004,0.04029304,23,40,36.02246,41.904764
4550,1.1797801,2.1919416,0.6000004,0.04029304,23,40,36.02246,41.582416
4552,1.1644689,2.2346518,0.6000004,0.038681316,23,40,36.02246,41.582416
4553,1.1644689,2.1919416,0.6000004,0.038681316,23,40,35.733156,41.34066
4554,1.1660806,2.2346518,0.6000004,0.038681316,23,40,35.347412,41.34066
4555,1.1636629,2.2346518,0.6000004,0.038681316,23,40,35.347412,41.34066
4557,1.1628572,2.1403664,0.6000004,0.0410989,23,40,35.347412,41.421244
4558,1.1636629,2.1403664,0.6000004,0.0410989,23,40,35.299196,41.6630032
4559,1.1660806,2.1403664,0.6000004,0.0410989,23,40,35.347412,41.6630032
4561,1.169304,2.1403664,0.6000004,0.0410989,23,40,35.299196,41.6630032
4562,1.169304,2.12989,0.6000004,0.038681316,23,40,35.299196,42.468864
4563,1.169304,2.12989,0.6000004,0.038681316,23,40,35.709016,42.468864
4564,1.1684982,2.12989,0.6000004,0.038681316,23,40,35.950136,42.468864
4566,1.1684982,2.1903296,0.6000004,0.038681316,23,40,35.950136,42.227104
4567,1.1684982,2.1903296,0.6000004,0.04029304,23,40,35.950136,42.227104
4568,1.169304,2.2942856,0.6000004,0.04029304,23,40,35.950136,41.985344
4570,1.169304,2.2942856,0.6000004,0.04029304,23,40,35.56436,41.985344
4571,1.1733333,2.2942856,0.6000004,0.04029304,23,40,35.56436,41.985344
4572,1.169304,2.2942856,0.6000004,0.03948718,23,40,35.540284,41.985344
4574,1.1620513,2.280586,0.6000004,0.03948718,23,40,35.39563,41.421244
4575,1.1556044,2.280586,0.6000004,0.03948718,23,40,35.37152,41.421244
4576,1.1507692,2.280586,0.6000004,0.03948718,23,40,35.00992,41.34066
4577,1.1507692,2.2370696,0.6000004,0.037875456,23,40,34.913484,41.34066
4579,1.1556044,2.2370696,0.6000004,0.037875456,23,40,34.913484,41.34066
4580,1.1604396,2.238681,0.6000004,0.037875456,23,40,34.913484,41.34066
4581,1.1636629,2.2370696,0.6000004,0.037875456,23,40,34.889372,41.179484
4583,1.1636629,2.238681,0.6000004,0.037875456,23,40,35.058104,41.582416
4584,1.169304,2.3200734,0.6000004,0.035457876,23,40,35.058104,41.74359
4585,1.1636629,2.238681,0.6000004,0.035457876,23,40,34.93759,41.74359
4586,1.169304,2.3200734,0.6000004,0.035457876,23,40,34.817048,41.34066
4588,1.1797801,2.3200734,0.6000004,0.035457876,23,40,34.817048,41.50183
4589,1.1797801,2.3200734,0.6000004,0.037069596,23,40,34.817048,41.34066
4590,1.1797801,2.2886448,0.6000004,0.037069596,23,40,34.817048,41.34066
4592,1.1797801,2.2886448,0.6000004,0.038681316,23,40,34.792908,41.50183
4593,1.1725274,2.2886448,0.6000004,0.04029304,23,40,34.672364,41.50183
4594,1.1636629,2.2886448,0.6000004,0.04029304,23,40,34.672364,41.34066
4595,1.1604396,2.2370696,0.6000004,0.036263736,23,40,34.672364,41.098904
4597,1.151575,2.2370696,0.6000004,0.036263736,23,40,34.672364,41.018316
4598,1.1314285,2.2370696,0.6000004,0.036263736,23,40,34.672364,41.018316
4599,1.1290109,2.169377,0.6000004,0.03384615,23,40,34.792908,41.018316
4601,1.1290109,2.169377,0.6000004,0.03384615,23,40,34.9617,41.018316
4602,1.1273992,2.169377,0.6000004,0.03384615,23,40,34.792908,41.34066
4603,1.1273992,2.169377,0.6000004,0.03384615,23,40,35.323304,42.146524
4604,1.1273992,2.29348,0.6000004,0.03384615,23,40,35.323304,42.146524
4606,1.1491574,2.29348,0.6000004,0.035457876,23,40,35.323304,41.6630032
4607,1.1314285,2.29348,0.6000004,0.035457876,23,40,35.250976,41.6630032
4608,1.1491574,2.29348,0.6000004,0.037875456,23,40,35.250976,41.582416
4610,1.1491574,2.235458,0.6000004,0.038681316,23,40,35.250976,41.260076
4611,1.1491574,2.235458,0.6000004,0.038681316,23,40,35.058104,41.260076
4612,1.1564102,2.2983148,0.6000004,0.038681316,23,40,35.058104,41.260076
4613,1.1572161,2.235458,0.6000004,0.037875456,23,40,35.323304,41.260076
4615,1.1572161,2.2983148,0.6000004,0.04029304,23,40,35.323304,41.260076
4616,1.1539926,2.3104028,0.6000004,0.037875456,23,40,35.226868,41.260076
4617,1.1539926,2.2983148,0.6000004,0.037875456,23,40,35.226868,41.260076
4619,1.1539926,2.3104028,0.6000004,0.037875456,23,40,35.058104,41.018316
4620,1.1507692,2.3104028,0.6000004,0.037875456,23,40,35.058104,41.018316
4621,1.1507692,2.2483516,0.6000004,0.037875456,23,40,35.058104,41.018316
4623,1.1556044,2.2483516,0.6000004,0.037875456,23,40,35.058104,41.260076
4624,1.1660806,2.2483516,0.6000004,0.03948718,23,40,35.684936,41.260076
4625,1.1660806,2.2483516,0.6000004,0.04029304,23,40,35.684936,41.6630032
4626,1.1709157,2.2781684,0.6000004,0.04029304,23,40,35.684936,41.6630032
4628,1.1709157,2.2781684,0.6000004,0.04029304,23,40,35.443848,41.6630032
4629,1.1660806,2.2781684,0.6000004,0.0410989,23,40,35.226868,41.50183
4630,1.1547985,2.2781684,0.6000004,0.0410989,23,40,35.226868,41.34066
4632,1.1547985,2.2096704,0.6000004,0.038681316,23,40,35.226868,41.34066
4633,1.1547985,2.2096704,0.6000004,0.038681316,23,40,35.226868,41.50183
4634,1.1620513,2.2096704,0.6000004,0.038681316,23,40,35.82959,41.582416
4635,1.1628572,2.195165,0.6000004,0.038681316,23,40,35.974244,41.582416
4637,1.1797801,2.195165,0.6000004,0.038681316,23,40,35.974244,41.824172
4638,1.1797801,2.195165,0.6000004,0.038681316,23,40,36.02246,41.824172
4639,1.1789744,2.1750184,0.6000004,0.038681316,23,40,36.02246,41.824172
4641,1.1789744,2.1750184,0.6000004,0.038681316,23,40,36.02246,41.824172
4642,1.1757508,2.1750184,0.6000004,0.038681316,23,40,35.877808,41.824172
4643,1.1701099,2.1750184,0.6000004,0.038681316,23,40,35.82959,41.74359
4644,1.1620513,2.2539926,0.6000004,0.04029304,23,40,35.80548,41.74359
4646,1.1620513,2.2539926,0.6000004,0.04029304,23,40,35.80548,41.582416
4647,1.1547985,2.2539926,0.6000004,0.04029304,23,40,35.82959,41.74359
4648,1.1547985,2.3539192,0.6000004,0.037875456,23,40,35.8537,41.74359
4650,1.1676922,2.2539926,0.6000004,0.0410989,23,40,36.09482,41.824172
4651,1.1676922,2.2918682,0.6000004,0.0410989,23,40,36.09482,41.824172
4652,1.1644689,2.3378022,0.6000004,0.0410989,23,40,36.09482,41.824172
4653,1.1644689,2.2918682,0.6000004,0.0410989,22,40,36.02246,41.824172
4655,1.1507692,2.2846152,0.6000004,0.0410989,23,40,36.02246,41.824172
4656,1.1475457,2.2918682,0.6000004,0.03948718,23,40,35.998384,41.904764
4657,1.1459341,2.2846152,0.6000004,0.03948718,23,40,36.02246,41.824172
4659,1.1459341,2.2846152,0.6000004,0.03948718,23,40,35.998384,41.824172
4660,1.1459341,2.2846152,0.6000004,0.03948718,23,40,36.09482,41.824172
4661,1.1499634,2.1331134,0.6000004,0.04190476,23,40,36.09482,41.824172
4663,1.1539926,2.1331134,0.6000004,0.04190476,23,40,36.118928,41.824172
4664,1.1539926,2.2217582,0.6000004,0.037875456,23,40,36.456604,41.985344
4665,1.1556044,2.1331134,0.6000004,0.04029304,23,40,36.456604,41.985344
4666,1.1556044,2.2217582,0.6000004,0.04029304,22,40,36.456604,41.985344
4668,1.1556044,2.2217582,0.6000004,0.038681316,23,40,36.31186,41.985344
4669,1.1507692,2.147619,0.6000004,0.04029304,22,40,36.191284,41.824172
4670,1.1507692,2.147619,0.6000004,0.04029304,23,40,36.09482,41.74359
4672,1.1507692,2.262857,0.6000004,0.038681316,22,40,36.191284,41.824172
4673,1.1507692,2.147619,0.6000004,0.037069596,22,40,36.31186,41.74359
4674,1.1507692,2.262857,0.6000004,0.037069596,22,40,36.09482,41.74359
4675,1.1572161,2.3128204,0.6000004,0.037069596,22,40,36.09482,41.824172
4677,1.1572161,2.262857,0.6000004,0.037069596,22,40,36.697844,41.904764
4678,1.1572161,2.3128204,0.6000004,0.037069596,22,40,36.09482,41.824172
4679,1.1572161,2.3128204,0.6000004,0.04029304,22,40,36.09482,41.904764
4681,1.1572161,2.3128204,0.6000004,0.04029304,22,40,36.2395016,42.146524
4682,1.1668864,2.3015384,0.6000004,0.04029304,22,40,36.2395016,42.146524
4683,1.1701099,2.3015384,0.6000004,0.037069596,22,40,36.2395016,42.146524
4684,1.1717216,2.3015384,0.6000004,0.04029304,22,40,36.2395016,42.146524
4686,1.1701099,2.3015384,0.6000004,0.04029304,22,40,36.191284,41.904764
4687,1.1701099,2.195165,0.6000004,0.038681316,22,40,36.118928,41.824172
4688,1.1531868,2.195165,0.6000004,0.038681316,22,40,36.09482,41.824172
4690,1.1427106,2.195165,0.6000004,0.0410989,22,40,36.09482,41.824172
4691,1.1427106,2.1339192,0.6000004,0.04271062,22,40,36.09482,41.904764
4692,1.1427106,2.1339192,0.6000004,0.038681316,22,40,36.04657,41.824172
4693,1.1427106,2.2136996,0.6000004,0.038681316,22,40,35.926024,41.824172
4695,1.1475457,2.1339192,0.6000004,0.0410989,22,40,35.781372,41.824172
4696,1.1475457,2.2136996,0.6000004,0.038681316,22,41,35.709016,41.824172
4697,1.1354578,2.2136996,0.6000004,0.038681316,22,41,35.709016,41.824172
4699,1.1354578,2.17663,0.6000004,0.04029304,22,41,35.709016,41.824172
4700,1.1435164,2.17663,0.6000004,0.04029304,22,41,35.443848,41.904764
4701,1.1435164,2.2950914,0.6000004,0.036263736,22,41,35.443848,41.985344
4702,1.1435164,2.17663,0.6000004,0.036263736,22,41,35.299196,41.985344
4704,1.151575,2.2894504,0.6000004,0.036263736,22,41,35.130432,41.985344
4705,1.151575,2.2950914,0.6000004,0.036263736,22,41,35.034028,41.985344
4706,1.151575,2.2894504,0.6000004,0.037875456,22,40,35.15454,41.985344
4708,1.1564102,2.1347254,0.6000004,0.04029304,22,41,34.9617,41.904764
4709,1.1564102,2.2894504,0.6000004,0.04029304,22,40,34.624144,42.065932
4710,1.1588278,2.2830036,0.6000004,0.037875456,22,40,34.624144,42.065932
4711,1.1660806,2.1347254,0.6000004,0.036263736,22,40,34.72061,42.065932
4713,1.1676922,2.1589012,0.6000004,0.036263736,22,40,34.648256,42.791208
4714,1.1701099,2.2830036,0.6000004,0.033040292,22,40,34.72061,42.791208
4715,1.1701099,2.1589012,0.6000004,0.033040292,22,40,34.841156,41.985344
4717,1.1701099,2.1589012,0.6000004,0.035457876,22,40,35.15454,42.388276
4718,1.1701099,2.1863002,0.6000004,0.035457876,22,40,35.37152,41.985344
4719,1.1636629,2.2725274,0.6000004,0.032234434,22,40,35.37152,41.904764
4721,1.1596336,2.1863002,0.6000004,0.033040292,22,40,35.17865,41.824172
4722,1.152381,2.2725274,0.6000004,0.033040292,22,40,35.17865,41.421244
4723,1.1459341,2.3007326,0.6000004,0.032234434,22,40,35.058104,41.34066
4724,1.1459341,2.2725274,0.6000004,0.032234434,22,40,35.058104,41.421244
4726,1.1459341,2.2040294,0.6000004,0.033040292,22,40,35.058104,41.421244
4727,1.1459341,2.3007326,0.6000004,0.032234434,22,40,35.034028,41.582416
4728,1.1612454,2.2040294,0.6000004,0.032234434,22,40,35.17865,42.065932
4730,1.1717216,2.2040294,0.6000004,0.032234434,22,40,35.17865,42.307692
4731,1.1797801,2.2040294,0.6000004,0.03384615,22,40,34.98578,42.065932
4732,1.1797801,2.3708424,0.6000004,0.03142857,22,40,34.889372,42.065932
4733,1.1797801,2.1814652,0.6000004,0.03384615,22,40,34.889372,41.6630032
4735,1.1709157,2.154872,0.6000004,0.03384615,22,40,34.889372,41.6630032
4736,1.1709157,2.154872,0.6000004,0.03384615,22,40,34.93759,41.6630032
4737,1.1709157,2.154872,0.6000004,0.033040292,22,40,34.93759,41.824172
4739,1.1709157,2.154872,0.6000004,0.037875456,22,40,35.17865,41.824172
4740,1.1709157,2.2306226,0.6000004,0.034652012,22,40,35.17865,41.824172
4741,1.1709157,2.2306226,0.6000004,0.033040292,22,40,35.17865,41.50183
4742,1.1676922,2.1967764,0.6000004,0.032234434,22,40,35.15454,41.34066
4744,1.1676922,2.2306226,0.6000004,0.032234434,22,40,35.15454,41.34066
4745,1.1709157,2.1967764,0.6000004,0.030622712,22,40,35.15454,41.260076
4746,1.1596336,2.1967764,0.6000004,0.030622712,22,40,35.226868,41.260076
4748,1.1636629,2.2652748,0.6000004,0.030622712,22,40,35.226868,41.34066
4749,1.1636629,2.2652748,0.6000004,0.032234434,22,40,35.226868,41.50183
4750,1.1636629,2.2652748,0.6000004,0.03384615,22,40,35.20276,41.50183
4751,1.1636629,2.2652748,0.6000004,0.034652012,22,40,34.98578,41.74359
4753,1.1636629,2.2652748,0.6000004,0.037069596,22,40,34.98578,41.74359
4754,1.1636629,2.195165,0.6000004,0.037069596,22,40,35.082244,41.904764
4755,1.1668864,2.2016116,0.6000004,0.037069596,22,40,35.20276,41.904764
4757,1.1757508,2.2016116,0.6000004,0.037069596,22,40,35.347412,41.582416
4758,1.1709157,2.2016116,0.6000004,0.038681316,22,40,35.347412,41.582416
4759,1.1709157,2.2016116,0.6000004,0.038681316,22,40,35.540284,41.582416
4761,1.1709157,2.315238,0.6000004,0.03948718,22,40,35.347412,41.421244
4762,1.152381,2.315238,0.6000004,0.038681316,22,40,35.275084,41.34066
4763,1.152381,2.315238,0.6000004,0.038681316,22,40,35.275084,41.34066
4764,1.152381,2.315238,0.6000004,0.037875456,22,40,35.275084,41.34066
4766,1.152381,2.2781684,0.6000004,0.037875456,22,40,35.275084,41.260076
4767,1.1660806,2.2781684,0.6000004,0.037069596,22,40,35.275084,41.260076
4768,1.1660806,2.2781684,0.6000004,0.037069596,22,40,35.275084,41.34066
4770,1.1717216,2.2781684,0.6000004,0.037875456,23,40,35.275084,41.421244
4771,1.152381,2.3466666,0.6000004,0.037875456,22,40,35.250976,41.6630032
4772,1.152381,2.3466666,0.6000004,0.037069596,22,40,35.250976,41.6630032
4773,1.152381,2.3466666,0.6000004,0.037069596,22,40,35.106352,41.421244
4775,1.1531868,2.3466666,0.6000004,0.037069596,22,40,35.106352,41.6630032
4776,1.1531868,2.2717216,0.6000004,0.037069596,22,40,35.106352,41.824172
4777,1.1773626,2.2717216,0.6000004,0.037069596,22,40,35.106352,41.824172
4779,1.1773626,2.2717216,0.6000004,0.04190476,22,40,35.106352,41.824172
4780,1.1773626,2.2306226,0.6000004,0.04190476,22,40,35.106352,41.824172
4781,1.1556044,2.2306226,0.6000004,0.04190476,22,40,35.106352,41.824172
4782,1.1547985,2.2306226,0.6000004,0.037875456,22,40,35.106352,41.6630032
4784,1.1547985,2.2306226,0.6000004,0.037069596,22,40,35.299196,41.6630032
4785,1.1556044,2.2306226,0.6000004,0.036263736,22,40,35.323304,42.065932
4786,1.1717216,2.3627836,0.6000004,0.036263736,22,40,35.323304,42.065932
4788,1.1717216,2.2886448,0.6000004,0.036263736,23,40,35.323304,41.6630032
4789,1.1717216,2.2886448,0.6000004,0.036263736,23,40,35.323304,42.065932
4790,1.158022,2.2886448,0.6000004,0.037875456,22,40,35.492036,41.582416
4791,1.1410988,2.2886448,0.6000004,0.037875456,22,40,35.323304,41.582416
4793,1.1290109,2.1967764,0.6000004,0.037875456,22,40,35.877808,41.985344
4794,1.1249816,2.1967764,0.6000004,0.037875456,23,40,35.974244,41.985344
4795,1.1249816,2.1967764,0.6000004,0.037875456,23,40,35.877808,41.421244
4797,1.1249816,2.1967764,0.6000004,0.037069596,23,40,35.877808,41.985344
4798,1.1475457,2.2870328,0.6000004,0.036263736,23,40,35.974244,41.74359
4799,1.151575,2.2870328,0.6000004,0.036263736,23,40,35.998384,41.50183
4800,1.151575,2.2870328,0.6000004,0.036263736,23,40,35.998384,41.74359
4802,1.1475457,2.2870328,0.6000004,0.036263736,23,40,35.998384,41.74359
4803,1.1539926,2.2838096,0.6000004,0.037875456,22,40,35.926024,41.6630032
4804,1.1419048,2.2838096,0.6000004,0.04029304,23,40,35.660828,41.50183
4806,1.1419048,2.2838096,0.6000004,0.037875456,23,40,35.660828,41.6630032
4807,1.1531868,2.2838096,0.6000004,0.037875456,22,40,35.926024,41.6630032
4808,1.1588278,2.315238,0.6000004,0.038681316,23,40,35.926024,42.065932
4810,1.1604396,2.315238,0.6000004,0.038681316,23,40,35.733156,42.065932
4811,1.1604396,2.315238,0.6000004,0.038681316,23,40,35.733156,42.065932
4812,1.1604396,2.315238,0.6000004,0.038681316,23,40,35.5885,41.74359
4813,1.1604396,2.2999268,0.6000004,0.0410989,22,40,35.5885,41.74359
4815,1.1660806,2.2999268,0.6000004,0.0410989,23,40,35.516176,41.6630032
4816,1.152381,2.303956,0.6000004,0.037069596,23,40,35.492036,41.50183
4817,1.1596336,2.2999268,0.6000004,0.037069596,22,40,35.492036,41.50183
4819,1.1596336,2.303956,0.6000004,0.03948718,23,40,35.250976,41.985344
4820,1.1556044,2.303956,0.6000004,0.03948718,23,40,35.250976,41.6630032
4821,1.1556044,2.187912,0.6000004,0.03948718,23,40,35.250976,41.6630032
4822,1.1596336,2.187912,0.6000004,0.04190476,23,40,35.37152,41.985344
4824,1.1564102,2.187912,0.6000004,0.03948718,22,40,35.37152,42.227104
4825,1.1709157,2.187912,0.6000004,0.04190476,23,40,35.82959,42.227104
4826,1.1709157,2.328132,0.6000004,0.04190476,22,40,36.07071,42.468864
4828,1.1709157,2.328132,0.6000004,0.04029304,22,40,36.118928,42.791208
4829,1.1709157,2.2556044,0.6000004,0.03948718,22,40,36.118928,42.791208
4830,1.1709157,2.328132,0.6000004,0.03948718,22,40,36.118928,42.549452
4831,1.1612454,2.2556044,0.6000004,0.037875456,22,40,36.118928,42.549452
4833,1.1604396,2.2153112,0.6000004,0.037875456,22,40,36.118928,41.582416
4834,1.151575,2.2556044,0.6000004,0.037875456,22,40,35.877808,41.582416
4835,1.14674,2.2153112,0.6000004,0.037875456,22,40,35.709016,41.582416
4837,1.151575,2.193553,0.6000004,0.0410989,22,40,35.709016,41.904764
4838,1.151575,2.2153112,0.6000004,0.0410989,23,40,35.877808,42.227104
4839,1.1628572,2.2032234,0.6000004,0.0410989,22,40,35.660828,42.227104
4840,1.1628572,2.193553,0.6000004,0.043516484,22,40,35.877808,42.227104
4842,1.1628572,2.2032234,0.6000004,0.038681316,22,40,36.04657,42.227104
4843,1.1491574,2.2032234,0.6000004,0.038681316,22,40,36.04657,42.227104
4844,1.1491574,2.2032234,0.6000004,0.043516484,22,40,36.04657,42.227104
4846,1.1491574,2.216923,0.6000004,0.043516484,22,41,36.215392,42.307692
4847,1.1773626,2.216923,0.6000004,0.043516484,22,40,36.384216,42.468864
4848,1.1781685,2.1895236,0.6000004,0.044322344,22,41,36.384216,42.468864
4849,1.1781685,2.216923,0.6000004,0.044322344,22,41,36.384216,42.468864
4851,1.1773626,2.2467398,0.6000004,0.04190476,22,41,36.384216,42.630036
4852,1.1773626,2.1895236,0.6000004,0.044322344,22,41,36.384216,42.630036
4853,1.1813918,2.2467398,0.6000004,0.04190476,22,41,36.384216,42.630036
4855,1.1757508,2.3128204,0.6000004,0.0410989,22,41,36.384216,42.227104
4856,1.1757508,2.2467398,0.6000004,0.04029304,22,41,36.60132,42.388276
4857,1.1660806,2.3128204,0.6000004,0.04029304,22,41,36.60132,42.388276
4859,1.1612454,2.3369964,0.6000004,0.03948718,22,41,36.746124,42.388276
4860,1.1596336,2.3128204,0.6000004,0.03948718,22,41,36.746124,42.388276
4861,1.1612454,2.3369964,0.6000004,0.03948718,22,41,37.084016,42.630036
4862,1.1660806,2.3369964,0.6000004,0.03948718,22,41,36.794372,42.630036
4864,1.1668864,2.1726008,0.6000004,0.04190476,22,41,36.746124,42.630036
4865,1.1668864,2.1726008,0.6000004,0.04190476,22,41,36.52896,42.630036
4866,1.1668864,2.2161172,0.6000004,0.04190476,22,41,36.52896,42.630036
4868,1.1668864,2.1726008,0.6000004,0.04190476,22,41,36.52896,42.630036
4869,1.1668864,2.2161172,0.6000004,0.0410989,22,41,36.26361,42.630036
4870,1.1572161,2.3716484,0.6000004,0.03948718,22,41,36.456604,42.468864
4871,1.1572161,2.2161172,0.6000004,0.037875456,22,41,36.456604,42.630036
4873,1.1709157,2.3007326,0.6000004,0.037875456,22,41,36.456604,42.871796
4874,1.1709157,2.3716484,0.6000004,0.037875456,22,41,36.432464,42.871796
4875,1.1604396,2.3007326,0.6000004,0.037875456,22,41,36.432464,42.871796
4877,1.1604396,2.245934,0.6000004,0.03948718,22,41,36.118928,42.871796
4878,1.1604396,2.3007326,0.6000004,0.03948718,22,41,35.781372,42.871796
4879,1.1596336,2.245934,0.6000004,0.04190476,22,41,35.757264,43.194136
4880,1.152381,2.245934,0.6000004,0.03948718,22,41,35.733156,43.194136
4882,1.152381,2.245934,0.6000004,0.03948718,22,41,35.61261,42.710624
4883,1.1410988,2.1734066,0.6000004,0.038681316,22,41,35.61261,42.468864
4884,1.1483517,2.1734066,0.6000004,0.038681316,22,41,35.61261,42.388276
4886,1.1410988,2.1734066,0.6000004,0.036263736,22,41,35.82959,42.388276
4887,1.1459341,2.159707,0.6000004,0.036263736,22,41,35.82959,42.388276
4888,1.1459341,2.159707,0.6000004,0.038681316,22,41,35.82959,42.388276
4889,1.1483517,2.216923,0.6000004,0.04029304,22,41,35.443848,42.468864
4891,1.1547985,2.159707,0.6000004,0.0410989,22,41,35.347412,42.549452
4892,1.1604396,2.216923,0.6000004,0.0410989,22,41,35.275084,42.549452
4893,1.1604396,2.216923,0.6000004,0.0410989,22,41,35.275084,42.710624
4895,1.1547985,2.15326,0.6000004,0.04190476,22,41,35.226868,42.549452
4896,1.1282052,2.15326,0.6000004,0.0410989,22,41,34.72061,42.549452
4897,1.1225641,2.385348,0.6000004,0.038681316,22,41,34.72061,42.388276
4899,1.1225641,2.3120148,0.6000004,0.035457876,22,41,34.55182,42.307692
4900,1.1225641,2.3120148,0.6000004,0.034652012,22,41,34.55182,42.307692
4901,1.1257876,2.385348,0.6000004,0.03384615,22,41,34.817048,42.307692
4902,1.1459341,2.315238,0.6000004,0.03384615,22,41,34.817048,42.307692
4904,1.1459341,2.3120148,0.6000004,0.03384615,22,41,34.72061,42.307692
4905,1.1378754,2.315238,0.6000004,0.034652012,22,41,34.74472,42.307692
4906,1.1378754,2.315238,0.6000004,0.034652012,22,41,34.74472,42.307692
4908,1.1306228,2.3112088,0.6000004,0.035457876,22,41,34.74472,42.146524
4909,1.1306228,2.3112088,0.6000004,0.035457876,22,41,34.817048,42.146524
4910,1.1378754,2.3353844,0.6000004,0.035457876,22,41,35.299196,42.146524
4911,1.1628572,2.3112088,0.6000004,0.035457876,22,41,35.39563,42.630036
4913,1.1628572,2.2709156,0.6000004,0.035457876,22,41,35.39563,42.791208
4914,1.1628572,2.3353844,0.6000004,0.037069596,22,41,35.299196,42.791208
4915,1.1628572,2.2709156,0.6000004,0.03948718,22,41,35.39563,42.952384
4917,1.1709157,2.2709156,0.6000004,0.03948718,22,41,35.39563,42.952384
4918,1.1709157,2.287839,0.6000004,0.03948718,22,41,35.17865,42.952384
4919,1.1709157,2.287839,0.6000004,0.03948718,22,41,35.17865,42.388276
4920,1.1709157,2.287839,0.6000004,0.04029304,22,41,35.17865,42.388276
4922,1.1556044,2.3361904,0.6000004,0.04029304,22,41,35.130432,42.307692
4923,1.1556044,2.287839,0.6000004,0.04271062,22,41,35.130432,42.307692
4924,1.1539926,2.2684982,0.6000004,0.04271062,22,41,35.106352,42.307692
4926,1.1556044,2.3361904,0.6000004,0.04271062,22,41,35.130432,42.307692
4927,1.1805861,2.2684982,0.6000004,0.038681316,22,41,35.250976,42.307692
4928,1.1805861,2.169377,0.6000004,0.04271062,22,41,35.467956,42.307692
4929,1.1644689,2.2684982,0.6000004,0.03948718,22,41,35.467956,42.146524
4931,1.1644689,2.169377,0.6000004,0.038681316,22,41,35.467956,42.146524
4932,1.1644689,2.12989,0.6000004,0.03948718,22,41,35.516176,42.146524
4933,1.1636629,2.169377,0.6000004,0.03948718,22,41,35.467956,42.146524
4935,1.1644689,2.12989,0.6000004,0.03948718,22,41,35.516176,42.549452
4936,1.1725274,2.12989,0.6000004,0.04271062,22,41,35.56436,42.549452
4937,1.1725274,2.1669598,0.6000004,0.04271062,22,41,35.56436,42.549452
4938,1.1507692,2.1959708,0.6000004,0.04271062,22,41,35.299196,42.549452
4940,1.1725274,2.1669598,0.6000004,0.043516484,22,41,35.39563,42.227104
4941,1.1507692,2.1959708,0.6000004,0.043516484,22,41,35.299196,42.227104
4942,1.1499634,2.2950914,0.6000004,0.04029304,22,41,35.20276,42.227104
4944,1.1499634,2.1959708,0.6000004,0.037875456,22,41,35.299196,42.227104
4945,1.14674,2.291062,0.6000004,0.037875456,22,41,35.20276,42.227104
4946,1.14674,2.2950914,0.6000004,0.037875456,22,41,35.15454,42.307692
4948,1.151575,2.291062,0.6000004,0.0410989,22,41,35.15454,42.307692
4949,1.151575,2.1653478,0.6000004,0.0410989,22,41,35.20276,42.307692
4950,1.151575,2.291062,0.6000004,0.0410989,22,41,35.20276,42.307692
4951,1.1556044,2.2161172,0.6000004,0.0410989,22,41,35.20276,42.227104
4953,1.151575,2.2161172,0.6000004,0.044322344,22,41,35.20276,42.227104
4954,1.1556044,2.3015384,0.6000004,0.038681316,22,41,35.20276,42.227104
4955,1.1620513,2.3015384,0.6000004,0.038681316,22,41,35.20276,42.227104
4957,1.1628572,2.233846,0.6000004,0.0410989,22,41,35.347412,42.307692
4958,1.1628572,2.3015384,0.6000004,0.04190476,22,41,35.347412,42.307692
4959,1.1628572,2.233846,0.6000004,0.04190476,22,41,35.467956,42.468864
4960,1.1741393,2.1266668,0.6000004,0.04190476,22,41,35.540284,42.468864
4962,1.1741393,2.233846,0.6000004,0.04190476,22,41,35.467956,42.468864
4963,1.14674,2.3079852,0.6000004,0.04190476,22,41,35.299196,42.630036
4964,1.1701099,2.1266668,0.6000004,0.04190476,22,41,35.299196,42.630036
4966,1.1701099,2.3079852,0.6000004,0.04190476,22,41,34.9617,42.630036
4967,1.152381,2.3506958,0.6000004,0.04190476,22,41,34.9617,42.388276
4968,1.152381,2.3079852,0.6000004,0.04190476,22,41,34.9617,42.388276
4969,1.152381,2.182271,0.6000004,0.04190476,22,41,34.9617,42.146524
4971,1.1459341,2.3506958,0.6000004,0.04190476,22,41,35.058104,41.904764
4972,1.1459341,2.182271,0.6000004,0.04190476,22,41,35.058104,41.904764
4973,1.1459341,2.1427838,0.6000004,0.0410989,22,41,35.058104,41.824172
4975,1.1459341,2.182271,0.6000004,0.0410989,22,41,35.058104,41.904764
4976,1.1459341,2.262051,0.6000004,0.038681316,22,41,35.058104,42.227104
4977,1.1773626,2.1427838,0.6000004,0.03948718,22,41,35.275084,42.227104
4978,1.1821978,2.262051,0.6000004,0.037069596,22,41,35.275084,42.388276
4980,1.1821978,2.3418314,0.6000004,0.037069596,22,41,35.275084,42.468864
4981,1.1773626,2.262051,0.6000004,0.037069596,22,41,35.250976,42.388276
4982,1.1644689,2.2838096,0.6000004,0.03948718,22,41,35.00992,42.146524
4984,1.1612454,2.3418314,0.6000004,0.037069596,22,41,34.865236,42.065932
4985,1.1507692,2.2838096,0.6000004,0.0410989,22,41,34.672364,41.904764
4986,1.1507692,2.2813918,0.6000004,0.0410989,22,41,34.624144,41.904764
4987,1.151575,2.2838096,0.6000004,0.037875456,22,41,34.624144,41.904764
4989,1.151575,2.2813918,0.6000004,0.037875456,22,41,34.624144,41.904764
4990,1.151575,2.2813918,0.6000004,0.037875456,22,41,34.52771,41.904764
4991,1.151575,2.2813918,0.6000004,0.037875456,22,41,34.52771,41.904764
4993,1.1491574,2.2185348,0.6000004,0.036263736,22,41,34.52771,41.904764
4994,1.1459341,2.2185348,0.6000004,0.034652012,22,41,34.57596,41.904764
4995,1.1491574,2.3676188,0.6000004,0.034652012,22,41,34.9617,41.904764
4997,1.1491574,2.2185348,0.6000004,0.035457876,22,41,35.058104,42.227104
4998,1.151575,2.2870328,0.6000004,0.035457876,22,41,35.058104,42.791208
4999,1.151575,2.3676188,0.6000004,0.036263736,22,41,35.058104,42.227104
5000,1.1531868,2.2870328,0.6000004,0.037069596,22,41,34.9617,42.791208
5002,1.151575,2.1460072,0.6000004,0.038681316,22,41,35.058104,42.791208
5003,1.1499634,2.2870328,0.6000004,0.038681316,22,41,35.058104,42.146524
5004,1.1362637,2.3055678,0.6000004,0.037069596,22,41,35.20276,41.74359
5006,1.1362637,2.1460072,0.6000004,0.036263736,22,41,35.130432,41.582416
5007,1.134652,2.3055678,0.6000004,0.034652012,22,41,35.20276,41.50183
5008,1.1362637,2.3055678,0.6000004,0.03384615,22,41,35.20276,41.50183
5009,1.152381,2.169377,0.6000004,0.03384615,22,41,35.20276,41.50183
5011,1.1741393,2.169377,0.6000004,0.03384615,22,41,35.20276,41.50183
5012,1.169304,2.2870328,0.6000004,0.03384615,22,41,35.323304,42.630036
5013,1.169304,2.169377,0.6000004,0.03384615,22,41,35.709016,42.710624
5015,1.169304,2.2870328,0.6000004,0.033040292,22,41,36.07071,42.630036
5016,1.169304,2.3087912,0.6000004,0.033040292,22,41,36.07071,42.630036
5017,1.1684982,2.2870328,0.6000004,0.033040292,22,41,36.07071,42.630036
5018,1.1684982,2.3087912,0.6000004,0.03384615,22,41,36.04657,42.710624
5020,1.1684982,2.3192672,0.6000004,0.033040292,22,41,35.950136,42.549452
5021,1.1620513,2.3087912,0.6000004,0.03384615,22,41,35.950136,42.468864
5022,1.1620513,2.3192672,0.6000004,0.03384615,22,41,35.877808,41.904764
5024,1.1620513,2.328132,0.6000004,0.03384615,22,41,35.781372,41.824172
5025,1.1644689,2.3192672,0.6000004,0.03384615,22,41,35.082244,41.74359
5026,1.1644689,2.328132,0.6000004,0.035457876,22,41,35.082244,41.74359
5027,1.1725274,2.328132,0.6000004,0.037069596,22,41,35.034028,41.74359
5029,1.1725274,2.1830768,0.6000004,0.037069596,22,41,35.00992,41.74359
5030,1.1757508,2.1830768,0.6000004,0.037069596,22,41,35.00992,41.74359
5031,1.151575,2.3402198,0.6000004,0.036263736,22,41,35.00992,41.904764
5033,1.151575,2.1830768,0.6000004,0.036263736,22,41,34.913484,41.904764
5034,1.1491574,2.3402198,0.6000004,0.036263736,22,41,34.913484,42.227104
5035,1.1483517,2.3635896,0.6000004,0.034652012,22,41,34.600036,43.274728
5037,1.1419048,2.3402198,0.6000004,0.037069596,22,41,34.600036,43.274728
5038,1.1419048,2.2153112,0.6000004,0.037875456,22,41,34.913484,41.904764
5039,1.1483517,2.3635896,0.6000004,0.037875456,22,41,34.9617,41.824172
5040,1.1427106,2.2153112,0.6000004,0.037069596,22,41,35.058104,41.824172
5042,1.1531868,2.1806592,0.6000004,0.038681316,22,41,35.20276,41.582416
5043,1.1572161,2.2153112,0.6000004,0.037069596,22,41,35.20276,41.582416
5044,1.1531868,2.2556044,0.6000004,0.036263736,22,41,35.250976,41.6630032
5046,1.1572161,2.2556044,0.6000004,0.037069596,22,41,35.250976,41.6630032
5047,1.1636629,2.2612456,0.6000004,0.038681316,22,41,34.696504,41.6630032
5048,1.1628572,2.2612456,0.6000004,0.04029304,22,41,34.672364,41.824172
5049,1.1628572,2.2556044,0.6000004,0.04029304,22,41,34.696504,41.904764
5051,1.1709157,2.2612456,0.6000004,0.04029304,22,41,34.696504,42.065932
5052,1.1709157,2.3515016,0.6000004,0.04029304,22,41,35.323304,42.065932
5053,1.1709157,2.1613186,0.6000004,0.037875456,22,41,35.323304,42.388276
5055,1.1717216,2.3515016,0.6000004,0.037069596,22,41,35.323304,42.388276
5056,1.1717216,2.3515016,0.6000004,0.037069596,22,41,35.106352,42.468864
5057,1.1717216,2.3369964,0.6000004,0.037875456,22,41,35.058104,42.468864
5058,1.1676922,2.3369964,0.6000004,0.037069596,22,41,35.058104,42.146524
5060,1.1636629,2.3861536,0.6000004,0.037875456,22,41,35.082244,42.146524
5061,1.1636629,2.3369964,0.6000004,0.038681316,22,41,35.082244,42.307692
5062,1.1628572,2.2410988,0.6000004,0.04029304,22,41,35.130432,42.227104
5064,1.1636629,2.3378022,0.6000004,0.038681316,22,41,35.467956,42.227104
5065,1.1676922,2.2410988,0.6000004,0.0410989,22,41,35.540284,42.307692
5066,1.1741393,2.2410988,0.6000004,0.0410989,22,41,35.61261,42.227104
5067,1.174945,2.2410988,0.6000004,0.03948718,22,41,35.757264,41.985344
5069,1.1765568,2.3378022,0.6000004,0.037875456,22,41,35.80548,41.985344
5070,1.1781685,2.3531136,0.6000004,0.037875456,22,41,36.02246,42.065932
5071,1.1821978,2.3531136,0.6000004,0.037875456,22,41,36.143068,42.065932
5073,1.1821978,2.3587544,0.6000004,0.038681316,22,41,36.143068,42.307692
5074,1.1821978,2.3587544,0.6000004,0.037875456,22,41,36.143068,42.307692
5075,1.1821978,2.3531136,0.6000004,0.037875456,22,41,36.04657,42.549452
5076,1.1821978,2.3531136,0.6000004,0.038681316,22,41,35.950136,42.549452
5078,1.1821978,2.357143,0.6000004,0.038681316,22,41,35.8537,42.146524
5079,1.1821978,2.3531136,0.6000004,0.03948718,22,41,35.82959,42.146524
5080,1.1765568,2.357143,0.6000004,0.04190476,22,41,35.82959,42.227104
5082,1.174945,2.357143,0.6000004,0.04190476,22,41,35.82959,42.227104
5083,1.1765568,2.316044,0.6000004,0.04190476,22,41,35.8537,42.468864
5084,1.1733333,2.316044,0.6000004,0.04271062,22,41,36.215392,42.468864
5085,1.1733333,2.3893774,0.6000004,0.04271062,22,41,36.28775,42.468864
5087,1.1684982,2.316044,0.6000004,0.04271062,22,41,36.28775,42.468864
5088,1.1684982,2.3627836,0.6000004,0.04271062,22,41,36.28775,42.549452
5089,1.1684982,2.3893774,0.6000004,0.04271062,22,41,36.2395016,42.710624
5091,1.1717216,2.3627836,0.6000004,0.04271062,22,41,36.215392,42.710624
5092,1.1773626,2.3627836,0.6000004,0.043516484,22,41,36.215392,43.59707
5093,1.1773626,2.3627836,0.6000004,0.04271062,22,41,36.167144,43.59707
5095,1.1717216,2.34989,0.6000004,0.04190476,22,41,36.191284,43.59707
5096,1.1531868,2.34989,0.6000004,0.04190476,22,41,36.191284,43.59707
5097,1.1531868,2.34989,0.6000004,0.04190476,22,41,36.336,43.59707
5098,1.1475457,2.3128204,0.6000004,0.04029304,22,41,36.336,43.516484
5100,1.1531868,2.3128204,0.6000004,0.04029304,22,41,36.384216,43.194136
5101,1.1475457,2.3128204,0.6000004,0.038681316,22,41,36.480712,42.146524
5102,1.1628572,2.263663,0.6000004,0.037875456,22,41,36.625456,43.032968
5104,1.1628572,2.263663,0.6000004,0.037069596,22,41,37.059876,43.032968
5105,1.1628572,2.263663,0.6000004,0.037069596,22,41,37.059876,43.032968
5106,1.158022,2.263663,0.6000004,0.037875456,22,41,36.987456,42.952384
5107,1.158022,2.333773,0.6000004,0.038681316,22,41,36.987456,42.952384
5109,1.1531868,2.333773,0.6000004,0.038681316,22,41,36.963316,42.952384
5110,1.1531868,2.333773,0.6000004,0.03948718,22,41,36.770232,42.952384
5111,1.1531868,2.333773,0.6000004,0.038681316,22,41,36.770232,42.952384
5113,1.1531868,2.1911356,0.6000004,0.038681316,22,41,36.770232,42.952384
5114,1.1556044,2.1911356,0.6000004,0.037875456,22,41,36.91504,42.952384
5115,1.1556044,2.1911356,0.6000004,0.037875456,22,41,36.91504,42.952384
5116,1.1556044,2.1911356,0.6000004,0.037875456,22,41,36.91504,43.032968
5118,1.158022,2.3539192,0.6000004,0.03948718,22,41,36.8909,43.032968
5119,1.1628572,2.3539192,0.6000004,0.04271062,22,41,36.8909,43.032968
5120,1.158022,2.3539192,0.6000004,0.04271062,22,41,36.818512,42.952384
5122,1.169304,2.3539192,0.6000004,0.04190476,22,41,36.721956,42.549452
5123,1.158022,2.3539192,0.6000004,0.03948718,22,41,36.721956,42.549452
5124,1.169304,2.3660074,0.6000004,0.038681316,22,41,36.721956,42.549452
5125,1.1636629,2.3660074,0.6000004,0.038681316,22,41,36.84262,42.468864
5127,1.1636629,2.3660074,0.6000004,0.038681316,22,41,36.84262,42.468864
5128,1.1636629,2.3660074,0.6000004,0.038681316,22,41,37.32547,43.113556
5129,1.1676922,2.2547984,0.6000004,0.04271062,22,41,37.32547,43.435896
5131,1.1636629,2.2547984,0.6000004,0.04271062,22,41,36.84262,43.113556
5132,1.1620513,2.2547984,0.6000004,0.043516484,22,41,36.746124,43.113556
5133,1.1676922,2.2547984,0.6000004,0.043516484,22,41,37.34961,43.113556
5135,1.1725274,2.355531,0.6000004,0.04271062,22,41,37.34961,43.516484
5136,1.1805861,2.355531,0.6000004,0.04190476,22,41,37.34961,43.516484
5137,1.1805861,2.355531,0.6000004,0.04190476,22,41,37.34961,43.677656
5138,1.1805861,2.355531,0.6000004,0.04190476,22,41,37.34961,43.677656
5140,1.1805861,2.1726008,0.6000004,0.04190476,22,41,37.567048,43.677656
5141,1.1813918,2.1726008,0.6000004,0.04190476,22,41,37.518708,43.677656
5142,1.1830037,2.1726008,0.6000004,0.04190476,22,41,37.39795,43.677656
5144,1.1910622,2.1726008,0.6000004,0.04190476,22,41,37.39795,43.435896
5145,1.1910622,2.2209522,0.6000004,0.04029304,22,41,37.39795,43.435896
5146,1.1910622,2.2209522,0.6000004,0.038681316,22,41,37.180604,43.355312
5147,1.1757508,2.2209522,0.6000004,0.04029304,22,41,37.059876,43.355312
5149,1.1733333,2.2564104,0.6000004,0.04029304,22,41,36.84262,43.355312
5150,1.1612454,2.2564104,0.6000004,0.03948718,22,41,36.746124,43.355312
5151,1.1676922,2.2298166,0.6000004,0.03948718,22,41,36.746124,43.274728
5153,1.1612454,2.2564104,0.6000004,0.03948718,22,41,36.673736,42.871796
5154,1.1612454,2.2298166,0.6000004,0.03948718,22,41,36.746124,42.871796
5155,1.1676922,2.1685714,0.6000004,0.03948718,22,41,36.746124,42.871796
5156,1.1757508,2.2298166,0.6000004,0.03948718,22,41,36.746124,43.758244
5158,1.1902565,2.1685714,0.6000004,0.04190476,22,41,37.22888,43.758244
5159,1.1902565,2.1685714,0.6000004,0.04271062,22,41,37.22888,43.758244
5160,1.1902565,2.257216,0.6000004,0.04271062,21,41,36.93918,43.919416
5162,1.1765568,2.257216,0.6000004,0.04190476,21,42,36.93918,43.919416
5163,1.1596336,2.2265932,0.6000004,0.04190476,21,42,36.649596,43.919416
5164,1.1596336,2.257216,0.6000004,0.04271062,21,42,36.649596,43.59707
5165,1.1596336,2.2265932,0.6000004,0.04190476,21,42,36.649596,43.59707
5167,1.1684982,2.1911356,0.6000004,0.04190476,21,42,36.746124,43.59707
5168,1.1684982,2.2265932,0.6000004,0.04190476,21,42,36.84262,43.274728
5169,1.1797801,2.3055678,0.6000004,0.04029304,21,42,36.93918,43.59707
5171,1.1797801,2.1911356,0.6000004,0.04029304,21,42,36.8909,43.59707
5172,1.1741393,2.3055678,0.6000004,0.043516484,21,42,36.8909,43.435896
5173,1.1741393,2.3289378,0.6000004,0.04029304,21,42,36.93918,43.435896
5174,1.1741393,2.3055678,0.6000004,0.03948718,21,42,36.93918,43.435896
5176,1.1604396,2.3289378,0.6000004,0.03948718,21,42,36.8909,42.952384
5177,1.152381,2.3289378,0.6000004,0.03948718,21,42,36.93918,42.791208
5178,1.1604396,2.2717216,0.6000004,0.03948718,21,42,36.987456,42.791208
5180,1.1604396,2.2717216,0.6000004,0.03948718,21,42,36.93918,42.791208
5181,1.1668864,2.2717216,0.6000004,0.04029304,21,42,36.93918,43.59707
5182,1.1765568,2.1991942,0.6000004,0.044322344,21,42,36.93918,43.59707
5184,1.1765568,2.2717216,0.6000004,0.044322344,21,42,36.5531,43.59707
5185,1.1918681,2.1991942,0.6000004,0.044322344,21,42,36.456604,44.402928
5186,1.1918681,2.1677656,0.6000004,0.04271062,21,42,36.456604,44.402928
5187,1.1765568,2.1991942,0.6000004,0.0410989,21,42,36.5531,43.194136
5189,1.1443224,2.2467398,0.6000004,0.0410989,21,42,36.770232,43.032968
5190,1.1443224,2.1677656,0.6000004,0.04271062,21,42,36.84262,43.032968
5191,1.1443224,2.2467398,0.6000004,0.04271062,21,42,36.84262,43.032968
5193,1.1886446,2.2467398,0.6000004,0.04271062,21,42,36.86676,43.032968
5194,1.1902565,2.1621244,0.6000004,0.043516484,21,42,36.86676,43.032968
5195,1.1902565,2.1621244,0.6000004,0.043516484,21,42,36.746124,43.032968
5196,1.1902565,2.1621244,0.6000004,0.045934064,21,42,36.746124,43.194136
5198,1.158022,2.1621244,0.6000004,0.045934064,21,42,36.721956,43.194136
5199,1.158022,2.1750184,0.6000004,0.044322344,21,42,36.673736,43.113556
5200,1.158022,2.211282,0.6000004,0.04190476,21,42,36.649596,43.113556
5202,1.158022,2.1750184,0.6000004,0.032234434,21,42,36.57721,43.032968
5203,1.1507692,2.211282,0.6000004,0.032234434,21,42,36.57721,42.871796
5204,1.1628572,2.211282,0.6000004,0.032234434,21,42,36.57721,42.871796
5205,1.1628572,2.1863002,0.6000004,0.03384615,21,42,36.721956,43.032968
5207,1.1507692,2.1863002,0.6000004,0.034652012,21,42,36.770232,43.032968
5208,1.1483517,2.1863002,0.6000004,0.0410989,21,42,36.770232,43.032968
5209,1.1443224,2.1863002,0.6000004,0.0410989,21,42,36.770232,43.113556
5211,1.1427106,2.2419048,0.6000004,0.0410989,21,42,36.625456,43.435896
5212,1.1427106,2.2419048,0.6000004,0.04190476,21,42,36.625456,43.435896
5213,1.1483517,2.2419048,0.6000004,0.0410989,21,42,36.625456,43.435896
5214,1.1499634,2.292674,0.6000004,0.038681316,21,42,36.84262,43.032968
5216,1.1531868,2.292674,0.6000004,0.038681316,21,42,36.91504,42.952384
5217,1.1572161,2.292674,0.6000004,0.037069596,21,42,36.91504,42.952384
5218,1.1604396,2.3579488,0.6000004,0.036263736,21,42,37.22888,42.952384
5220,1.1821978,2.292674,0.6000004,0.036263736,21,42,37.42209,43.999996
5221,1.1821978,2.3579488,0.6000004,0.036263736,21,42,37.494568,43.999996
5222,1.1821978,2.3579488,0.6000004,0.036263736,21,42,37.494568,43.999996
5223,1.1701099,2.171795,0.6000004,0.036263736,21,42,37.42209,43.59707
5225,1.1701099,2.171795,0.6000004,0.037069596,21,42,36.86676,43.032968
5226,1.1701099,2.171795,0.6000004,0.037069596,21,42,36.86676,43.032968
5227,1.1701099,2.1669598,0.6000004,0.038681316,21,42,36.794372,43.032968
5229,1.1628572,2.171795,0.6000004,0.038681316,21,42,36.794372,43.113556
5230,1.1709157,2.1669598,0.6000004,0.038681316,21,42,36.818512,43.113556
5231,1.1709157,2.1669598,0.6000004,0.03948718,21,42,36.8909,43.274728
5232,1.1709157,2.3506958,0.6000004,0.03948718,21,42,36.818512,43.838824
5234,1.1709157,2.3506958,0.6000004,0.04029304,21,42,36.818512,43.838824
5235,1.1709157,2.3506958,0.6000004,0.04029304,21,42,36.697844,43.999996
5236,1.1491574,2.3506958,0.6000004,0.04029304,21,42,36.697844,43.838824
5238,1.1306228,2.3506958,0.6000004,0.037875456,21,42,36.697844,43.838824
5239,1.1306228,2.257216,0.6000004,0.037069596,21,42,36.456604,43.516484
5240,1.1290109,2.257216,0.6000004,0.037069596,21,42,36.384216,43.274728
5242,1.1322344,2.257216,0.6000004,0.035457876,21,42,36.384216,43.194136
5243,1.1290109,2.257216,0.6000004,0.035457876,21,42,36.384216,43.194136
5244,1.1290109,2.1863002,0.6000004,0.0410989,21,42,36.384216,43.274728
5245,1.1282052,2.1863002,0.6000004,0.0410989,21,42,36.50482,43.274728
5247,1.1282052,2.1863002,0.6000004,0.0410989,21,42,36.50482,43.274728
5248,1.1225641,2.1863002,0.6000004,0.0410989,21,42,36.57721,43.355312
5249,1.1282052,2.3144322,0.6000004,0.0410989,21,42,36.649596,43.435896
5251,1.1572161,2.3144322,0.6000004,0.03948718,21,42,37.035736,43.59707
5252,1.1725274,2.3144322,0.6000004,0.03948718,21,42,37.156464,43.59707
5253,1.1676922,2.3595602,0.6000004,0.036263736,21,42,37.156464,43.999996
5254,1.1725274,2.3144322,0.6000004,0.038681316,21,42,37.156464,43.999996
5256,1.174945,2.3595602,0.6000004,0.038681316,21,42,37.27719,43.999996
5257,1.174945,2.3676188,0.6000004,0.037875456,21,42,37.30133,43.999996
5258,1.192674,2.3595602,0.6000004,0.037875456,21,42,37.39795,43.999996
5260,1.192674,2.3676188,0.6000004,0.037875456,21,42,37.42209,43.999996
5261,1.1894505,2.3676188,0.6000004,0.037875456,21,42,37.542908,43.999996
5262,1.1797801,2.2854212,0.6000004,0.037875456,21,42,37.42209,43.999996
5263,1.1886446,2.2854212,0.6000004,0.037875456,21,42,37.42209,43.516484
5265,1.1797801,2.2854212,0.6000004,0.037875456,21,42,37.22888,43.435896
5266,1.1660806,2.164542,0.6000004,0.038681316,21,42,37.22888,43.435896
5267,1.1660806,2.164542,0.6000004,0.038681316,21,42,37.22888,43.435896
5269,1.1830037,2.164542,0.6000004,0.038681316,21,42,37.34961,43.435896
5270,1.1660806,2.164542,0.6000004,0.04190476,21,42,37.34961,43.516484
5271,1.1507692,2.27011,0.6000004,0.04190476,21,42,37.4703968,43.838824
5272,1.1644689,2.27011,0.6000004,0.04190476,21,42,37.4703968,43.838824
5274,1.1556044,2.2564104,0.6000004,0.04190476,21,42,37.39795,43.919416
5275,1.1507692,2.27011,0.6000004,0.04190476,21,42,37.39795,43.919416
5276,1.1435164,2.2564104,0.6000004,0.04190476,21,42,37.42209,43.838824
5278,1.1556044,2.2564104,0.6000004,0.043516484,21,42,37.39795,43.516484
5279,1.152381,2.3232966,0.6000004,0.043516484,21,42,37.32547,43.516484
5280,1.1427106,2.3232966,0.6000004,0.043516484,21,42,37.30133,43.435896
5282,1.152381,2.3232966,0.6000004,0.04271062,21,42,37.084016,43.435896
5283,1.152381,2.3297436,0.6000004,0.0410989,21,42,37.059876,43.435896
5284,1.152381,2.3297436,0.6000004,0.0410989,21,42,37.035736,43.59707
5285,1.1572161,2.3297436,0.6000004,0.0410989,21,42,37.011568,43.435896
5287,1.1604396,2.3297436,0.6000004,0.03948718,21,42,36.794372,43.435896
5288,1.1572161,2.1653478,0.6000004,0.03948718,21,42,36.746124,43.59707
5289,1.1572161,2.1653478,0.6000004,0.0410989,21,42,36.721956,43.435896
5291,1.1556044,2.1653478,0.6000004,0.04190476,21,42,36.721956,43.435896
5292,1.1556044,2.1653478,0.6000004,0.043516484,21,42,36.721956,43.435896
5293,1.1547985,2.2451282,0.6000004,0.043516484,21,42,36.721956,43.355312
5294,1.1556044,2.2451282,0.6000004,0.043516484,21,42,36.721956,43.355312
5296,1.1507692,2.2451282,0.6000004,0.043516484,21,42,36.746124,43.355312
5297,1.1709157,2.3321612,0.6000004,0.038681316,21,42,36.746124,43.355312
5298,1.1709157,2.3321612,0.6000004,0.038681316,21,42,36.625456,43.355312
5300,1.1709157,2.3321612,0.6000004,0.03948718,21,42,36.60132,43.355312
5301,1.1725274,2.3321612,0.6000004,0.037875456,21,42,36.50482,43.274728
5302,1.1725274,2.198388,0.6000004,0.03948718,21,42,36.50482,43.274728
5303,1.169304,2.198388,0.6000004,0.0410989,21,42,36.625456,43.355312
5305,1.169304,2.198388,0.6000004,0.0410989,21,42,36.50482,43.355312
5306,1.169304,2.198388,0.6000004,0.0410989,21,42,36.721956,43.194136
5307,1.1628572,2.3136264,0.6000004,0.0410989,21,42,36.721956,43.758244
5309,1.169304,2.3136264,0.6000004,0.04190476,21,42,37.035736,44.241756
5310,1.1757508,2.3136264,0.6000004,0.04029304,21,42,37.035736,44.241756
5311,1.1757508,2.3136264,0.6000004,0.04029304,21,42,37.035736,44.241756
5312,1.1757508,2.2016116,0.6000004,0.0410989,21,42,37.25305,44.241756
5314,1.1757508,2.2016116,0.6000004,0.0410989,21,42,37.035736,43.838824
5315,1.1564102,2.2016116,0.6000004,0.04029304,21,42,37.011568,43.435896
5316,1.1564102,2.1516484,0.6000004,0.03948718,21,42,37.011568,43.435896
5318,1.1564102,2.1516484,0.6000004,0.03948718,21,42,37.011568,43.435896
5319,1.1564102,2.2088644,0.6000004,0.03948718,21,42,37.011568,43.516484
5320,1.1539926,2.1516484,0.6000004,0.04190476,21,42,36.93918,43.516484
5321,1.1539926,2.2088644,0.6000004,0.04190476,21,42,37.011568,43.516484
5323,1.1483517,2.2088644,0.6000004,0.04190476,21,42,36.93918,43.516484
5324,1.1475457,2.2088644,0.6000004,0.04190476,21,42,36.93918,43.435896
5325,1.1475457,2.333773,0.6000004,0.0410989,21,42,36.93918,43.355312
5327,1.1475457,2.333773,0.6000004,0.038681316,21,42,36.93918,43.435896
5328,1.1531868,2.2282052,0.6000004,0.038681316,21,42,36.93918,43.435896
5329,1.1531868,2.333773,0.6000004,0.038681316,21,42,36.818512,43.758244
5331,1.1717216,2.2282052,0.6000004,0.04029304,21,42,36.818512,43.758244
5332,1.1838094,2.205641,0.6000004,0.04029304,21,42,36.818512,43.758244
5333,1.1717216,2.2282052,0.6000004,0.0410989,21,42,36.818512,43.355312
5334,1.1628572,2.205641,0.6000004,0.04029304,21,42,36.818512,43.355312
5336,1.1628572,2.1524542,0.6000004,0.04029304,21,42,36.818512,43.355312
5337,1.1620513,2.205641,0.6000004,0.037875456,21,42,36.818512,43.355312
5338,1.1620513,2.2733332,0.6000004,0.036263736,21,42,36.963316,43.355312
5340,1.1628572,2.1524542,0.6000004,0.036263736,21,42,36.963316,43.355312
5341,1.169304,2.2733332,0.6000004,0.037875456,21,42,36.963316,43.435896
5342,1.169304,2.2733332,0.6000004,0.037875456,21,42,36.86676,43.355312
5343,1.169304,2.2088644,0.6000004,0.04190476,21,42,36.31186,43.435896
5345,1.1709157,2.2088644,0.6000004,0.04190476,21,42,36.31186,43.435896
5346,1.1709157,2.2088644,0.6000004,0.04190476,21,42,36.26361,43.355312
5347,1.1709157,2.1991942,0.6000004,0.04271062,21,42,36.31186,43.355312
5349,1.1709157,2.2088644,0.6000004,0.0410989,21,42,36.31186,43.435896
5350,1.1709157,2.2886448,0.6000004,0.04029304,21,42,36.360108,43.435896
5351,1.1547985,2.1991942,0.6000004,0.038681316,21,42,36.28775,43.435896
5352,1.1410988,2.2886448,0.6000004,0.036263736,21,42,36.336,43.435896
5354,1.1338462,2.2886448,0.6000004,0.03384615,21,42,36.336,43.355312
5355,1.1330402,2.1814652,0.6000004,0.03384615,21,42,36.336,43.274728
5356,1.1330402,2.1814652,0.6000004,0.034652012,21,42,36.336,43.274728
5358,1.1298169,2.1814652,0.6000004,0.034652012,21,42,36.384216,43.274728
5359,1.1298169,2.1814652,0.6000004,0.035457876,21,42,36.456604,43.274728
5360,1.1330402,2.2950914,0.6000004,0.035457876,21,42,36.456604,43.435896
5361,1.151575,2.2950914,0.6000004,0.035457876,21,42,37.035736,43.59707
5363,1.151575,2.2950914,0.6000004,0.035457876,21,42,37.035736,43.919416
5364,1.151575,2.2950914,0.6000004,0.035457876,21,42,37.035736,43.919416
5365,1.151575,2.2217582,0.6000004,0.035457876,21,42,37.180604,44.241756
5367,1.1427106,2.2217582,0.6000004,0.036263736,21,42,37.035736,43.919416
5368,1.1386813,2.2217582,0.6000004,0.036263736,21,42,36.963316,43.516484
5369,1.1427106,2.2217582,0.6000004,0.03948718,21,42,36.84262,43.516484
5370,1.1386813,2.304762,0.6000004,0.03948718,21,42,36.84262,43.516484
5372,1.1386813,2.304762,0.6000004,0.03948718,21,42,36.84262,43.516484
5373,1.1410988,2.304762,0.6000004,0.03948718,21,42,36.84262,43.516484
5374,1.151575,2.304762,0.6000004,0.037875456,21,42,36.963316,43.758244
5376,1.1717216,2.2781684,0.6000004,0.037875456,21,42,37.22888,43.999996
5377,1.1757508,2.2781684,0.6000004,0.04190476,21,42,37.22888,43.999996
5378,1.1757508,2.2781684,0.6000004,0.04029304,21,42,37.22888,43.999996
5380,1.1757508,2.2781684,0.6000004,0.04190476,21,42,37.059876,43.999996
5381,1.1717216,2.3361904,0.6000004,0.04190476,21,42,37.035736,43.838824
5382,1.1757508,2.3361904,0.6000004,0.04190476,21,42,37.035736,43.838824
5383,1.1717216,2.331355,0.6000004,0.043516484,21,42,36.963316,43.59707
5385,1.1676922,2.331355,0.6000004,0.043516484,21,42,36.963316,43.677656
5386,1.1676922,2.3112088,0.6000004,0.043516484,21,42,36.963316,43.59707
5387,1.1676922,2.3112088,0.6000004,0.043516484,21,42,37.035736,43.59707
5389,1.1676922,2.3112088,0.6000004,0.04029304,21,42,37.035736,43.355312
5390,1.169304,2.2491574,0.6000004,0.04029304,21,42,37.084016,43.355312
5391,1.1765568,2.2491574,0.6000004,0.0410989,21,42,37.156464,43.355312
5392,1.169304,2.2491574,0.6000004,0.0410989,21,42,37.156464,43.435896
5394,1.1765568,2.2419048,0.6000004,0.0410989,21,42,37.156464,43.435896
5395,1.1765568,2.2419048,0.6000004,0.0410989,21,42,37.108156,43.435896
5396,1.1668864,2.2419048,0.6000004,0.0410989,21,42,36.987456,43.435896
5398,1.1539926,2.2419048,0.6000004,0.04271062,21,42,36.963316,43.435896
5399,1.1556044,2.3506958,0.6000004,0.04190476,21,42,36.963316,43.59707
5400,1.1556044,2.3506958,0.6000004,0.04190476,21,42,36.987456,43.59707
5401,1.1556044,2.3506958,0.6000004,0.04190476,21,42,37.059876,43.59707
5403,1.1564102,2.3716484,0.6000004,0.04190476,21,42,37.059876,43.677656
5404,1.1733333,2.3506958,0.6000004,0.04190476,21,42,37.156464,43.919416
5405,1.1733333,2.3450548,0.6000004,0.0410989,21,42,37.059876,44.080584
5407,1.1733333,2.3450548,0.6000004,0.0410989,21,42,36.93918,44.080584
5408,1.1709157,2.2314286,0.6000004,0.0410989,21,42,36.8909,43.919416
5409,1.1709157,2.2314286,0.6000004,0.0410989,21,42,36.91504,44.080584
5410,1.1628572,2.2314286,0.6000004,0.0410989,21,42,36.697844,43.919416
5412,1.1547985,2.12989,0.6000004,0.0410989,21,42,36.456604,43.838824
5413,1.1628572,2.2314286,0.6000004,0.037875456,21,42,36.432464,43.838824
5414,1.1813918,2.12989,0.6000004,0.044322344,21,42,36.456604,43.919416
5416,1.1628572,2.12989,0.6000004,0.044322344,21,42,36.432464,43.919416
5417,1.1813918,2.2153112,0.6000004,0.044322344,21,42,36.456604,43.838824
5418,1.1813918,2.2153112,0.6000004,0.04271062,21,42,36.28775,43.59707
5419,1.1620513,2.1774358,0.6000004,0.04271062,21,42,36.456604,43.59707
5421,1.158022,2.2153112,0.6000004,0.04029304,21,42,36.456604,43.59707
5422,1.1620513,2.2741392,0.6000004,0.04029304,21,42,36.50482,43.59707
5423,1.1620513,2.1774358,0.6000004,0.04029304,21,42,36.5531,43.59707
5425,1.1813918,2.2741392,0.6000004,0.04029304,21,42,36.8909,43.919416
5426,1.1813918,2.3708424,0.6000004,0.037875456,21,42,36.8909,44.402928
5427,1.1813918,2.2741392,0.6000004,0.04029304,21,42,36.8909,44.402928
5429,1.1813918,2.2451282,0.6000004,0.0410989,21,42,36.697844,43.919416
5430,1.1612454,2.3708424,0.6000004,0.0410989,21,42,36.697844,43.516484
5431,1.1612454,2.2451282,0.6000004,0.038681316,21,42,36.5531,43.435896
5432,1.1676922,2.1846886,0.6000004,0.038681316,21,42,36.697844,43.435896
5434,1.1821978,2.2451282,0.6000004,0.037069596,21,42,36.697844,43.435896
5435,1.1781685,2.1846886,0.6000004,0.037069596,21,42,36.746124,43.516484
5436,1.1821978,2.1846886,0.6000004,0.038681316,21,42,36.746124,44.402928
5438,1.1942858,2.37326,0.6000004,0.0410989,21,42,36.746124,44.402928
5439,1.1821978,2.37326,0.6000004,0.0410989,21,42,36.649596,43.838824
5440,1.1854212,2.2394872,0.6000004,0.0410989,21,42,36.649596,43.838824
5441,1.1942858,2.3926008,0.6000004,0.0410989,21,42,36.649596,44.322344
5443,1.1854212,2.2394872,0.6000004,0.04029304,21,42,36.794372,44.161176
5444,1.1797801,2.1838828,0.6000004,0.037875456,21,42,36.794372,44.161176
5445,1.1781685,2.2394872,0.6000004,0.037069596,21,42,36.794372,44.161176
5447,1.1781685,2.1838828,0.6000004,0.037069596,21,42,36.191284,43.677656
5448,1.1773626,2.1838828,0.6000004,0.037069596,21,42,36.09482,43.677656
5449,1.1725274,2.2322344,0.6000004,0.037069596,21,42,36.07071,43.516484
5450,1.1781685,2.2322344,0.6000004,0.03948718,21,42,36.07071,43.677656
5452,1.1725274,2.2322344,0.6000004,0.03948718,21,42,36.09482,43.677656
5453,1.1572161,2.2322344,0.6000004,0.037875456,21,42,36.215392,44.322344
5454,1.1725274,2.2088644,0.6000004,0.036263736,21,42,36.60132,44.322344
5456,1.1789744,2.2088644,0.6000004,0.037875456,21,42,36.60132,44.322344
5457,1.1789744,2.2088644,0.6000004,0.037875456,21,42,36.432464,44.161176
5458,1.1789744,2.2048352,0.6000004,0.037875456,21,42,36.432464,44.161176
5459,1.1789744,2.2048352,0.6000004,0.037875456,21,42,35.8537,43.919416
5461,1.1789744,2.2048352,0.6000004,0.037875456,21,42,35.8537,43.435896
5462,1.1765568,2.2048352,0.6000004,0.037875456,21,42,35.8537,43.435896
5463,1.1725274,2.2733332,0.6000004,0.037069596,21,42,35.781372,43.355312
5465,1.1765568,2.2733332,0.6000004,0.036263736,21,42,35.877808,43.355312
5466,1.1870329,2.2733332,0.6000004,0.036263736,21,42,35.877808,43.435896
5467,1.1765568,2.331355,0.6000004,0.036263736,21,42,35.80548,43.516484
5468,1.1934798,2.331355,0.6000004,0.035457876,21,42,35.684936,43.355312
5470,1.1934798,2.331355,0.6000004,0.03384615,21,42,35.323304,43.355312
5471,1.1934798,2.331355,0.6000004,0.03384615,21,42,35.323304,43.677656
5472,1.1958974,2.331355,0.6000004,0.03384615,21,42,35.323304,43.59707
5474,1.1958974,2.3426372,0.6000004,0.034652012,21,42,35.347412,42.952384
5475,1.1644689,2.3426372,0.6000004,0.034652012,21,42,35.516176,42.952384
5476,1.1556044,2.3426372,0.6000004,0.034652012,21,42,35.82959,43.113556
5478,1.1556044,2.3426372,0.6000004,0.035457876,21,42,35.80548,43.113556
5479,1.1556044,2.245934,0.6000004,0.035457876,21,42,35.684936,43.113556
5480,1.1612454,2.245934,0.6000004,0.03384615,21,42,35.684936,43.113556
5481,1.1733333,2.245934,0.6000004,0.034652012,21,42,35.80548,43.113556
5483,1.1733333,2.1943588,0.6000004,0.036263736,21,42,35.684936,43.274728
5484,1.1612454,2.1943588,0.6000004,0.034652012,21,42,35.41974,43.113556
5485,1.1628572,2.1943588,0.6000004,0.034652012,21,42,35.41974,43.113556
5487,1.1628572,2.1943588,0.6000004,0.035457876,21,42,35.781372,43.838824
5488,1.1628572,2.2394872,0.6000004,0.035457876,21,42,35.41974,43.113556
5489,1.1668864,2.2394872,0.6000004,0.035457876,21,42,35.781372,42.952384
5490,1.1668864,2.2394872,0.6000004,0.035457876,21,42,35.781372,43.113556
5492,1.1668864,2.3829302,0.6000004,0.03384615,21,42,35.733156,43.838824
5493,1.1684982,2.3829302,0.6000004,0.03384615,21,42,35.709016,43.032968
5494,1.1660806,2.3668132,0.6000004,0.034652012,21,42,35.709016,43.032968
5496,1.1652746,2.3724542,0.6000004,0.034652012,21,42,35.709016,43.032968
5497,1.1652746,2.3668132,0.6000004,0.036263736,21,42,35.347412,43.032968
5498,1.1652746,2.2032234,0.6000004,0.036263736,21,42,35.347412,43.032968
5499,1.1652746,2.3668132,0.6000004,0.036263736,21,42,35.347412,43.59707
5501,1.1612454,2.2032234,0.6000004,0.036263736,21,42,35.660828,43.59707
5502,1.1636629,2.2032234,0.6000004,0.03948718,21,42,35.660828,43.838824
5503,1.1636629,2.2120878,0.6000004,0.035457876,21,42,35.684936,43.59707
5505,1.1612454,2.2120878,0.6000004,0.035457876,21,42,35.709016,42.952384
5506,1.1612454,2.2120878,0.6000004,0.035457876,21,42,35.709016,42.791208
5507,1.1636629,2.2306226,0.6000004,0.036263736,21,42,35.757264,42.791208
5508,1.1556044,2.2306226,0.6000004,0.036263736,21,42,36.04657,42.791208
5510,1.1556044,2.2306226,0.6000004,0.037875456,21,42,36.04657,42.791208
5511,1.174945,2.3595602,0.6000004,0.037875456,21,42,36.28775,42.791208
5512,1.1789744,2.3595602,0.6000004,0.037875456,21,42,36.432464,42.791208
5514,1.1789744,2.3740658,0.6000004,0.037875456,21,42,36.50482,42.791208
5515,1.1918681,2.3740658,0.6000004,0.037875456,21,42,36.673736,42.791208
5516,1.2007326,2.3466666,0.6000004,0.03948718,21,42,36.84262,42.791208
5518,1.1918681,2.3466666,0.6000004,0.03948718,21,42,36.649596,42.871796
5519,1.1854212,2.3466666,0.6000004,0.03948718,21,42,36.673736,43.032968
5520,1.1918681,2.303956,0.6000004,0.0410989,21,42,36.673736,43.113556
5521,1.1991209,2.303956,0.6000004,0.0410989,21,42,36.673736,43.113556
5523,1.1902565,2.3434432,0.6000004,0.0410989,21,42,36.673736,43.113556
5524,1.1902565,2.303956,0.6000004,0.04271062,21,42,37.37378,43.355312
5525,1.1902565,2.3434432,0.6000004,0.04271062,21,42,37.37378,43.355312
5527,1.1862271,2.3434432,0.6000004,0.0410989,21,42,37.37378,43.113556
5528,1.1862271,2.2410988,0.6000004,0.03948718,21,42,37.494568,43.194136
5529,1.1862271,2.2410988,0.6000004,0.03948718,21,42,37.591216,43.194136
5530,1.1862271,2.2410988,0.6000004,0.038681316,21,42,37.518708,43.113556
5532,1.192674,2.2378754,0.6000004,0.038681316,21,42,37.857088,43.194136
5533,1.1958974,2.2410988,0.6000004,0.038681316,21,42,37.857088,43.355312
5534,1.1958974,2.3700366,0.6000004,0.037875456,21,42,37.857088,43.516484
5536,1.192674,2.2378754,0.6000004,0.037875456,21,42,37.663696,43.677656
5537,1.192674,2.3700366,0.6000004,0.03948718,21,42,37.663696,44.080584
5538,1.1838094,2.3700366,0.6000004,0.03948718,21,42,37.25305,43.677656
5539,1.1757508,2.3442492,0.6000004,0.037875456,21,42,37.518708,43.677656
5541,1.1709157,2.3442492,0.6000004,0.037875456,21,42,37.494568,43.274728
5542,1.1709157,2.3442492,0.6000004,0.037875456,21,42,37.494568,43.274728
5543,1.1709157,2.3410256,0.6000004,0.037875456,21,42,37.518708,43.274728
5545,1.1709157,2.3410256,0.6000004,0.037875456,21,42,37.518708,43.113556
5546,1.1709157,2.3410256,0.6000004,0.037069596,21,42,37.518708,43.113556
5547,1.1765568,2.2322344,0.6000004,0.035457876,21,42,37.518708,43.274728
5548,1.1668864,2.2322344,0.6000004,0.035457876,21,42,37.567048,43.274728
5550,1.1668864,2.2177288,0.6000004,0.035457876,21,42,37.687896,43.274728
5551,1.1902565,2.2177288,0.6000004,0.035457876,21,42,37.857088,43.838824
5552,1.1902565,2.2193408,0.6000004,0.036263736,21,42,37.857088,43.838824
5554,1.1902565,2.2193408,0.6000004,0.036263736,21,42,37.857088,44.161176
5555,1.1902565,2.195165,0.6000004,0.03948718,21,42,37.832916,44.161176
5556,1.1862271,2.2193408,0.6000004,0.04029304,21,42,37.34961,44.241756
5557,1.1838094,2.195165,0.6000004,0.04190476,21,42,37.34961,44.241756
5559,1.1644689,2.1782418,0.6000004,0.04190476,21,42,37.34961,44.241756
5560,1.1644689,2.195165,0.6000004,0.04029304,21,42,37.591216,44.161176
5561,1.1644689,2.1782418,0.6000004,0.04029304,21,42,37.591216,43.516484
5563,1.1701099,2.1782418,0.6000004,0.04190476,21,42,37.591216,43.516484
5564,1.2015384,2.2918682,0.6000004,0.04029304,21,42,37.37378,43.516484
5565,1.2031502,2.2918682,0.6000004,0.037875456,21,42,37.37378,43.516484
5567,1.2015384,2.2435164,0.6000004,0.04190476,21,42,37.37378,43.516484
5568,1.2015384,2.2918682,0.6000004,0.04029304,21,42,37.37378,44.080584
5569,1.1958974,2.2435164,0.6000004,0.04029304,21,42,37.204712,44.080584
5570,1.1878388,2.2096704,0.6000004,0.04029304,21,42,37.132292,44.080584
5572,1.1878388,2.2435164,0.6000004,0.04029304,21,42,37.132292,43.999996
5573,1.1781685,2.3055678,0.6000004,0.04029304,21,42,37.132292,43.677656
5574,1.1701099,2.3055678,0.6000004,0.0410989,21,42,37.132292,43.677656
5576,1.1781685,2.3055678,0.6000004,0.04029304,21,42,37.25305,43.919416
5577,1.1773626,2.3055678,0.6000004,0.04029304,21,42,37.42209,43.919416
5578,1.1773626,2.3055678,0.6000004,0.04029304,21,42,37.42209,43.758244
5579,1.1773626,2.286227,0.6000004,0.04029304,21,42,37.42209,43.758244
5581,1.1773626,2.1669598,0.6000004,0.04029304,21,42,37.42209,43.758244
5582,1.1709157,2.1669598,0.6000004,0.0410989,21,42,37.42209,43.758244
5583,1.1572161,2.3490842,0.6000004,0.0410989,21,42,37.42209,43.758244
5585,1.1572161,2.1669598,0.6000004,0.043516484,21,42,37.687896,43.758244
5586,1.1709157,2.3490842,0.6000004,0.0410989,21,42,37.784544,43.838824
5587,1.1773626,2.3490842,0.6000004,0.0410989,21,42,37.832916,43.838824
5588,1.1789744,2.3410256,0.6000004,0.0410989,21,42,37.832916,43.838824
5590,1.1789744,2.3410256,0.6000004,0.0410989,21,43,37.905456,44.241756
5591,1.1813918,2.3539192,0.6000004,0.03948718,20,43,38.21991,44.322344
5592,1.1789744,2.3410256,0.6000004,0.03948718,20,43,37.832916,44.241756
5594,1.1733333,2.3539192,0.6000004,0.03948718,21,43,37.760376,44.080584
5595,1.1733333,2.380513,0.6000004,0.038681316,21,43,38.026368,44.322344
5596,1.1733333,2.3539192,0.6000004,0.038681316,20,43,37.663696,44.322344
5597,1.1531868,2.3241026,0.6000004,0.038681316,21,43,37.591216,44.080584
5599,1.1733333,2.3241026,0.6000004,0.037875456,21,43,37.663696,44.402928
5600,1.1757508,2.2435164,0.6000004,0.038681316,20,43,37.639556,44.402928
5601,1.1531868,2.2435164,0.6000004,0.038681316,20,43,37.32547,44.161176
5603,1.1757508,2.2991206,0.6000004,0.037875456,20,43,37.204712,43.919416
5604,1.1805861,2.2435164,0.6000004,0.037875456,20,43,37.542908,43.919416
5605,1.1757508,2.2991206,0.6000004,0.04029304,20,43,37.180604,43.919416
5606,1.1491574,2.357143,0.6000004,0.037875456,20,43,36.84262,43.919416
5608,1.1805861,2.2991206,0.6000004,0.036263736,21,43,37.180604,43.919416
5609,1.1805861,2.2370696,0.6000004,0.036263736,21,43,37.4703968,44.725276
5610,1.1886446,2.357143,0.6000004,0.037875456,21,43,36.746124,44.80586
5612,1.1886446,2.2370696,0.6000004,0.037875456,21,43,36.746124,44.725276
5613,1.1886446,2.1331134,0.6000004,0.037875456,21,43,37.4703968,44.725276
5614,1.1781685,2.2370696,0.6000004,0.03948718,21,43,36.987456,44.644688
5615,1.1781685,2.356337,0.6000004,0.03948718,21,43,36.746124,44.644688
5617,1.1781685,2.1903296,0.6000004,0.037069596,20,43,36.987456,44.644688
5618,1.1805861,2.356337,0.6000004,0.036263736,21,43,37.518708,44.644688
5619,1.1918681,2.356337,0.6000004,0.036263736,20,43,37.42209,44.402928
5621,1.2063737,2.1903296,0.6000004,0.036263736,20,43,37.42209,44.80586
5622,1.2063737,2.1903296,0.6000004,0.036263736,21,43,37.42209,44.402928
5623,1.2047619,2.4159706,0.6000004,0.037069596,21,43,37.42209,44.080584
5625,1.2047619,2.1443956,0.6000004,0.0410989,20,43,37.42209,44.080584
5626,1.2047619,2.2201464,0.6000004,0.04190476,20,43,37.832916,44.322344
5627,1.1967033,2.4159706,0.6000004,0.0410989,21,43,37.832916,44.322344
5628,1.1967033,2.2523808,0.6000004,0.04029304,21,43,37.832916,44.5641068
5630,1.1781685,2.2201464,0.6000004,0.0410989,20,43,37.518708,44.5641068
5631,1.1709157,2.2523808,0.6000004,0.0410989,20,43,37.4703968,44.322344
5632,1.1709157,2.3660074,0.6000004,0.04029304,20,43,37.22888,43.758244
5634,1.1709157,2.2523808,0.6000004,0.03948718,20,43,37.22888,43.758244
5635,1.1741393,2.3660074,0.6000004,0.0410989,20,43,37.32547,43.758244
5636,1.2055677,2.3660074,0.6000004,0.0410989,20,43,37.32547,43.758244
5637,1.2055677,2.193553,0.6000004,0.0410989,20,43,37.518708,43.999996
5639,1.2071794,2.193553,0.6000004,0.04190476,20,43,37.615388,44.241756
5640,1.2055677,2.2975092,0.6000004,0.04190476,20,43,37.615388,44.241756
5641,1.2055677,2.193553,0.6000004,0.04190476,20,43,37.687896,44.241756
5643,1.1942858,2.2975092,0.6000004,0.04190476,20,43,37.905456,44.241756
5644,1.1942858,2.3192672,0.6000004,0.03948718,20,43,37.905456,44.241756
5645,1.1942858,2.2975092,0.6000004,0.038681316,20,43,37.905456,44.241756
5646,1.1942858,2.3192672,0.6000004,0.038681316,20,43,37.639556,43.838824
5648,1.1821978,2.3192672,0.6000004,0.037069596,20,43,37.446228,43.838824
5649,1.1781685,2.2902562,0.6000004,0.037875456,20,43,37.446228,43.838824
5650,1.1773626,2.2902562,0.6000004,0.037875456,20,43,37.639556,43.838824
5652,1.1773626,2.315238,0.6000004,0.037875456,20,43,37.808748,43.838824
5653,1.1781685,2.2902562,0.6000004,0.037875456,20,43,37.808748,43.838824
5654,1.1830037,2.315238,0.6000004,0.037875456,20,43,37.808748,43.838824
5655,1.1958974,2.315238,0.6000004,0.037069596,20,43,37.784544,43.919416
5657,1.1958974,2.2838096,0.6000004,0.03948718,20,43,37.542908,44.161176
5658,1.2047619,2.2838096,0.6000004,0.04029304,20,43,37.518708,44.402928
5659,1.2047619,2.2838096,0.6000004,0.04029304,20,43,37.42209,44.402928
5661,1.2047619,2.2072528,0.6000004,0.04190476,20,43,37.42209,44.402928
5662,1.192674,2.2838096,0.6000004,0.04190476,21,43,37.204712,44.080584
5663,1.1684982,2.2072528,0.6000004,0.04190476,21,43,37.204712,44.080584
5665,1.1684982,2.1991942,0.6000004,0.0410989,21,43,37.204712,44.080584
5666,1.1684982,2.2072528,0.6000004,0.04029304,21,43,37.180604,44.241756
5667,1.1709157,2.1991942,0.6000004,0.04029304,21,43,37.180604,44.725276
5668,1.1733333,2.1838828,0.6000004,0.0410989,21,43,37.180604,44.725276
5670,1.1870329,2.1991942,0.6000004,0.0410989,21,43,36.794372,44.241756
5671,1.1870329,2.333773,0.6000004,0.04029304,21,43,36.794372,44.241756
5672,1.1870329,2.1838828,0.6000004,0.04029304,20,43,36.794372,44.241756
5674,1.203956,2.333773,0.6000004,0.038681316,20,43,37.011568,44.241756
5675,1.203956,2.333773,0.6000004,0.038681316,20,43,37.011568,44.322344
5676,1.203956,2.2193408,0.6000004,0.04029304,20,43,37.011568,44.322344
5677,1.1854212,2.2193408,0.6000004,0.0410989,21,43,37.011568,44.322344
5679,1.1660806,2.3144322,0.6000004,0.0410989,20,43,37.011568,44.322344
5680,1.1660806,2.2193408,0.6000004,0.0410989,20,43,37.132292,44.322344
5681,1.1660806,2.3144322,0.6000004,0.038681316,20,43,37.011568,44.5641068
5683,1.1846154,2.3289378,0.6000004,0.038681316,20,43,37.011568,44.483516
5684,1.1967033,2.3144322,0.6000004,0.038681316,20,43,37.011568,44.483516
5685,1.1967033,2.3289378,0.6000004,0.038681316,20,43,36.818512,44.483516
5686,1.1967033,2.3305492,0.6000004,0.036263736,20,43,36.818512,44.322344
5688,1.1846154,2.3289378,0.6000004,0.036263736,20,43,36.697844,44.080584
5689,1.1741393,2.3305492,0.6000004,0.03948718,20,43,36.57721,43.838824
5690,1.1741393,2.3305492,0.6000004,0.03948718,20,43,36.697844,44.080584
5692,1.1741393,2.1959708,0.6000004,0.0410989,20,43,36.697844,44.322344
5693,1.1709157,2.1959708,0.6000004,0.04190476,20,43,36.697844,44.080584
5694,1.1717216,2.200806,0.6000004,0.0410989,20,43,36.721956,43.838824
5695,1.1741393,2.1959708,0.6000004,0.04190476,20,43,36.93918,43.919416
5697,1.1717216,2.200806,0.6000004,0.0410989,21,43,37.035736,43.838824
5698,1.1717216,2.3627836,0.6000004,0.037875456,21,43,37.34961,43.838824
5699,1.192674,2.200806,0.6000004,0.037875456,21,43,37.4703968,43.838824
5701,1.1999266,2.3627836,0.6000004,0.0410989,21,43,37.34961,43.919416
5702,1.192674,2.3893774,0.6000004,0.037875456,21,43,37.42209,43.838824
5703,1.192674,2.3627836,0.6000004,0.037875456,20,43,37.4703968,43.758244
5705,1.1934798,2.3893774,0.6000004,0.037875456,20,43,37.542908,43.758244
5706,1.1934798,2.3893774,0.6000004,0.037069596,20,43,37.881288,44.161176
5707,1.1934798,2.3603664,0.6000004,0.037069596,20,43,37.881288,44.161176
5708,1.1934798,2.3603664,0.6000004,0.037069596,20,43,37.953828,44.5641068
5710,1.1934798,2.3603664,0.6000004,0.037069596,20,43,38.17151,44.644688
5711,1.1846154,2.3015384,0.6000004,0.03948718,20,43,37.881288,44.725276
5712,1.1652746,2.3015384,0.6000004,0.03948718,20,43,37.832916,44.725276
5714,1.1652746,2.3015384,0.6000004,0.037875456,20,43,38.24411,44.5641068
5715,1.1668864,2.3015384,0.6000004,0.03948718,20,43,37.832916,44.725276
5716,1.1668864,2.34989,0.6000004,0.037875456,20,43,37.832916,44.241756
5717,1.1668864,2.34989,0.6000004,0.037875456,20,43,37.905456,44.241756
5719,1.1725274,2.2564104,0.6000004,0.037875456,20,43,37.953828,44.241756
5720,1.1725274,2.34989,0.6000004,0.03948718,20,43,37.953828,44.5641068
5721,1.174945,2.2564104,0.6000004,0.038681316,20,43,37.953828,43.999996
5723,1.1789744,2.1854944,0.6000004,0.04029304,20,43,38.026368,44.5641068
5724,1.1789744,2.2564104,0.6000004,0.04029304,20,43,38.026368,43.999996
5725,1.1789744,2.309597,0.6000004,0.04029304,20,43,38.534608,44.241756
5726,1.1709157,2.1887178,0.6000004,0.038681316,20,43,38.026368,43.999996
5728,1.1709157,2.309597,0.6000004,0.038681316,20,43,38.002196,43.999996
5729,1.1709157,2.309597,0.6000004,0.037875456,20,43,38.002196,43.999996
5730,1.1709157,2.2161172,0.6000004,0.037875456,20,43,38.002196,44.241756
5732,1.1733333,2.2161172,0.6000004,0.037875456,20,43,38.002196,44.483516
5733,1.1830037,2.2161172,0.6000004,0.037875456,20,43,38.026368,44.483516
5734,1.1830037,2.1790476,0.6000004,0.0410989,20,43,38.026368,44.483516
5735,1.1830037,2.2161172,0.6000004,0.0410989,20,43,38.026368,44.483516
5737,1.1870329,2.233846,0.6000004,0.0410989,20,43,38.026368,44.483516
5738,1.1870329,2.1790476,0.6000004,0.04190476,20,43,37.929628,44.402928
5739,1.1644689,2.233846,0.6000004,0.04190476,20,43,37.929628,44.402928
5741,1.1628572,2.3087912,0.6000004,0.037069596,20,43,38.365112,44.886448
5742,1.1628572,2.233846,0.6000004,0.034652012,20,43,37.929628,44.886448
5743,1.1628572,2.3087912,0.6000004,0.034652012,20,43,37.929628,44.5641068
5744,1.1894505,2.3087912,0.6000004,0.034652012,20,43,37.518708,44.5641068
5746,1.1894505,2.3087912,0.6000004,0.037069596,20,43,37.37378,44.5641068
5747,1.2015384,2.2830036,0.6000004,0.037875456,20,43,37.34961,44.5641068
5748,1.2015384,2.2830036,0.6000004,0.04029304,20,43,37.34961,44.5641068
5750,1.2015384,2.2830036,0.6000004,0.04029304,20,43,37.34961,44.5641068
5751,1.197509,2.2523808,0.6000004,0.03948718,20,43,37.34961,45.692308
5752,1.197509,2.2282052,0.6000004,0.03948718,20,43,37.34961,44.5641068
5753,1.1967033,2.2523808,0.6000004,0.037069596,20,43,37.156464,44.483516
5755,1.1789744,2.2282052,0.6000004,0.037069596,20,43,37.156464,44.5641068
5756,1.1604396,2.2016116,0.6000004,0.037069596,20,43,37.108156,45.208792
5757,1.1547985,2.2282052,0.6000004,0.037069596,20,43,37.108156,44.241756
5759,1.1604396,2.2016116,0.6000004,0.037069596,20,43,36.8909,44.241756
5760,1.1604396,2.1903296,0.6000004,0.037069596,20,43,36.818512,44.241756
5761,1.1556044,2.2016116,0.6000004,0.037069596,20,43,36.794372,44.080584
5763,1.1556044,2.1903296,0.6000004,0.037069596,20,43,36.746124,43.999996
5764,1.1612454,2.1903296,0.6000004,0.035457876,20,43,36.60132,43.999996
5765,1.1596336,2.257216,0.6000004,0.035457876,20,43,36.52896,43.999996
5766,1.1596336,2.257216,0.6000004,0.036263736,20,43,36.336,43.999996
5768,1.1596336,2.257216,0.6000004,0.036263736,20,43,36.2395016,43.999996
5769,1.1596336,2.378901,0.6000004,0.035457876,20,43,36.2395016,43.919416
5770,1.1596336,2.257216,0.6000004,0.034652012,20,43,36.2395016,43.919416
5772,1.1547985,2.3474724,0.6000004,0.032234434,20,43,36.5531,43.999996
5773,1.1547985,2.378901,0.6000004,0.030622712,20,43,36.84262,44.886448
5774,1.174945,2.3474724,0.6000004,0.030622712,20,43,36.84262,44.886448
5775,1.1870329,2.3474724,0.6000004,0.034652012,20,43,36.84262,44.886448
5777,1.1870329,2.3877654,0.6000004,0.03384615,20,43,36.697844,44.483516
5778,1.192674,2.3877654,0.6000004,0.03384615,20,43,36.697844,44.322344
5779,1.1870329,2.4046886,0.6000004,0.03384615,20,43,36.697844,44.322344
5781,1.1846154,2.4046886,0.6000004,0.03142857,20,43,36.770232,44.322344
5782,1.1846154,2.3289378,0.6000004,0.03142857,20,43,36.770232,44.161176
5783,1.1709157,2.3289378,0.6000004,0.03142857,20,43,36.770232,43.758244
5784,1.1588278,2.3289378,0.6000004,0.035457876,20,43,36.360108,43.758244
5786,1.1588278,2.2451282,0.6000004,0.037875456,20,43,36.215392,43.758244
5787,1.158022,2.2451282,0.6000004,0.037875456,20,43,36.167144,44.161176
5788,1.158022,2.2451282,0.6000004,0.037875456,20,43,35.901916,44.483516
5790,1.158022,2.195165,0.6000004,0.03948718,20,43,35.877808,44.5641068
5791,1.1588278,2.195165,0.6000004,0.037875456,20,43,35.877808,44.5641068
5792,1.1588278,2.195165,0.6000004,0.037875456,20,43,35.901916,44.5641068
5793,1.1967033,2.195165,0.6000004,0.037875456,20,43,35.901916,44.483516
5795,1.1967033,2.2298166,0.6000004,0.037875456,20,43,36.118928,44.483516
5796,1.192674,2.2298166,0.6000004,0.034652012,20,43,36.118928,44.483516
5797,1.1886446,2.200806,0.6000004,0.03384615,20,43,36.50482,44.402928
5799,1.1886446,2.2298166,0.6000004,0.034652012,20,43,36.31186,44.402928
5800,1.1886446,2.200806,0.6000004,0.034652012,20,43,36.31186,44.402928
5801,1.1886446,2.200806,0.6000004,0.034652012,21,43,36.31186,44.322344
5803,1.1886446,2.3942124,0.6000004,0.034652012,20,43,36.31186,43.758244
5804,1.1676922,2.3942124,0.6000004,0.037875456,21,43,36.167144,43.758244
5805,1.1676922,2.224176,0.6000004,0.038681316,21,43,36.167144,44.322344
5806,1.1628572,2.3942124,0.6000004,0.038681316,21,43,36.167144,44.322344
5808,1.1628572,2.3232966,0.6000004,0.038681316,20,43,36.07071,44.483516
5809,1.1934798,2.224176,0.6000004,0.038681316,20,43,36.07071,44.483516
5810,1.1967033,2.30315,0.6000004,0.038681316,20,43,36.5531,44.322344
5812,1.1934798,2.3232966,0.6000004,0.038681316,20,43,36.07071,44.322344
5813,1.1967033,2.30315,0.6000004,0.038681316,21,43,36.432464,45.04762
5814,1.1934798,2.245934,0.6000004,0.038681316,20,43,36.432464,44.967036
5815,1.1967033,2.30315,0.6000004,0.03948718,20,43,36.432464,45.04762
5817,1.1676922,2.245934,0.6000004,0.03948718,20,43,36.118928,45.04762
5818,1.1491574,2.245934,0.6000004,0.04029304,20,43,36.432464,45.04762
5819,1.1491574,2.39663,0.6000004,0.03948718,20,43,36.118928,44.967036
5821,1.1507692,2.39663,0.6000004,0.03948718,20,43,36.26361,44.967036
5822,1.1507692,2.2999268,0.6000004,0.04029304,20,43,36.26361,43.758244
5823,1.1596336,2.39663,0.6000004,0.04029304,20,43,36.28775,43.59707
5824,1.1596336,2.2999268,0.6000004,0.035457876,20,43,36.28775,43.59707
5826,1.1668864,2.22337,0.6000004,0.03948718,20,43,36.336,43.59707
5827,1.1668864,2.2999268,0.6000004,0.035457876,20,43,36.93918,43.677656
5828,1.1854212,2.2918682,0.6000004,0.035457876,20,43,36.93918,43.919416
5830,1.1854212,2.22337,0.6000004,0.034652012,21,43,36.93918,43.919416
5831,1.1854212,2.2918682,0.6000004,0.034652012,21,43,36.770232,43.919416
5832,1.1789744,2.339414,0.6000004,0.034652012,21,43,36.721956,44.483516
5833,1.1789744,2.2918682,0.6000004,0.036263736,21,43,36.721956,44.483516
5835,1.1789744,2.339414,0.6000004,0.036263736,20,43,36.721956,44.483516
5836,1.1797801,2.339414,0.6000004,0.036263736,20,43,37.011568,44.322344
5837,1.1838094,2.339414,0.6000004,0.036263736,20,43,37.011568,43.838824
5839,1.1838094,2.4103296,0.6000004,0.035457876,20,43,37.011568,43.838824
5840,1.1838094,2.4103296,0.6000004,0.035457876,20,43,37.011568,43.758244
5841,1.1620513,2.4103296,0.6000004,0.034652012,20,43,36.52896,43.435896
5842,1.1620513,2.4103296,0.6000004,0.032234434,20,43,36.52896,43.355312
5844,1.1620513,2.4014652,0.6000004,0.032234434,21,43,36.746124,43.435896
5845,1.1652746,2.2846152,0.6000004,0.034652012,20,43,36.697844,43.435896
5846,1.1668864,2.4014652,0.6000004,0.032234434,21,43,36.697844,43.677656
5848,1.1862271,2.2846152,0.6000004,0.034652012,21,43,36.697844,43.677656
5849,1.1862271,2.2757508,0.6000004,0.034652012,21,43,36.697844,43.758244
5850,1.1870329,2.2846152,0.6000004,0.034652012,20,43,36.697844,43.758244
5852,1.1870329,2.2757508,0.6000004,0.034652012,21,43,36.721956,43.838824
5853,1.1870329,2.2757508,0.6000004,0.035457876,21,43,36.721956,43.758244
5854,1.1838094,2.3200734,0.6000004,0.035457876,21,43,36.721956,43.758244
5855,1.1870329,2.3200734,0.6000004,0.035457876,21,43,36.746124,43.758244
5857,1.1668864,2.3200734,0.6000004,0.035457876,21,43,36.746124,43.59707
5858,1.1668864,2.3345788,0.6000004,0.03384615,21,43,36.673736,43.194136
5859,1.1757508,2.3345788,0.6000004,0.03384615,21,43,36.480712,43.274728
5861,1.1789744,2.3345788,0.6000004,0.035457876,21,43,36.480712,43.59707
5862,1.1789744,2.3635896,0.6000004,0.035457876,21,43,36.26361,43.59707
5863,1.1797801,2.3345788,0.6000004,0.036263736,21,43,36.26361,43.59707
5864,1.1830037,2.3635896,0.6000004,0.036263736,21,42,36.26361,43.59707
5866,1.1838094,2.407912,0.6000004,0.035457876,21,42,36.31186,43.59707
5867,1.1870329,2.3635896,0.6000004,0.033040292,21,42,36.456604,43.59707
5868,1.1870329,2.2467398,0.6000004,0.033040292,21,42,36.456604,43.59707
5870,1.1870329,2.407912,0.6000004,0.033040292,20,42,36.456604,43.516484
5871,1.1838094,2.3361904,0.6000004,0.037069596,20,42,35.82959,43.113556
5872,1.1830037,2.2467398,0.6000004,0.038681316,20,42,35.781372,43.113556
5873,1.1797801,2.3361904,0.6000004,0.038681316,20,42,35.781372,43.113556
5875,1.1830037,2.3361904,0.6000004,0.038681316,20,42,35.781372,43.194136
5876,1.1797801,2.2507692,0.6000004,0.037875456,20,42,35.781372,43.194136
5877,1.1797801,2.2507692,0.6000004,0.037069596,20,42,36.2395016,43.355312
5879,1.1676922,2.3241026,0.6000004,0.035457876,21,42,36.2395016,43.194136
5880,1.1612454,2.2507692,0.6000004,0.035457876,21,42,36.2395016,43.113556
5881,1.1596336,2.3241026,0.6000004,0.035457876,21,42,35.901916,43.113556
5882,1.1596336,2.3490842,0.6000004,0.037069596,21,42,35.901916,43.355312
5884,1.1596336,2.3241026,0.6000004,0.037069596,21,42,35.901916,43.355312
5885,1.1596336,2.3490842,0.6000004,0.037069596,21,42,36.336,43.355312
5886,1.1596336,2.3490842,0.6000004,0.035457876,21,42,36.336,43.355312
5888,1.1596336,2.3490842,0.6000004,0.035457876,21,42,36.336,43.355312
5889,1.1596336,2.3490842,0.6000004,0.035457876,21,42,36.336,43.677656
5890,1.1765568,2.4199998,0.6000004,0.035457876,21,42,36.336,43.274728
5891,1.1588278,2.3490842,0.6000004,0.036263736,21,42,36.215392,43.274728
5893,1.1676922,2.4199998,0.6000004,0.036263736,21,42,36.215392,43.274728
5894,1.1676922,2.4199998,0.6000004,0.036263736,21,42,36.215392,43.032968
5895,1.1676922,2.229011,0.6000004,0.036263736,21,42,36.167144,42.791208
5897,1.1676922,2.229011,0.6000004,0.034652012,21,42,36.167144,42.791208
5898,1.1676922,2.3442492,0.6000004,0.03142857,21,42,36.09482,42.791208
5899,1.1604396,2.229011,0.6000004,0.030622712,21,42,36.167144,42.630036
5901,1.1676922,2.3442492,0.6000004,0.030622712,21,42,36.57721,42.630036
5902,1.1604396,2.3442492,0.6000004,0.030622712,21,42,36.625456,43.677656
5903,1.1435164,2.3410256,0.6000004,0.030622712,21,42,36.818512,43.758244
5904,1.1435164,2.3410256,0.6000004,0.030622712,21,42,36.818512,43.758244
5906,1.158022,2.3410256,0.6000004,0.030622712,21,42,36.818512,43.758244
5907,1.158022,2.2967034,0.6000004,0.030622712,21,42,36.28775,42.549452
5908,1.158022,2.2967034,0.6000004,0.030622712,21,42,36.28775,42.549452
5910,1.1596336,2.2967034,0.6000004,0.030622712,21,42,36.26361,42.549452
5911,1.1652746,2.2967034,0.6000004,0.03142857,21,42,36.26361,42.791208
5912,1.1652746,2.2120878,0.6000004,0.033040292,21,42,36.456604,43.032968
5913,1.1660806,2.2475456,0.6000004,0.035457876,21,42,36.625456,43.032968
5915,1.1668864,2.2475456,0.6000004,0.035457876,21,42,36.8909,43.113556
5916,1.1701099,2.2475456,0.6000004,0.036263736,21,42,36.8909,43.113556
5917,1.1781685,2.2410988,0.6000004,0.036263736,21,42,36.8909,43.194136
5919,1.1781685,2.2475456,0.6000004,0.036263736,21,42,36.794372,43.194136
5920,1.1781685,2.2410988,0.6000004,0.036263736,21,42,36.697844,43.194136
5921,1.1773626,2.2378754,0.6000004,0.036263736,21,42,36.2395016,43.516484
5922,1.1684982,2.2378754,0.6000004,0.036263736,21,42,36.143068,44.161176
5924,1.1684982,2.2378754,0.6000004,0.036263736,21,42,36.143068,44.161176
5925,1.1773626,2.2378754,0.6000004,0.037069596,21,42,36.2395016,43.435896
5926,1.1805861,2.262857,0.6000004,0.04029304,21,42,36.31186,43.516484
5928,1.1813918,2.262857,0.6000004,0.03948718,21,42,36.31186,43.435896
5929,1.1813918,2.262857,0.6000004,0.03948718,21,42,36.31186,43.194136
5930,1.1805861,2.3603664,0.6000004,0.03948718,21,42,36.31186,42.871796
5931,1.1862271,2.3603664,0.6000004,0.038681316,21,42,36.26361,42.871796
5933,1.1701099,2.2894504,0.6000004,0.038681316,21,42,36.26361,42.871796
5934,1.1636629,2.3603664,0.6000004,0.037875456,21,42,36.26361,42.710624
5935,1.1636629,2.2894504,0.6000004,0.034652012,21,42,36.2395016,42.630036
5937,1.1636629,2.2821976,0.6000004,0.034652012,21,42,36.09482,42.630036
5938,1.1636629,2.2894504,0.6000004,0.035457876,21,42,36.118928,42.710624
5939,1.1902565,2.3120148,0.6000004,0.034652012,21,42,36.118928,42.871796
5941,1.1918681,2.2821976,0.6000004,0.035457876,21,42,36.2395016,42.871796
5942,1.1902565,2.3120148,0.6000004,0.037069596,21,42,36.57721,43.032968
5943,1.1918681,2.3708424,0.6000004,0.037069596,21,42,36.57721,43.274728
5944,1.1902565,2.3120148,0.6000004,0.037875456,21,42,36.57721,43.435896
5946,1.1878388,2.3708424,0.6000004,0.037875456,21,42,36.5531,43.274728
5947,1.1878388,2.3708424,0.6000004,0.037875456,21,42,36.5531,43.274728
5948,1.1918681,2.3708424,0.6000004,0.037875456,21,42,36.5531,43.516484
5950,1.1950916,2.3909888,0.6000004,0.038681316,21,42,36.52896,43.516484
5951,1.1950916,2.3909888,0.6000004,0.038681316,21,42,36.52896,43.194136
5952,1.2015384,2.3829302,0.6000004,0.038681316,21,42,36.52896,43.516484
5953,1.2015384,2.3909888,0.6000004,0.038681316,21,42,36.480712,43.435896
5955,1.1821978,2.3829302,0.6000004,0.038681316,21,42,36.2395016,43.194136
5956,1.1733333,2.3829302,0.6000004,0.038681316,21,42,36.191284,43.194136
5957,1.1644689,2.437729,0.6000004,0.038681316,21,42,36.191284,42.871796
5959,1.1644689,2.437729,0.6000004,0.037069596,21,42,36.191284,42.871796
5960,1.1644689,2.4175824,0.6000004,0.037069596,21,42,36.2395016,42.871796
5961,1.1660806,2.437729,0.6000004,0.035457876,21,42,36.456604,42.871796
5962,1.1862271,2.4175824,0.6000004,0.035457876,21,42,36.456604,42.871796
5964,1.1870329,2.4175824,0.6000004,0.036263736,21,42,36.28775,43.032968
5965,1.1870329,2.4175824,0.6000004,0.036263736,21,42,36.28775,43.032968
5966,1.1870329,2.2886448,0.6000004,0.036263736,21,42,36.143068,43.032968
5968,1.1870329,2.2886448,0.6000004,0.036263736,21,42,36.143068,43.113556
5969,1.1870329,2.2886448,0.6000004,0.035457876,21,42,36.143068,43.113556
5970,1.1870329,2.2886448,0.6000004,0.035457876,21,42,36.721956,43.516484
5971,1.1878388,2.315238,0.6000004,0.035457876,21,42,36.746124,43.516484
5973,1.1942858,2.315238,0.6000004,0.035457876,21,42,36.746124,43.516484
5974,1.1942858,2.257216,0.6000004,0.037875456,21,42,36.721956,43.274728
5975,1.1942858,2.315238,0.6000004,0.037875456,21,42,36.697844,43.274728
5977,1.1942858,2.397436,0.6000004,0.035457876,21,42,36.408356,43.274728
5978,1.1862271,2.257216,0.6000004,0.037875456,21,42,36.191284,44.161176
5979,1.1846154,2.397436,0.6000004,0.037875456,21,42,36.191284,44.161176
5980,1.1813918,2.4788276,0.6000004,0.035457876,21,42,36.191284,44.161176
5982,1.1612454,2.397436,0.6000004,0.037875456,21,42,36.625456,42.630036
5983,1.1539926,2.4788276,0.6000004,0.037875456,21,42,36.673736,42.630036
5984,1.1596336,2.4788276,0.6000004,0.034652012,21,42,36.697844,42.630036
5986,1.1556044,2.3466666,0.6000004,0.034652012,21,42,36.697844,42.630036
5987,1.1556044,2.3466666,0.6000004,0.034652012,21,42,36.86676,42.630036
5988,1.1596336,2.3466666,0.6000004,0.034652012,21,42,37.108156,43.59707
5990,1.1902565,2.3466666,0.6000004,0.034652012,21,42,37.035736,42.952384
5991,1.1902565,2.3547252,0.6000004,0.037875456,21,42,37.035736,43.516484
5992,1.1902565,2.3547252,0.6000004,0.037875456,21,42,37.035736,43.516484
5993,1.1878388,2.3531136,0.6000004,0.037875456,21,42,36.8909,42.952384
5995,1.1821978,2.3547252,0.6000004,0.037875456,21,42,36.625456,42.871796
5996,1.1765568,2.3531136,0.6000004,0.035457876,21,42,36.5531,42.710624
5997,1.1765568,2.3442492,0.6000004,0.035457876,21,42,36.432464,42.630036
5999,1.1660806,2.3531136,0.6000004,0.03384615,21,42,36.432464,42.468864
6000,1.1765568,2.3442492,0.6000004,0.03384615,21,42,36.5531,42.630036
6001,1.1660806,2.3442492,0.6000004,0.035457876,21,42,36.5531,42.630036
6002,1.1725274,2.4441758,0.6000004,0.035457876,21,42,36.432464,42.630036
6004,1.1725274,2.4441758,0.6000004,0.034652012,21,42,36.432464,42.630036
6005,1.1781685,2.4441758,0.6000004,0.034652012,21,42,36.336,42.630036
6006,1.1781685,2.4441758,0.6000004,0.03384615,21,42,36.336,42.630036
6008,1.1813918,2.4272528,0.6000004,0.03384615,21,42,36.336,42.630036
6009,1.1967033,2.4272528,0.6000004,0.03384615,21,42,36.673736,43.435896
6010,1.1902565,2.4522342,0.6000004,0.03384615,21,42,36.721956,43.435896
6011,1.1902565,2.4272528,0.6000004,0.03384615,21,42,36.770232,43.59707
6013,1.197509,2.378901,0.6000004,0.037069596,21,42,36.770232,43.435896
6014,1.197509,2.4522342,0.6000004,0.038681316,21,42,36.794372,43.435896
6015,1.1902565,2.378901,0.6000004,0.03948718,21,42,36.794372,43.59707
6017,1.1846154,2.27011,0.6000004,0.0410989,21,42,36.770232,43.355312
6018,1.1854212,2.378901,0.6000004,0.0410989,21,42,36.50482,43.355312
6019,1.1846154,2.27011,0.6000004,0.03948718,21,42,36.50482,43.113556
6020,1.1846154,2.27011,0.6000004,0.03948718,21,42,36.50482,43.435896
6022,1.1854212,2.3724542,0.6000004,0.038681316,21,42,36.52896,43.355312
6023,1.1918681,2.3724542,0.6000004,0.037069596,21,42,36.52896,43.435896
6024,1.1918681,2.3184614,0.6000004,0.036263736,21,42,36.52896,43.355312
6026,1.1918681,2.3724542,0.6000004,0.036263736,21,42,36.52896,43.355312
6027,1.1870329,2.3184614,0.6000004,0.035457876,21,42,36.52896,43.355312
6028,1.1789744,2.2983148,0.6000004,0.035457876,21,42,36.625456,43.516484
6029,1.1733333,2.3184614,0.6000004,0.035457876,21,42,36.649596,43.516484
6031,1.1572161,2.2983148,0.6000004,0.033040292,21,42,36.649596,43.516484
6032,1.134652,2.2539926,0.6000004,0.033040292,21,42,36.794372,43.516484
6033,1.134652,2.2983148,0.6000004,0.033040292,21,42,36.794372,42.710624
6035,1.134652,2.32652,0.6000004,0.033040292,21,42,36.336,42.549452
6036,1.134652,2.2539926,0.6000004,0.033040292,21,42,36.31186,42.549452
6037,1.1386813,2.32652,0.6000004,0.03384615,21,42,36.2395016,42.549452
6039,1.1386813,2.32652,0.6000004,0.03384615,21,42,36.2395016,42.549452
6040,1.1386813,2.3112088,0.6000004,0.035457876,21,42,36.215392,42.630036
6041,1.1459341,2.3112088,0.6000004,0.035457876,21,42,36.215392,43.032968
6042,1.1459341,2.3112088,0.6000004,0.036263736,21,42,36.215392,43.032968
6044,1.1459341,2.3112088,0.6000004,0.037069596,21,42,36.143068,43.999996
6045,1.152381,2.3208792,0.6000004,0.037069596,21,42,36.432464,43.113556
6046,1.1547985,2.3208792,0.6000004,0.037069596,21,42,36.432464,43.032968
6048,1.152381,2.3208792,0.6000004,0.037069596,21,42,36.28775,42.952384
6049,1.1547985,2.332967,0.6000004,0.036263736,21,42,36.28775,42.952384
6050,1.1547985,2.332967,0.6000004,0.036263736,21,42,36.31186,42.871796
6051,1.151575,2.2886448,0.6000004,0.035457876,21,42,36.31186,42.871796
6053,1.151575,2.332967,0.6000004,0.034652012,21,42,36.5531,42.871796
6054,1.1709157,2.4127474,0.6000004,0.03384615,21,42,36.5531,42.871796
6055,1.1531868,2.2886448,0.6000004,0.034652012,21,42,36.697844,42.871796
6057,1.1709157,2.4127474,0.6000004,0.035457876,21,42,36.697844,43.355312
6058,1.1733333,2.4127474,0.6000004,0.038681316,21,42,36.697844,43.355312
6059,1.1813918,2.4127474,0.6000004,0.038681316,21,42,36.746124,43.355312
6060,1.1886446,2.495751,0.6000004,0.038681316,21,42,36.818512,43.435896
6062,1.1886446,2.495751,0.6000004,0.037875456,21,42,36.818512,43.435896
6063,1.1813918,2.3877654,0.6000004,0.034652012,21,42,36.818512,43.435896
6064,1.1813918,2.495751,0.6000004,0.034652012,21,42,36.818512,43.113556
6066,1.1886446,2.3877654,0.6000004,0.034652012,21,42,37.30133,43.113556
6067,1.1886446,2.3877654,0.6000004,0.034652012,21,42,37.32547,43.113556
6068,1.1918681,2.4635164,0.6000004,0.034652012,21,42,37.37378,43.113556
6069,1.1918681,2.4635164,0.6000004,0.035457876,21,42,37.32547,43.032968
6071,1.1918681,2.4635164,0.6000004,0.035457876,21,42,37.32547,43.032968
6072,1.1781685,2.4635164,0.6000004,0.036263736,21,42,37.059876,42.791208
6073,1.1781685,2.4554576,0.6000004,0.036263736,21,42,37.059876,42.791208
6075,1.1676922,2.4554576,0.6000004,0.036263736,21,42,36.84262,42.710624
6076,1.1676922,2.4554576,0.6000004,0.036263736,21,42,36.84262,42.791208
6077,1.158022,2.4095238,0.6000004,0.036263736,21,42,37.059876,42.791208
6079,1.1620513,2.4095238,0.6000004,0.036263736,21,42,36.84262,42.710624
6080,1.1620513,2.4095238,0.6000004,0.036263736,21,42,37.108156,42.710624
6081,1.169304,2.4095238,0.6000004,0.036263736,21,42,37.108156,43.032968
6082,1.1620513,2.4095238,0.6000004,0.037875456,21,42,36.91504,42.791208
6084,1.169304,2.4602928,0.6000004,0.037875456,21,42,36.91504,42.952384
6085,1.1870329,2.4602928,0.6000004,0.037875456,21,42,36.963316,43.032968
6086,1.169304,2.4602928,0.6000004,0.038681316,21,42,36.91504,43.032968
6088,1.1789744,2.2854212,0.6000004,0.037875456,21,42,36.91504,42.952384
6089,1.192674,2.4602928,0.6000004,0.037875456,21,42,36.963316,43.113556
6090,1.192674,2.5320146,0.6000004,0.038681316,21,42,36.963316,43.274728
6091,1.1789744,2.2854212,0.6000004,0.038681316,21,42,36.794372,43.355312
6093,1.192674,2.407912,0.6000004,0.038681316,21,42,37.035736,43.274728
6094,1.192674,2.5320146,0.6000004,0.038681316,21,42,37.035736,43.274728
6095,1.1741393,2.407912,0.6000004,0.038681316,21,42,36.50482,43.113556
6097,1.1733333,2.3378022,0.6000004,0.038681316,21,42,36.50482,42.952384
6098,1.1709157,2.407912,0.6000004,0.037875456,21,42,36.5531,42.952384
6099,1.1709157,2.4272528,0.6000004,0.036263736,21,42,36.5531,42.952384
6100,1.1741393,2.3378022,0.6000004,0.037875456,21,42,36.57721,43.113556
6102,1.1830037,2.4272528,0.6000004,0.03948718,21,42,37.180604,43.274728
6103,1.1830037,2.5046152,0.6000004,0.03948718,21,42,37.32547,43.274728
6104,1.1830037,2.4272528,0.6000004,0.04029304,21,42,37.32547,43.274728
6106,1.1773626,2.3321612,0.6000004,0.04029304,21,42,37.32547,43.355312
6107,1.1773626,2.5046152,0.6000004,0.04029304,21,42,37.32547,43.435896
6108,1.1773626,2.4336996,0.6000004,0.03948718,21,42,37.446228,43.435896
6109,1.1773626,2.3321612,0.6000004,0.04029304,21,43,37.494568,43.516484
6111,1.1854212,2.4336996,0.6000004,0.04029304,21,43,37.542908,43.516484
6112,1.1854212,2.4336996,0.6000004,0.03948718,21,43,37.494568,43.516484
6113,1.1854212,2.3184614,0.6000004,0.03948718,21,43,37.446228,43.516484
6115,1.1789744,2.3184614,0.6000004,0.03948718,21,43,37.494568,43.516484
6116,1.1789744,2.4852748,0.6000004,0.038681316,21,43,37.615388,43.677656
6117,1.1781685,2.3184614,0.6000004,0.038681316,21,43,37.712036,43.677656
6118,1.1773626,2.4852748,0.6000004,0.036263736,21,43,37.784544,43.677656
6120,1.1773626,2.5312088,0.6000004,0.035457876,21,43,37.784544,43.677656
6121,1.1821978,2.4852748,0.6000004,0.035457876,21,43,37.784544,43.677656
6122,1.1854212,2.3305492,0.6000004,0.036263736,21,43,37.784544,43.758244
6124,1.1854212,2.5312088,0.6000004,0.036263736,20,43,38.026368,43.435896
6125,1.1902565,2.4433698,0.6000004,0.033040292,20,43,38.17151,43.758244
6126,1.1910622,2.3305492,0.6000004,0.033040292,20,43,38.24411,44.080584
6127,1.1910622,2.4433698,0.6000004,0.035457876,20,43,38.21991,44.241756
6129,1.1902565,2.473187,0.6000004,0.035457876,20,43,38.24411,44.241756
6130,1.1902565,2.4433698,0.6000004,0.035457876,21,43,38.31671,44.241756
6131,1.1797801,2.473187,0.6000004,0.035457876,21,43,38.24411,44.241756
6133,1.1797801,2.473187,0.6000004,0.037069596,21,43,38.21991,44.241756
6134,1.1797801,2.3418314,0.6000004,0.037069596,20,43,38.19571,44.161176
6135,1.1821978,2.3418314,0.6000004,0.037069596,20,43,37.808748,44.5641068
6137,1.1821978,2.4175824,0.6000004,0.037069596,21,43,37.712036,44.5641068
6138,1.1821978,2.3232966,0.6000004,0.038681316,20,43,37.180604,44.161176
6139,1.1821978,2.4175824,0.6000004,0.038681316,21,43,37.084016,43.838824
6140,1.1789744,2.4820514,0.6000004,0.038681316,21,43,36.987456,43.59707
6142,1.1604396,2.4175824,0.6000004,0.0410989,21,43,36.91504,43.59707
6143,1.1588278,2.4820514,0.6000004,0.0410989,21,43,36.91504,43.516484
6144,1.1789744,2.4820514,0.6000004,0.038681316,21,43,36.91504,43.516484
6146,1.1717216,2.4820514,0.6000004,0.038681316,21,43,36.91504,43.59707
6147,1.1588278,2.3579488,0.6000004,0.038681316,20,43,36.91504,43.59707
6148,1.1717216,2.4804394,0.6000004,0.038681316,21,43,36.86676,44.080584
6149,1.1717216,2.3579488,0.6000004,0.038681316,21,43,36.91504,44.080584
6151,1.1717216,2.3579488,0.6000004,0.038681316,21,43,36.91504,44.080584
6152,1.1652746,2.4804394,0.6000004,0.038681316,21,43,36.86676,44.322344
6153,1.1652746,2.4804394,0.6000004,0.038681316,21,43,36.770232,44.322344
6155,1.1652746,2.3756776,0.6000004,0.04190476,21,43,36.91504,43.999996
6156,1.1805861,2.4804394,0.6000004,0.046739924,21,43,36.794372,43.999996
6157,1.1717216,2.3756776,0.6000004,0.055604396,21,43,36.770232,43.677656
6158,1.1805861,2.3458608,0.6000004,0.056410256,21,43,36.794372,43.677656
6160,1.1830037,2.3756776,0.6000004,0.0596337,21,43,37.25305,43.999996
6161,1.1830037,2.4296704,0.6000004,0.06527472,21,43,37.108156,43.838824
6162,1.1830037,2.3458608,0.6000004,0.066080584,21,43,37.108156,43.838824
6164,1.1830037,2.4296704,0.6000004,0.07010989,21,43,37.108156,43.838824
6165,1.1765568,2.482857,0.6000004,0.07655678,21,43,36.93918,43.59707
6166,1.1765568,2.4296704,0.6000004,0.077362632,21,43,36.93918,43.59707
6167,1.1668864,2.482857,0.6000004,0.077362632,21,43,36.84262,43.59707
6169,1.1733333,2.482857,0.6000004,0.08139194,21,43,36.818512,43.677656
6170,1.1733333,2.4538462,0.6000004,0.08139194,21,43,36.818512,43.677656
6171,1.174945,2.3434432,0.6000004,0.08139194,21,43,36.818512,43.677656
6173,1.1733333,2.4538462,0.6000004,0.08139194,21,43,36.818512,43.677656
6174,1.1733333,2.3523078,0.6000004,0.07978021,21,43,36.8909,43.677656
6175,1.1676922,2.3434432,0.6000004,0.0781685,21,43,36.963316,43.677656
6176,1.1572161,2.3523078,0.6000004,0.077362632,21,43,36.963316,43.677656
6178,1.1556044,2.4554576,0.6000004,0.074945052,21,43,36.8909,43.677656
6179,1.1491574,2.3523078,0.6000004,0.074945052,21,43,36.86676,43.355312
6180,1.1491574,2.4554576,0.6000004,0.074945052,21,43,36.86676,43.355312
6182,1.1491574,2.4820514,0.6000004,0.074945052,21,43,36.86676,43.355312
6183,1.152381,2.4554576,0.6000004,0.0781685,21,43,36.86676,43.999996
6184,1.152381,2.2918682,0.6000004,0.07897436,21,43,36.86676,43.999996
6186,1.1604396,2.4820514,0.6000004,0.08058608,21,43,37.39795,44.322344
6187,1.152381,2.2918682,0.6000004,0.08783882,21,43,37.132292,44.241756
6188,1.1507692,2.2435164,0.6000004,0.09347985,21,43,37.011568,44.241756
6189,1.1507692,2.2918682,0.6000004,0.09347985,21,43,37.011568,44.241756
6191,1.1475457,2.4627106,0.6000004,0.095091576,21,43,37.132292,44.241756
6192,1.1443224,2.2435164,0.6000004,0.10234433,21,43,37.132292,43.838824
6193,1.1443224,2.4627106,0.6000004,0.10315018,20,43,37.42209,43.838824
6195,1.158022,2.4997802,0.6000004,0.10395604,21,43,37.567048,43.919416
6196,1.1684982,2.4627106,0.6000004,0.10395604,21,43,37.832916,43.919416
6197,1.1684982,2.4997802,0.6000004,0.112014636,21,43,37.832916,43.919416
6198,1.1684982,2.5046152,0.6000004,0.11282051,20,43,38.14731,43.919416
6200,1.1805861,2.5046152,0.6000004,0.1232967,20,43,38.14731,43.919416
6201,1.1628572,2.4103296,0.6000004,0.12974359,20,43,38.21991,43.838824
6202,1.1572161,2.5046152,0.6000004,0.12974359,20,43,38.21991,43.838824
6204,1.1572161,2.4103296,0.6000004,0.13296704,21,43,38.21991,43.999996
6205,1.1805861,2.4103296,0.6000004,0.13941391,20,43,38.21991,44.080584
6206,1.1684982,2.424029,0.6000004,0.14021978,21,43,38.21991,44.080584
6207,1.1870329,2.424029,0.6000004,0.1458608,21,43,38.050536,44.161176
6209,1.1878388,2.424029,0.6000004,0.1458608,21,43,38.050536,44.161176
6210,1.1870329,2.4594872,0.6000004,0.1418315,21,43,38.050536,44.080584
6211,1.1870329,2.424029,0.6000004,0.1458608,21,43,37.808748,43.919416
6213,1.1870329,2.3450548,0.6000004,0.1458608,21,43,38.050536,44.080584
6214,1.1846154,2.4594872,0.6000004,0.1458608,21,43,38.050536,44.080584
6215,1.1846154,2.4071062,0.6000004,0.15069596,21,43,37.808748,43.919416
6216,1.1878388,2.3450548,0.6000004,0.15553112,21,43,38.050536,44.080584
6218,1.1846154,2.4071062,0.6000004,0.15553112,21,43,38.17151,44.483516
6219,1.1797801,2.5279854,0.6000004,0.15553112,21,43,38.17151,44.483516
6220,1.169304,2.4071062,0.6000004,0.15553112,21,43,38.074736,43.758244
6222,1.169304,2.380513,0.6000004,0.15553112,21,43,38.074736,43.758244
6223,1.169304,2.5279854,0.6000004,0.15553112,21,43,38.050536,43.758244
6224,1.1781685,2.380513,0.6000004,0.15553112,21,43,37.808748,43.758244
6226,1.1781685,2.2991206,0.6000004,0.15553112,21,43,37.808748,43.758244
6227,1.1854212,2.380513,0.6000004,0.156337,21,43,37.808748,43.758244
6228,1.1781685,2.4054944,0.6000004,0.156337,21,43,37.808748,43.838824
6229,1.1878388,2.2991206,0.6000004,0.15875457,21,43,37.808748,44.322344
6231,1.1838094,2.4054944,0.6000004,0.15956042,21,43,38.17151,44.644688
6232,1.1838094,2.4707692,0.6000004,0.156337,20,43,38.17151,44.80586
6233,1.1838094,2.4054944,0.6000004,0.15956042,20,43,38.413512,44.80586
6235,1.1854212,2.4707692,0.6000004,0.16278388,20,43,38.026368,44.80586
6236,1.1838094,2.482857,0.6000004,0.15956042,20,43,38.026368,44.5641068
6237,1.1733333,2.4707692,0.6000004,0.16278388,20,43,37.832916,43.919416
6238,1.1733333,2.482857,0.6000004,0.16358973,21,43,37.832916,43.919416
6240,1.1733333,2.5102566,0.6000004,0.16600732,20,43,37.808748,43.919416
6241,1.1733333,2.482857,0.6000004,0.16600732,21,43,37.808748,43.919416
6242,1.1741393,2.5102566,0.6000004,0.16600732,20,43,37.832916,43.919416
6244,1.1741393,2.5102566,0.6000004,0.16600732,20,43,37.760376,43.999996
6245,1.1773626,2.4973626,0.6000004,0.15794872,20,43,37.760376,43.838824
6246,1.1741393,2.3289378,0.6000004,0.15794872,20,43,37.857088,43.999996
6247,1.1741393,2.4973626,0.6000004,0.15794872,20,43,37.832916,43.838824
6249,1.1676922,2.3289378,0.6000004,0.15794872,20,43,37.832916,43.838824
6250,1.1773626,2.3289378,0.6000004,0.17164834,20,43,38.074736,43.838824
6251,1.1942858,2.3289378,0.6000004,0.17164834,20,43,38.437744,43.999996
6253,1.198315,2.408718,0.6000004,0.17164834,20,43,38.26828,43.919416
6254,1.198315,2.408718,0.6000004,0.17164834,20,43,38.34091,43.919416
6255,1.198315,2.408718,0.6000004,0.15794872,20,43,38.34091,44.080584
6256,1.1741393,2.338608,0.6000004,0.15794872,20,43,38.26828,44.080584
6258,1.1741393,2.408718,0.6000004,0.17164834,20,43,38.26828,44.080584
6259,1.1741393,2.338608,0.6000004,0.18131868,20,43,38.26828,44.483516
6260,1.1773626,2.338608,0.6000004,0.18454214,20,43,38.26828,44.483516
6262,1.1854212,2.5070328,0.6000004,0.18454214,20,43,38.58304,44.725276
6263,1.1942858,2.5070328,0.6000004,0.18454214,20,43,38.60727,44.5641068
6264,1.1854212,2.3901832,0.6000004,0.17970694,20,43,38.58304,44.5641068
6265,1.1773626,2.5070328,0.6000004,0.17326008,20,43,38.58304,44.483516
6267,1.1846154,2.3901832,0.6000004,0.17084248,20,43,38.21991,44.5641068
6268,1.1830037,2.3901832,0.6000004,0.16761904,20,43,38.21991,44.5641068
6269,1.1781685,2.4997802,0.6000004,0.16761904,20,43,38.074736,44.402928
6271,1.1830037,2.4997802,0.6000004,0.1378022,20,43,38.21991,44.402928
6272,1.1830037,2.407912,0.6000004,0.16761904,20,43,38.21991,44.161176
6273,1.1781685,2.4997802,0.6000004,0.16761904,20,43,38.098908,44.161176
6274,1.169304,2.407912,0.6000004,0.14747252,20,43,38.074736,44.080584
6276,1.169304,2.333773,0.6000004,0.14747252,20,43,38.074736,44.161176
6277,1.1676922,2.407912,0.6000004,0.17164834,20,43,37.929628,44.161176
6278,1.169304,2.333773,0.6000004,0.17487178,20,43,37.929628,44.241756
6280,1.1733333,2.333773,0.6000004,0.17487178,20,43,37.857088,44.241756
6281,1.1733333,2.380513,0.6000004,0.17728938,21,43,37.832916,44.80586
6282,1.1733333,2.380513,0.6000004,0.1869597,21,43,37.857088,44.80586
6284,1.1838094,2.3321612,0.6000004,0.1950183,21,43,37.929628,44.80586
6285,1.1733333,2.380513,0.6000004,0.1950183,20,43,37.929628,44.644688
6286,1.1838094,2.4345054,0.6000004,0.1950183,20,43,37.929628,44.644688
6287,1.1838094,2.3321612,0.6000004,0.1974359,20,43,37.929628,44.161176
6289,1.1668864,2.4345054,0.6000004,0.19824176,20,43,37.905456,44.161176
6290,1.1628572,2.4538462,0.6000004,0.1869597,20,43,37.808748,44.161176
6291,1.1668864,2.4345054,0.6000004,0.19985346,20,43,37.712036,44.241756
6293,1.1668864,2.4538462,0.6000004,0.2014652,20,43,37.712036,44.241756
6294,1.1668864,2.500586,0.6000004,0.2014652,20,43,37.567048,44.241756
6295,1.1741393,2.4538462,0.6000004,0.2014652,20,43,37.567048,44.241756
6296,1.1846154,2.500586,0.6000004,0.20227106,20,43,37.542908,44.161176
6298,1.1741393,2.500586,0.6000004,0.2014652,20,43,37.542908,44.161176
6299,1.169304,2.4852748,0.6000004,0.203882768,20,43,37.542908,44.080584
6300,1.169304,2.4852748,0.6000004,0.203882768,20,43,37.663696,43.758244
6302,1.169304,2.4852748,0.6000004,0.2014652,20,43,37.7362036,43.758244
6303,1.169304,2.4756044,0.6000004,0.17970694,20,43,37.7362036,43.758244
6304,1.169304,2.4756044,0.6000004,0.17970694,20,43,37.7362036,43.758244
6305,1.1781685,2.528791,0.6000004,0.17970694,20,43,37.905456,43.919416
6307,1.1821978,2.4756044,0.6000004,0.185347984,20,43,37.39795,44.644688
6308,1.1821978,2.3458608,0.6000004,0.185347984,20,43,37.39795,44.644688
6309,1.1805861,2.528791,0.6000004,0.18776556,20,43,37.39795,45.04762
6311,1.1781685,2.3458608,0.6000004,0.18776556,20,43,37.39795,45.04762
6312,1.1765568,2.3458608,0.6000004,0.18776556,20,43,37.39795,45.04762
6313,1.1644689,2.3466666,0.6000004,0.18857144,20,43,37.446228,43.999996
6314,1.1644689,2.3466666,0.6000004,0.18857144,20,43,37.567048,43.999996
6316,1.1765568,2.3466666,0.6000004,0.18776556,20,43,37.567048,43.999996
6317,1.1644689,2.536044,0.6000004,0.18857144,21,43,37.687896,43.999996
6318,1.1660806,2.536044,0.6000004,0.18857144,21,43,37.7362036,43.999996
6320,1.1862271,2.3321612,0.6000004,0.200659344,21,43,38.026368,44.241756
6321,1.1862271,2.536044,0.6000004,0.200659344,20,43,38.074736,44.241756
6322,1.1709157,2.3321612,0.6000004,0.200659344,20,43,38.098908,44.080584
6324,1.1789744,2.3321612,0.6000004,0.20630036,21,43,38.098908,44.080584
6325,1.192674,2.3547252,0.6000004,0.19663004,21,43,38.17151,44.241756
6326,1.1813918,2.4393406,0.6000004,0.19179486,20,43,38.17151,44.080584
6327,1.1813918,2.3547252,0.6000004,0.19179486,20,43,37.663696,44.080584
6329,1.1813918,2.4393406,0.6000004,0.19663004,20,43,37.591216,44.080584
6330,1.1813918,2.4393406,0.6000004,0.19663004,20,43,37.663696,44.080584
6331,1.1781685,2.3611722,0.6000004,0.19179486,20,43,37.663696,43.838824
6333,1.174945,2.3611722,0.6000004,0.178901084,20,43,37.687896,43.838824
6334,1.1475457,2.3611722,0.6000004,0.1418315,20,43,37.687896,43.838824
6335,1.1475457,2.3611722,0.6000004,0.13941391,20,43,37.687896,43.838824
6336,1.140293,2.3845422,0.6000004,0.13860806,20,43,37.687896,43.838824
6338,1.1394872,2.3845422,0.6000004,0.13619048,20,43,37.687896,43.999996
6339,1.1394872,2.3845422,0.6000004,0.13619048,21,43,37.687896,43.919416
6340,1.1491574,2.4780218,0.6000004,0.13860806,20,43,38.26828,43.919416
6342,1.1636629,2.4780218,0.6000004,0.13860806,20,43,38.26828,44.322344
6343,1.1668864,2.4780218,0.6000004,0.13860806,20,43,38.26828,44.322344
6344,1.1668864,2.4780218,0.6000004,0.14908426,20,43,38.17151,44.5641068
6345,1.1636629,2.464322,0.6000004,0.14989011,20,43,37.905456,44.5641068
6347,1.1572161,2.464322,0.6000004,0.15230769,20,43,37.905456,44.322344
6348,1.1475457,2.4691574,0.6000004,0.15230769,20,43,37.905456,43.838824
6349,1.1475457,2.464322,0.6000004,0.15230769,20,43,37.905456,43.838824
6351,1.1572161,2.4691574,0.6000004,0.15391942,20,43,38.29251,43.838824
6352,1.1741393,2.4691574,0.6000004,0.15391942,20,43,38.34091,44.161176
6353,1.1773626,2.361978,0.6000004,0.15391942,20,43,38.34091,44.161176
6354,1.1773626,2.361978,0.6000004,0.15553112,20,43,38.365112,44.161176
6356,1.1773626,2.361978,0.6000004,0.1603663,20,43,38.365112,44.5641068
6357,1.174945,2.338608,0.6000004,0.16761904,20,43,38.365112,44.5641068
6358,1.174945,2.361978,0.6000004,0.172454216,20,43,38.29251,44.161176
6360,1.1725274,2.338608,0.6000004,0.18776556,20,43,38.17151,43.838824
6361,1.1725274,2.338608,0.6000004,0.19824176,20,43,38.17151,43.838824
6362,1.1668864,2.3845422,0.6000004,0.19824176,20,43,38.29251,43.838824
6364,1.1636629,2.3845422,0.6000004,0.2014652,20,43,38.31671,43.919416
6365,1.1725274,2.3410256,0.6000004,0.2014652,20,43,38.534608,44.080584
6366,1.1636629,2.3845422,0.6000004,0.19824176,20,43,38.58304,44.080584
6367,1.1636629,2.3668132,0.6000004,0.19824176,20,43,38.534608,43.919416
6369,1.1644689,2.3410256,0.6000004,0.20630036,20,43,38.31671,43.919416
6370,1.1644689,2.3668132,0.6000004,0.19824176,20,43,38.074736,43.758244
6371,1.1644689,2.3668132,0.6000004,0.19824176,20,43,38.026368,43.758244
6373,1.1652746,2.3668132,0.6000004,0.19260074,20,43,38.026368,43.838824
6374,1.1652746,2.3724542,0.6000004,0.17970694,20,43,38.026368,43.999996
6375,1.1773626,2.3724542,0.6000004,0.16923078,20,43,38.026368,44.483516
6376,1.1967033,2.339414,0.6000004,0.16923078,20,43,38.21991,44.483516
6378,1.1967033,2.3724542,0.6000004,0.15150182,20,43,38.21991,44.483516
6379,1.198315,2.4562636,0.6000004,0.15150182,20,43,38.413512,44.644688
6380,1.198315,2.339414,0.6000004,0.172454216,20,43,38.413512,44.644688
6382,1.198315,2.4562636,0.6000004,0.17970694,20,43,38.21991,44.644688
6383,1.1757508,2.5142858,0.6000004,0.18857144,20,43,38.002196,44.644688
6384,1.1846154,2.4562636,0.6000004,0.2014652,20,43,38.389312,44.644688
6385,1.1846154,2.425641,0.6000004,0.2014652,20,43,38.389312,44.886448
6387,1.1668864,2.5142858,0.6000004,0.20710622,20,43,37.929628,44.483516
6388,1.1668864,2.425641,0.6000004,0.2014652,20,43,37.929628,44.483516
6389,1.1668864,2.425641,0.6000004,0.2014652,20,43,38.074736,44.483516
6391,1.1668864,2.5054214,0.6000004,0.20710622,20,43,37.977996,44.967036
6392,1.1668864,2.5054214,0.6000004,0.21113552,20,43,37.881288,45.45055
6393,1.1838094,2.5054214,0.6000004,0.21113552,20,43,37.977996,45.45055
6394,1.1838094,2.5102566,0.6000004,0.21516482,20,43,37.977996,45.45055
6396,1.1838094,2.5054214,0.6000004,0.21516482,20,43,37.977996,45.45055
6397,1.1838094,2.4965566,0.6000004,0.21516482,20,43,38.026368,44.5641068
6398,1.1773626,2.5102566,0.6000004,0.21838828,20,43,38.026368,44.241756
6400,1.1773626,2.4965566,0.6000004,0.21838828,20,43,38.026368,44.241756
6401,1.1870329,2.4417582,0.6000004,0.21838828,20,43,38.050536,44.241756
6402,1.1870329,2.4965566,0.6000004,0.21838828,20,43,38.19571,44.80586
6403,1.1781685,2.4417582,0.6000004,0.21838828,20,43,38.19571,44.886448
6405,1.1870329,2.4248352,0.6000004,0.21355312,20,43,38.19571,44.886448
6406,1.1821978,2.4417582,0.6000004,0.20871796,20,43,37.881288,44.80586
6407,1.1781685,2.4248352,0.6000004,0.21597068,20,43,37.639556,44.80586
6409,1.169304,2.4248352,0.6000004,0.21597068,20,43,37.639556,44.322344
6410,1.169304,2.500586,0.6000004,0.203882768,20,43,37.857088,44.161176
6411,1.169304,2.500586,0.6000004,0.21113552,20,43,37.857088,44.322344
6412,1.169304,2.500586,0.6000004,0.21597068,20,43,37.857088,44.967036
6414,1.169304,2.5384614,0.6000004,0.22402929,20,43,37.905456,44.402928
6415,1.174945,2.500586,0.6000004,0.22322344,20,43,37.905456,44.402928
6416,1.174945,2.4530404,0.6000004,0.22402929,20,43,38.002196,44.402928
6418,1.1596336,2.5263736,0.6000004,0.22564102,20,43,37.929628,44.322344
6419,1.1596336,2.5263736,0.6000004,0.23047618,20,43,37.929628,44.322344
6420,1.1604396,2.4691574,0.6000004,0.22564102,20,43,37.905456,44.322344
6422,1.1604396,2.4691574,0.6000004,0.23047618,20,43,37.7362036,44.241756
6423,1.1604396,2.5263736,0.6000004,0.23047618,20,43,37.7362036,44.241756
6424,1.1652746,2.4699632,0.6000004,0.23047618,20,43,37.7362036,44.241756
6425,1.1652746,2.4699632,0.6000004,0.224835168,20,43,37.7362036,44.161176
6427,1.1725274,2.495751,0.6000004,0.22725274,20,43,37.7362036,44.161176
6428,1.1725274,2.495751,0.6000004,0.22725274,20,43,37.7362036,44.161176
6429,1.1741393,2.495751,0.6000004,0.22725274,20,43,37.7362036,44.161176
6431,1.1870329,2.495751,0.6000004,0.23369964,20,43,37.784544,44.080584
6432,1.1870329,2.4836628,0.6000004,0.240952384,20,43,37.784544,44.080584
6433,1.1870329,2.4836628,0.6000004,0.240952384,20,43,37.784544,44.161176
6434,1.1862271,2.4836628,0.6000004,0.240952384,20,43,37.784544,44.161176
6436,1.1862271,2.473187,0.6000004,0.23692308,20,43,37.905456,44.161176
6437,1.1838094,2.473187,0.6000004,0.21677656,20,43,38.074736,44.402928
6438,1.1862271,2.4844688,0.6000004,0.21677656,20,43,38.31671,44.402928
6440,1.1934798,2.473187,0.6000004,0.21677656,20,43,38.34091,44.402928
6441,1.1934798,2.4844688,0.6000004,0.21677656,20,43,38.365112,44.5641068
6442,1.1878388,2.4844688,0.6000004,0.21758242,20,43,38.413512,44.402928
6443,1.1878388,2.4530404,0.6000004,0.22322344,20,43,38.413512,44.402928
6445,1.1878388,2.4530404,0.6000004,0.23611722,20,43,38.413512,44.402928
6446,1.1821978,2.4530404,0.6000004,0.23692308,20,43,38.461944,44.402928
6447,1.1805861,2.3676188,0.6000004,0.2385348,20,43,38.461944,44.402928
6449,1.1789744,2.3676188,0.6000004,0.240952384,20,43,38.486176,44.402928
6450,1.1805861,2.3676188,0.6000004,0.240952384,20,43,38.87381,44.402928
6451,1.1805861,2.3345788,0.6000004,0.240952384,20,43,38.87381,44.5641068
6453,1.1596336,2.3676188,0.6000004,0.2425641,20,43,38.87381,44.402928
6454,1.158022,2.3345788,0.6000004,0.243369952,20,43,38.87381,44.161176
6455,1.1684982,2.3345788,0.6000004,0.243369952,20,43,38.65573,44.161176
6456,1.1620513,2.3378022,0.6000004,0.243369952,20,43,38.65573,44.161176
6458,1.1620513,2.3378022,0.6000004,0.232087908,20,43,38.6315,44.161176
6459,1.1684982,2.3369964,0.6000004,0.232087908,20,43,38.65573,44.241756
6460,1.1684982,2.3378022,0.6000004,0.22886448,20,43,38.65573,44.241756
6462,1.1668864,2.3369964,0.6000004,0.22564102,20,43,38.65573,44.241756
6463,1.1709157,2.3369964,0.6000004,0.22322344,20,43,38.65573,44.241756
6464,1.1717216,2.5247616,0.6000004,0.224835168,20,43,38.679964,44.241756
6465,1.1805861,2.5247616,0.6000004,0.22322344,20,43,39.04358,44.402928
6467,1.1894505,2.5247616,0.6000004,0.22322344,20,43,39.140596,44.5641068
6468,1.1942858,2.5271794,0.6000004,0.224835168,20,43,39.189148,44.725276
6469,1.1942858,2.5247616,0.6000004,0.240952384,20,43,39.189148,44.725276
6471,1.1805861,2.5271794,0.6000004,0.240952384,20,43,39.140596,44.725276
6472,1.1668864,2.5271794,0.6000004,0.2425641,20,43,39.140596,44.644688
6473,1.1668864,2.4288644,0.6000004,0.2425641,20,43,39.189148,44.644688
6474,1.1668864,2.4288644,0.6000004,0.240952384,20,43,39.456176,44.483516
6476,1.1765568,2.5223444,0.6000004,0.240952384,20,43,39.189148,44.483516
6477,1.1838094,2.4288644,0.6000004,0.244981692,20,43,39.189148,44.644688
6478,1.1902565,2.5223444,0.6000004,0.23772894,20,43,39.286192,44.644688
6480,1.1886446,2.5223444,0.6000004,0.23772894,20,43,39.189148,44.644688
6481,1.1838094,2.51348,0.6000004,0.23772894,20,43,39.116332,44.644688
6482,1.1838094,2.51348,0.6000004,0.22644688,20,43,38.995056,44.644688
6483,1.1596336,2.51348,0.6000004,0.22644688,20,43,38.922332,44.5641068
6485,1.1596336,2.4393406,0.6000004,0.22644688,20,43,38.922332,44.5641068
6486,1.1596336,2.436923,0.6000004,0.23128204,20,43,38.7768868,44.483516
6487,1.1773626,2.4393406,0.6000004,0.24820512,20,43,38.7768868,44.644688
6489,1.1789744,2.436923,0.6000004,0.24820512,20,43,38.7768868,44.483516
6490,1.1789744,2.3458608,0.6000004,0.24820512,20,43,38.752656,44.483516
6491,1.1773626,2.436923,0.6000004,0.20710622,20,44,38.60727,44.402928
6492,1.1709157,2.3458608,0.6000004,0.20710622,20,44,38.31671,44.080584
6494,1.1676922,2.3297436,0.6000004,0.1869597,20,43,38.31671,44.080584
6495,1.1668864,2.3458608,0.6000004,0.1869597,20,43,38.31671,44.080584
6496,1.1668864,2.473187,0.6000004,0.16681318,20,43,38.34091,44.483516
6498,1.151575,2.3297436,0.6000004,0.16278388,20,43,38.389312,44.483516
6499,1.151575,2.473187,0.6000004,0.16278388,20,44,38.84958,44.80586
6500,1.151575,2.473187,0.6000004,0.16278388,20,44,38.389312,44.80586
6502,1.1491574,2.3104028,0.6000004,0.16681318,20,44,38.389312,44.483516
6503,1.1491574,2.3104028,0.6000004,0.16681318,20,44,38.534608,44.80586
6504,1.1491574,2.5086446,0.6000004,0.16681318,20,44,38.65573,44.80586
6505,1.1491574,2.3104028,0.6000004,0.1684249,20,44,38.65573,44.5641068
6507,1.1556044,2.361978,0.6000004,0.17487178,20,44,38.704164,44.5641068
6508,1.1676922,2.5086446,0.6000004,0.17487178,20,44,39.140596,44.644688
6509,1.1684982,2.361978,0.6000004,0.17487178,20,44,38.922332,44.644688
6511,1.1676922,2.3087912,0.6000004,0.17487178,20,44,38.922332,44.644688
6512,1.1676922,2.361978,0.6000004,0.178901084,20,44,38.922332,44.967036
6513,1.1604396,2.437729,0.6000004,0.178901084,20,44,38.65573,44.967036
6514,1.1604396,2.3087912,0.6000004,0.183736252,20,44,38.534608,44.644688
6516,1.1604396,2.437729,0.6000004,0.183736252,20,44,38.534608,44.322344
6517,1.1604396,2.4602928,0.6000004,0.18615384,20,44,38.534608,44.322344
6518,1.169304,2.437729,0.6000004,0.18615384,20,44,38.65573,44.322344
6520,1.169304,2.4602928,0.6000004,0.183736252,20,44,38.65573,44.322344
6521,1.1668864,2.4602928,0.6000004,0.17326008,20,44,38.65573,44.402928
6522,1.1556044,2.3603664,0.6000004,0.190989,20,44,38.60727,44.483516
6523,1.1668864,2.3603664,0.6000004,0.190989,20,44,38.58304,44.483516
6525,1.1668864,2.3668132,0.6000004,0.190989,20,44,38.58304,44.483516
6526,1.1684982,2.3289378,0.6000004,0.19260074,20,44,38.60727,44.483516
6527,1.1684982,2.3668132,0.6000004,0.1974359,20,44,38.486176,44.483516
6529,1.1684982,2.407912,0.6000004,0.21516482,20,44,38.58304,44.483516
6530,1.192674,2.3668132,0.6000004,0.21516482,20,44,38.65573,44.483516
6531,1.1942858,2.407912,0.6000004,0.21516482,20,44,38.65573,44.483516
6532,1.1813918,2.5126738,0.6000004,0.20227106,20,44,38.65573,44.725276
6534,1.1813918,2.407912,0.6000004,0.20227106,20,44,38.89807,44.5641068
6535,1.1813918,2.5126738,0.6000004,0.20227106,20,44,38.995056,44.5641068
6536,1.1813918,2.5126738,0.6000004,0.203882768,20,44,39.04358,44.725276
6538,1.1813918,2.3660074,0.6000004,0.21677656,20,44,39.04358,44.725276
6539,1.1854212,2.3660074,0.6000004,0.21677656,20,44,39.04358,44.886448
6540,1.1854212,2.395824,0.6000004,0.209523816,20,44,39.04358,45.12821
6541,1.1854212,2.3660074,0.6000004,0.209523816,20,44,38.728392,45.12821
6543,1.1854212,2.395824,0.6000004,0.209523816,20,44,38.728392,44.886448
6544,1.1660806,2.494945,0.6000004,0.209523816,20,44,38.728392,44.80586
6545,1.1660806,2.395824,0.6000004,0.23531134,20,44,38.84958,44.80586
6547,1.1910622,2.3418314,0.6000004,0.23531134,20,44,38.970796,44.80586
6548,1.1910622,2.494945,0.6000004,0.23531134,20,44,38.970796,44.967036
6549,1.1870329,2.4933334,0.6000004,0.23531134,20,44,38.89807,44.967036
6551,1.1910622,2.3418314,0.6000004,0.234505484,20,44,38.89807,45.12821
6552,1.1910622,2.4933334,0.6000004,0.21677656,20,44,38.89807,45.12821
6553,1.1870329,2.529597,0.6000004,0.21516482,20,44,38.728392,44.967036
6554,1.1870329,2.4933334,0.6000004,0.21516482,20,43,38.510376,44.80586
6556,1.1910622,2.529597,0.6000004,0.21194138,20,44,38.510376,45.04762
6557,1.1870329,2.529597,0.6000004,0.21032966,20,43,38.60727,44.483516
6558,1.1821978,2.4739926,0.6000004,0.21032966,20,43,38.510376,44.161176
6560,1.1870329,2.4739926,0.6000004,0.21032966,20,44,38.534608,44.483516
6561,1.1902565,2.519121,0.6000004,0.23692308,20,43,38.60727,44.886448
6562,1.1870329,2.4739926,0.6000004,0.24014652,20,43,38.534608,44.080584
6563,1.1838094,2.519121,0.6000004,0.244981692,20,43,38.534608,44.322344
6565,1.1902565,2.519121,0.6000004,0.249011,20,43,38.60727,44.5641068
6566,1.1902565,2.487692,0.6000004,0.249011,20,43,38.801088,44.5641068
6567,1.1918681,2.385348,0.6000004,0.25626372,20,43,38.801088,44.5641068
6569,1.1958974,2.487692,0.6000004,0.25787548,20,43,38.801088,44.80586
6570,1.1958974,2.385348,0.6000004,0.26190478,20,43,38.922332,44.80586
6571,1.1958974,2.3192672,0.6000004,0.26190478,20,43,38.922332,44.80586
6572,1.1958974,2.385348,0.6000004,0.26190478,20,43,38.922332,44.80586
6574,1.1991209,2.3192672,0.6000004,0.2610989,20,43,38.84958,44.80586
6575,1.1830037,2.3192672,0.6000004,0.25626372,20,43,38.84958,44.402928
6576,1.1757508,2.489304,0.6000004,0.25626372,20,43,38.29251,44.322344
6578,1.1725274,2.489304,0.6000004,0.254652,20,43,38.29251,44.322344
6579,1.1757508,2.4159706,0.6000004,0.25787548,20,43,38.801088,44.967036
6580,1.1757508,2.489304,0.6000004,0.254652,20,43,38.389312,44.5641068
6581,1.1757508,2.4159706,0.6000004,0.25787548,20,43,38.389312,45.04762
6583,1.1684982,2.332967,0.6000004,0.2506227,20,43,38.558836,45.04762
6584,1.1684982,2.4159706,0.6000004,0.2506227,20,43,38.413512,44.5641068
6585,1.1676922,2.332967,0.6000004,0.2506227,20,43,38.389312,44.402928
6587,1.1676922,2.3305492,0.6000004,0.244981692,20,44,38.413512,44.402928
6588,1.1676922,2.3305492,0.6000004,0.244981692,20,44,38.558836,44.402928
6589,1.1709157,2.3305492,0.6000004,0.2506227,20,44,38.65573,44.402928
6591,1.1894505,2.3305492,0.6000004,0.25787548,20,44,38.679964,44.402928
6592,1.1894505,2.3305492,0.6000004,0.25787548,20,44,38.679964,44.483516
6593,1.1886446,2.3909888,0.6000004,0.26835164,20,44,38.679964,44.483516
6594,1.1894505,2.4909158,0.6000004,0.26835164,20,44,38.679964,44.886448
6596,1.1894505,2.4909158,0.6000004,0.26835164,20,44,38.825348,44.886448
6597,1.1886446,2.4909158,0.6000004,0.24820512,20,44,38.970796,44.886448
6598,1.1886446,2.4909158,0.6000004,0.24820512,20,44,39.06784,44.886448
6600,1.1886446,2.4836628,0.6000004,0.24820512,20,44,38.970796,44.483516
6601,1.1733333,2.4836628,0.6000004,0.2506227,20,44,38.84958,44.483516
6602,1.1733333,2.4836628,0.6000004,0.2506227,20,44,38.84958,44.483516
6603,1.174945,2.4836628,0.6000004,0.2506227,20,44,38.728392,44.80586
6605,1.174945,2.4836628,0.6000004,0.249011,20,44,38.728392,44.80586
6606,1.174945,2.5158972,0.6000004,0.24175824,20,44,38.437744,45.12821
6607,1.1773626,2.4836628,0.6000004,0.240952384,20,44,38.461944,45.12821
6609,1.1805861,2.395824,0.6000004,0.24175824,20,44,38.461944,44.80586
6610,1.1805861,2.5158972,0.6000004,0.24820512,20,44,38.34091,44.322344
6611,1.1805861,2.395824,0.6000004,0.24175824,20,44,38.34091,44.322344
6612,1.1805861,2.395824,0.6000004,0.243369952,20,44,38.34091,44.322344
6614,1.1854212,2.5054214,0.6000004,0.24820512,20,44,38.34091,44.644688
6615,1.1910622,2.5054214,0.6000004,0.24820512,20,44,38.34091,45.208792
6616,1.1918681,2.5054214,0.6000004,0.243369952,20,44,38.34091,45.208792
6618,1.1910622,2.5054214,0.6000004,0.243369952,20,44,38.19571,45.61172
6619,1.1910622,2.4981684,0.6000004,0.2570696,20,44,38.21991,45.12821
6620,1.1765568,2.4981684,0.6000004,0.249011,20,44,38.19571,45.12821
6621,1.1725274,2.518315,0.6000004,0.249011,20,44,38.19571,44.402928
6623,1.1725274,2.4981684,0.6000004,0.26029304,20,44,38.17151,44.402928
6624,1.1725274,2.4562636,0.6000004,0.26029304,20,44,38.21991,44.402928
6625,1.1725274,2.518315,0.6000004,0.249011,20,44,38.21991,44.402928
6627,1.1838094,2.4562636,0.6000004,0.26190478,20,44,38.510376,44.80586
6628,1.1878388,2.4199998,0.6000004,0.26190478,20,44,38.510376,45.04762
6629,1.1991209,2.4562636,0.6000004,0.23772894,20,43,38.510376,45.369964
6630,1.1991209,2.4199998,0.6000004,0.2465934,20,44,38.389312,45.04762
6632,1.1918681,2.4199998,0.6000004,0.2506227,20,44,38.389312,45.28938
6633,1.1991209,2.5038094,0.6000004,0.2465934,20,43,38.19571,45.61172
6634,1.1918681,2.5038094,0.6000004,0.2465934,20,43,38.19571,45.28938
6636,1.1789744,2.489304,0.6000004,0.2506227,20,43,38.29251,44.241756
6637,1.1789744,2.5038094,0.6000004,0.2635165,20,43,38.29251,44.241756
6638,1.1789744,2.489304,0.6000004,0.2667399,20,43,38.29251,44.241756
6639,1.1676922,2.3861536,0.6000004,0.2667399,20,43,38.29251,44.241756
6641,1.1676922,2.489304,0.6000004,0.2691575,20,43,38.31671,44.161176
6642,1.1676922,2.3861536,0.6000004,0.2691575,20,43,38.34091,45.28938
6643,1.1958974,2.3676188,0.6000004,0.2715751,20,43,38.510376,45.28938
6645,1.1628572,2.3861536,0.6000004,0.2715751,20,43,38.34091,44.644688
6646,1.1797801,2.3676188,0.6000004,0.2715751,20,43,38.413512,44.241756
6647,1.1797801,2.3539192,0.6000004,0.2715751,20,43,38.413512,44.241756
6649,1.1652746,2.3676188,0.6000004,0.26835164,20,43,38.365112,44.241756
6650,1.158022,2.3539192,0.6000004,0.2651282,20,43,38.365112,44.241756
6651,1.1652746,2.3539192,0.6000004,0.17809524,20,43,38.365112,44.161176
6652,1.1547985,2.449011,0.6000004,0.17487178,20,43,38.365112,44.322344
6654,1.1547985,2.449011,0.6000004,0.17326008,20,43,38.389312,45.28938
6655,1.1644689,2.4619048,0.6000004,0.17326008,20,43,38.87381,44.725276
6656,1.1644689,2.4635164,0.6000004,0.17487178,20,43,38.87381,44.725276
6658,1.1644689,2.4619048,0.6000004,0.18131868,20,43,38.87381,45.28938
6659,1.1644689,2.4635164,0.6000004,0.183736252,20,43,38.6315,44.725276
6660,1.158022,2.529597,0.6000004,0.185347984,20,43,38.389312,44.483516
6661,1.158022,2.4635164,0.6000004,0.18776556,20,43,38.389312,44.322344
6663,1.1451281,2.529597,0.6000004,0.18776556,20,43,38.24411,44.322344
6664,1.158022,2.529597,0.6000004,0.190183152,20,43,38.389312,44.241756
6665,1.1451281,2.5054214,0.6000004,0.19582416,20,43,38.437744,44.241756
6667,1.1427106,2.5054214,0.6000004,0.20630036,20,43,38.461944,44.241756
6668,1.1427106,2.5054214,0.6000004,0.209523816,20,43,38.461944,44.241756
6669,1.1588278,2.3837362,0.6000004,0.21032966,20,43,38.60727,44.241756
6670,1.1588278,2.3837362,0.6000004,0.21113552,20,43,39.04358,44.241756
6672,1.1660806,2.3837362,0.6000004,0.21355312,20,43,39.116332,44.241756
6673,1.1660806,2.3837362,0.6000004,0.22161172,20,43,39.261932,44.241756
6674,1.1660806,2.437729,0.6000004,0.22322344,20,43,39.261932,44.241756
6676,1.1660806,2.437729,0.6000004,0.22564102,20,43,39.116332,44.241756
6677,1.1660806,2.437729,0.6000004,0.23128204,20,43,39.116332,44.241756
6678,1.1781685,2.540879,0.6000004,0.2385348,20,43,38.946564,44.241756
6679,1.1813918,2.540879,0.6000004,0.24417582,20,43,38.946564,44.241756
6681,1.1846154,2.4345054,0.6000004,0.2465934,20,43,39.04358,44.967036
6682,1.1813918,2.5441024,0.6000004,0.25948718,20,43,38.922332,45.04762
6683,1.1797801,2.4345054,0.6000004,0.26190478,20,43,38.60727,44.967036
6685,1.1797801,2.4304762,0.6000004,0.27882782,20,43,38.60727,44.483516
6686,1.1797801,2.4345054,0.6000004,0.27882782,20,43,38.60727,44.483516
6687,1.1781685,2.4304762,0.6000004,0.28043956,20,43,38.389312,44.322344
6689,1.1684982,2.4304762,0.6000004,0.27882782,20,43,38.34091,44.161176
6690,1.1684982,2.4304762,0.6000004,0.27882782,20,43,38.34091,44.161176
6691,1.1757508,2.4127474,0.6000004,0.27882782,20,43,38.437744,44.322344
6692,1.1757508,2.4127474,0.6000004,0.27882782,20,43,38.437744,45.28938
6694,1.1830037,2.5207324,0.6000004,0.2747985,20,43,38.679964,45.28938
6695,1.1830037,2.4127474,0.6000004,0.27641024,20,43,39.019316,45.28938
6696,1.1830037,2.5175092,0.6000004,0.27641024,20,43,39.019316,44.483516
6698,1.1789744,2.5207324,0.6000004,0.27641024,20,43,39.019316,44.402928
6699,1.158022,2.5175092,0.6000004,0.27641024,20,43,38.825348,44.402928
6700,1.158022,2.4522342,0.6000004,0.27641024,20,43,38.728392,44.161176
6701,1.1789744,2.5175092,0.6000004,0.2739927,20,43,38.728392,44.161176
6703,1.1894505,2.4522342,0.6000004,0.2739927,20,43,38.65573,44.161176
6704,1.1894505,2.4522342,0.6000004,0.2739927,20,43,38.65573,44.080584
6705,1.1942858,2.4522342,0.6000004,0.28043956,20,43,38.728392,44.241756
6707,1.1894505,2.3934066,0.6000004,0.28043956,20,43,38.679964,44.241756
6708,1.1862271,2.3934066,0.6000004,0.28043956,20,43,38.6315,44.241756
6709,1.1821978,2.3934066,0.6000004,0.2731868,20,43,38.6315,44.241756
6710,1.1862271,2.3668132,0.6000004,0.2731868,20,43,38.60727,44.483516
6712,1.1862271,2.3668132,0.6000004,0.2715751,20,43,38.60727,44.644688
6713,1.1862271,2.420806,0.6000004,0.2651282,20,43,38.60727,44.644688
6714,1.1846154,2.3668132,0.6000004,0.2651282,20,43,38.60727,44.483516
6716,1.1878388,2.420806,0.6000004,0.25787548,20,43,38.60727,44.483516
6717,1.1846154,2.4852748,0.6000004,0.249011,20,43,38.60727,44.322344
6718,1.1846154,2.420806,0.6000004,0.249011,20,43,38.413512,44.322344
6719,1.1942858,2.4852748,0.6000004,0.249011,20,43,38.413512,44.483516
6721,1.198315,2.5102566,0.6000004,0.254652,20,43,38.413512,44.886448
6722,1.1942858,2.4852748,0.6000004,0.25787548,20,43,38.413512,44.886448
6723,1.1942858,2.5102566,0.6000004,0.26029304,20,43,38.413512,45.12821
6725,1.1910622,2.5102566,0.6000004,0.2610989,20,43,38.704164,44.886448
6726,1.1910622,2.4038828,0.6000004,0.26593408,20,43,38.825348,44.886448
6727,1.1813918,2.4038828,0.6000004,0.26593408,20,43,38.510376,44.80586
6729,1.1813918,2.4038828,0.6000004,0.26593408,20,44,38.510376,44.80586
6730,1.1741393,2.4038828,0.6000004,0.26996338,20,44,38.825348,44.80586
6731,1.1741393,2.4127474,0.6000004,0.2739927,20,44,39.04358,44.80586
6732,1.169304,2.4127474,0.6000004,0.2739927,20,44,38.510376,44.241756
6734,1.169304,2.3869596,0.6000004,0.2772161,20,44,39.04358,44.80586
6735,1.1741393,2.4127474,0.6000004,0.2772161,20,44,39.189148,44.80586
6736,1.1668864,2.3869596,0.6000004,0.27641024,20,44,39.189148,44.725276
6738,1.1644689,2.3821244,0.6000004,0.2739927,20,44,38.6315,44.402928
6739,1.1644689,2.3869596,0.6000004,0.27238096,20,44,38.6315,44.725276
6740,1.1644689,2.3821244,0.6000004,0.27238096,20,44,38.558836,44.725276
6741,1.1644689,2.3821244,0.6000004,0.2715751,20,44,38.534608,44.402928
6743,1.1652746,2.4989744,0.6000004,0.26593408,20,44,38.461944,44.402928
6744,1.1741393,2.4989744,0.6000004,0.27238096,20,44,38.413512,44.402928
6745,1.1741393,2.4989744,0.6000004,0.2747985,20,44,38.365112,44.402928
6747,1.174945,2.4989744,0.6000004,0.2901099,20,44,38.365112,44.402928
6748,1.174945,2.3926008,0.6000004,0.29252748,20,44,38.365112,44.725276
6749,1.174945,2.3926008,0.6000004,0.29252748,20,44,38.365112,44.725276
6750,1.1757508,2.3926008,0.6000004,0.2941392,20,44,38.728392,44.80586
6752,1.1870329,2.3926008,0.6000004,0.2941392,20,44,38.825348,44.80586
6753,1.1870329,2.3990476,0.6000004,0.2901099,20,44,38.995056,44.80586
6754,1.1854212,2.4699632,0.6000004,0.2876923,20,44,39.23767,44.80586
6756,1.1854212,2.3990476,0.6000004,0.2901099,20,44,39.23767,44.80586
6757,1.1854212,2.3990476,0.6000004,0.2876923,20,44,39.23767,44.725276
6758,1.1741393,2.3136264,0.6000004,0.28446886,20,44,38.89807,44.725276
6759,1.1741393,2.3136264,0.6000004,0.27641024,20,44,38.84958,44.725276
6761,1.1797801,2.3055678,0.6000004,0.26190478,20,44,38.84958,44.80586
6762,1.1934798,2.3055678,0.6000004,0.25142856,20,44,38.84958,45.28938
6763,1.1797801,2.3813186,0.6000004,0.21516482,20,44,39.04358,45.28938
6765,1.1797801,2.3813186,0.6000004,0.25142856,20,44,39.04358,45.28938
6766,1.1765568,2.3813186,0.6000004,0.25626372,20,44,39.04358,45.28938
6767,1.1684982,2.3893774,0.6000004,0.25626372,20,44,38.728392,44.886448
6768,1.1676922,2.4917216,0.6000004,0.26029304,20,44,38.728392,44.886448
6770,1.1684982,2.4143588,0.6000004,0.2707692,20,44,38.728392,44.967036
6771,1.1765568,2.4917216,0.6000004,0.28285712,20,44,38.970796,44.886448
6772,1.1894505,2.5610254,0.6000004,0.28849816,20,44,39.82074,44.967036
6774,1.1894505,2.4917216,0.6000004,0.28930402,20,44,39.845064,44.967036
6775,1.1894505,2.5610254,0.6000004,0.28930402,20,44,39.91806,44.967036
6776,1.1942858,2.5690842,0.6000004,0.28849816,20,44,39.91806,45.208792
6777,1.1894505,2.5610254,0.6000004,0.28043956,20,44,40.45392,45.531136
6779,1.1797801,2.5690842,0.6000004,0.2506227,20,44,40.307648,45.208792
6780,1.174945,2.5690842,0.6000004,0.19824176,20,44,40.551452,45.61172
6781,1.1725274,2.5126738,0.6000004,0.185347984,20,44,40.84439,45.208792
6783,1.1668864,2.5126738,0.6000004,0.185347984,20,44,41.137696,45.208792
6784,1.1644689,2.6005128,0.6000004,0.185347984,20,44,41.137696,45.208792
6785,1.1668864,2.5126738,0.6000004,0.18615384,20,44,41.186616,45.61172
6787,1.1644689,2.4933334,0.6000004,0.190989,20,44,41.137696,45.208792
6788,1.1644689,2.582784,0.6000004,0.190989,20,44,41.11325,45.208792
6789,1.152381,2.4933334,0.6000004,0.190989,20,44,40.25891,45.369964
6790,1.1499634,2.3579488,0.6000004,0.1974359,20,44,40.210176,45.12821
6792,1.1475457,2.4933334,0.6000004,0.203882768,20,44,40.185852,44.967036
6793,1.1499634,2.3579488,0.6000004,0.21113552,20,44,40.137116,45.12821
6794,1.1499634,2.3523078,0.6000004,0.21274726,20,44,40.112764,45.12821
6796,1.151575,2.3579488,0.6000004,0.21274726,20,44,39.893708,45.12821
6797,1.158022,2.3523078,0.6000004,0.21274726,20,44,39.893708,45.12821
6798,1.158022,2.3523078,0.6000004,0.21274726,20,44,39.699156,45.12821
6799,1.158022,2.4747984,0.6000004,0.21274726,20,44,39.699156,45.61172
6801,1.1596336,2.4747984,0.6000004,0.21274726,20,44,39.699156,45.61172
6802,1.1668864,2.4747984,0.6000004,0.22564102,20,44,39.310484,45.61172
6803,1.1668864,2.4756044,0.6000004,0.2280586,20,44,39.310484,45.45055
6805,1.1789744,2.4747984,0.6000004,0.22886448,20,44,39.310484,45.45055
6806,1.1789744,2.4756044,0.6000004,0.23692308,20,44,39.04358,45.369964
6807,1.1789744,2.4868864,0.6000004,0.25948718,20,44,39.019316,45.04762
6808,1.1821978,2.4756044,0.6000004,0.26432234,20,44,39.310484,45.04762
6810,1.1821978,2.4868864,0.6000004,0.26432234,20,44,38.995056,45.04762
6811,1.1821978,2.5328204,0.6000004,0.26432234,20,44,38.87381,45.04762
6812,1.1821978,2.4868864,0.6000004,0.25787548,20,44,38.87381,45.04762
6814,1.1821978,2.3990476,0.6000004,0.25787548,20,44,38.970796,45.04762
6815,1.1789744,2.5328204,0.6000004,0.25787548,20,44,38.87381,46.014652
6816,1.1789744,2.3990476,0.6000004,0.2586813,20,44,38.87381,45.692308
6817,1.1789744,2.3990476,0.6000004,0.2586813,20,44,38.970796,45.692308
6819,1.1789744,2.5368498,0.6000004,0.2586813,20,44,39.06784,45.692308
6820,1.1741393,2.5368498,0.6000004,0.24820512,20,44,39.35904,45.692308
6821,1.1910622,2.529597,0.6000004,0.24820512,20,44,39.407624,45.531136
6823,1.1838094,2.529597,0.6000004,0.24820512,20,44,39.407624,45.369964
6824,1.1958974,2.529597,0.6000004,0.2715751,20,44,39.407624,45.369964
6825,1.1838094,2.5021978,0.6000004,0.2715751,20,44,39.407624,45.369964
6827,1.1838094,2.529597,0.6000004,0.2715751,20,44,39.0921032,45.369964
6828,1.1838094,2.5021978,0.6000004,0.2570696,20,44,39.0921032,45.369964
6829,1.1717216,2.3547252,0.6000004,0.2570696,20,44,39.04358,45.531136
6830,1.1717216,2.5021978,0.6000004,0.2570696,20,44,38.89807,45.12821
6832,1.1717216,2.4965566,0.6000004,0.2731868,20,44,38.89807,45.531136
6833,1.1854212,2.3547252,0.6000004,0.27641024,20,44,39.164856,45.853476
6834,1.1717216,2.4965566,0.6000004,0.28930402,20,44,39.164856,45.853476
6836,1.1854212,2.4965566,0.6000004,0.2917216,20,44,39.21341,45.208792
6837,1.1854212,2.3917948,0.6000004,0.2917216,20,44,39.310484,45.208792
6838,1.1854212,2.3917948,0.6000004,0.29252748,20,44,39.310484,45.208792
6839,1.174945,2.49011,0.6000004,0.29252748,20,44,39.577636,45.208792
6841,1.174945,2.3917948,0.6000004,0.29333332,20,44,39.82074,45.369964
6842,1.174945,2.49011,0.6000004,0.29333332,20,44,40.307648,45.369964
6843,1.174945,2.5078388,0.6000004,0.29333332,20,44,40.307648,45.369964
6845,1.1644689,2.49011,0.6000004,0.2901099,19,44,40.551452,45.28938
6846,1.1644689,2.39663,0.6000004,0.2901099,20,44,40.551452,45.208792
6847,1.1676922,2.5078388,0.6000004,0.28849816,20,44,40.47827,45.208792
6848,1.1644689,2.39663,0.6000004,0.28849816,20,44,40.47827,45.208792
6850,1.1676922,2.3450548,0.6000004,0.28849816,19,44,40.551452,45.28938
6851,1.1773626,2.39663,0.6000004,0.29494504,19,44,40.966552,45.531136
6852,1.1781685,2.3708424,0.6000004,0.29494504,19,44,40.966552,45.692308
6854,1.1773626,2.3708424,0.6000004,0.29494504,19,44,40.966552,45.692308
6855,1.1854212,2.4941392,0.6000004,0.28930402,20,44,40.795532,45.772896
6856,1.1821978,2.4941392,0.6000004,0.28043956,19,44,40.697876,45.772896
6857,1.1854212,2.3756776,0.6000004,0.28043956,19,44,40.40515,45.772896
6859,1.1821978,2.4941392,0.6000004,0.28043956,20,44,40.380768,45.772896
6860,1.1854212,2.5078388,0.6000004,0.28043956,20,44,40.380768,45.772896
6861,1.1886446,2.3756776,0.6000004,0.28043956,19,44,39.869416,45.692308
6863,1.1894505,2.5078388,0.6000004,0.2731868,20,44,39.869416,45.692308
6864,1.1894505,2.5344322,0.6000004,0.2731868,19,44,39.82074,45.692308
6865,1.1894505,2.5078388,0.6000004,0.2691575,19,44,39.772124,45.61172
6866,1.1620513,2.309597,0.6000004,0.24739926,19,44,39.82074,46.014652
6868,1.1620513,2.5344322,0.6000004,0.2691575,19,44,39.82074,46.014652
6869,1.1620513,2.5449084,0.6000004,0.2756044,19,44,39.140596,46.014652
6870,1.1725274,2.309597,0.6000004,0.24739926,20,44,39.019316,45.45055
6872,1.1725274,2.3603664,0.6000004,0.26996338,20,44,38.89807,45.369964
6873,1.1725274,2.5207324,0.6000004,0.26996338,20,44,38.84958,45.208792
6874,1.1701099,2.3603664,0.6000004,0.249816852,20,44,38.84958,45.04762
6876,1.1701099,2.3603664,0.6000004,0.249816852,19,44,38.84958,45.04762
6877,1.1701099,2.3700366,0.6000004,0.2667399,19,44,38.970796,45.208792
6878,1.1701099,2.3700366,0.6000004,0.2667399,19,44,38.970796,45.208792
6879,1.1644689,2.3515016,0.6000004,0.2715751,19,44,39.334748,45.28938
6881,1.1644689,2.3700366,0.6000004,0.27641024,19,44,38.970796,45.28938
6882,1.1644689,2.431282,0.6000004,0.2715751,19,44,38.970796,45.208792
6883,1.1644689,2.3515016,0.6000004,0.27641024,19,44,39.0921032,45.208792
6885,1.1821978,2.431282,0.6000004,0.2772161,19,44,39.140596,45.28938
6886,1.1821978,2.536044,0.6000004,0.28043956,19,44,39.140596,45.208792
6887,1.1821978,2.431282,0.6000004,0.2941392,19,44,39.140596,45.208792
6888,1.1821978,2.3660074,0.6000004,0.29978022,19,44,39.334748,45.28938
6890,1.1733333,2.536044,0.6000004,0.29978022,19,44,39.140596,45.28938
6891,1.1733333,2.3660074,0.6000004,0.29978022,19,44,39.334748,45.369964
6892,1.1902565,2.3660074,0.6000004,0.2707692,19,44,39.62625,45.531136
6894,1.1910622,2.5545788,0.6000004,0.2707692,19,44,39.62625,45.531136
6895,1.1902565,2.5545788,0.6000004,0.2707692,19,44,39.456176,45.853476
6896,1.1902565,2.4868864,0.6000004,0.2715751,19,44,39.456176,45.853476
6897,1.1894505,2.5481316,0.6000004,0.283663,19,44,39.407624,45.369964
6899,1.169304,2.4868864,0.6000004,0.29091572,19,44,39.21341,45.208792
6900,1.1652746,2.4868864,0.6000004,0.29091572,19,44,39.21341,45.208792
6901,1.1652746,2.489304,0.6000004,0.29333332,19,44,39.407624,45.208792
6903,1.1652746,2.489304,0.6000004,0.29494504,19,44,39.407624,45.772896
6904,1.1741393,2.489304,0.6000004,0.29494504,19,44,39.38333,45.772896
6905,1.1741393,2.4925272,0.6000004,0.29494504,19,44,39.772124,45.853476
6906,1.1862271,2.4925272,0.6000004,0.29494504,19,44,39.772124,45.853476
6908,1.1741393,2.395824,0.6000004,0.2981685,19,44,39.38333,45.45055
6909,1.1862271,2.4925272,0.6000004,0.29494504,19,44,39.942384,45.45055
6910,1.1652746,2.395824,0.6000004,0.29494504,19,44,39.942384,45.45055
6912,1.1862271,2.395824,0.6000004,0.29494504,19,44,39.942384,45.45055
6913,1.1958974,2.542491,0.6000004,0.29494504,19,44,39.966736,45.772896
6914,1.203956,2.542491,0.6000004,0.29333332,19,44,39.966736,45.853476
6915,1.1958974,2.542491,0.6000004,0.28285712,19,44,39.431884,45.853476
6917,1.1958974,2.542491,0.6000004,0.28285712,19,44,39.82074,45.853476
6918,1.1709157,2.4675458,0.6000004,0.29333332,19,44,39.674864,45.772896
6919,1.1709157,2.4675458,0.6000004,0.29333332,19,44,39.674864,46.095236
6921,1.1668864,2.4933334,0.6000004,0.29736264,19,44,39.82074,45.28938
6922,1.1709157,2.4675458,0.6000004,0.29736264,19,44,39.942384,45.28938
6923,1.1797801,2.4933334,0.6000004,0.283663,19,44,39.942384,45.369964
6924,1.1821978,2.528791,0.6000004,0.2820513,19,44,39.942384,46.095236
6926,1.1797801,2.528791,0.6000004,0.22644688,19,44,39.942384,45.61172
6927,1.1797801,2.528791,0.6000004,0.22564102,19,44,39.942384,46.3369968
6928,1.1733333,2.528791,0.6000004,0.224835168,19,44,39.577636,46.3369968
6930,1.1668864,2.528791,0.6000004,0.22241758,19,44,39.456176,45.61172
6931,1.1668864,2.4836628,0.6000004,0.21838828,19,44,39.456176,45.61172
6932,1.1668864,2.4199998,0.6000004,0.21838828,19,44,39.456176,46.095236
6934,1.1620513,2.4199998,0.6000004,0.21838828,19,44,40.01538,45.772896
6935,1.1604396,2.4199998,0.6000004,0.21838828,19,44,40.01538,46.095236
6936,1.1604396,2.378901,0.6000004,0.22322344,19,44,40.01538,46.095236
6937,1.1427106,2.4199998,0.6000004,0.22322344,19,44,40.01538,45.772896
6939,1.1427106,2.378901,0.6000004,0.22322344,19,44,40.01538,45.772896
6940,1.1427106,2.3780952,0.6000004,0.22402929,19,44,39.72348,45.61172
6941,1.1628572,2.378901,0.6000004,0.22402929,19,44,39.72348,45.208792
6943,1.1684982,2.3780952,0.6000004,0.220805868,19,44,39.72348,45.208792
6944,1.1701099,2.3780952,0.6000004,0.220805868,19,44,39.21341,45.208792
6945,1.1684982,2.3990476,0.6000004,0.220805868,19,44,39.21341,45.208792
6946,1.1628572,2.3990476,0.6000004,0.220805868,19,44,39.21341,45.208792
6948,1.1717216,2.3990476,0.6000004,0.220805868,19,44,39.772124,45.853476
6949,1.1918681,2.461099,0.6000004,0.2465934,19,44,39.893708,45.853476
6950,1.1942858,2.461099,0.6000004,0.24739926,19,44,39.893708,46.095236
6952,1.1942858,2.461099,0.6000004,0.24820512,19,44,39.893708,46.095236
6953,1.1942858,2.461099,0.6000004,0.2610989,19,44,39.82074,46.095236
6954,1.1773626,2.442564,0.6000004,0.278022,19,44,39.82074,46.095236
6955,1.1628572,2.442564,0.6000004,0.29655676,19,44,39.82074,46.095236
6957,1.1628572,2.4860806,0.6000004,0.31186812,19,44,40.112764,45.45055
6958,1.1773626,2.442564,0.6000004,0.31509156,19,44,40.649048,45.45055
6959,1.1942858,2.4860806,0.6000004,0.31750914,19,44,40.649048,45.531136
6961,1.1942858,2.4860806,0.6000004,0.31509156,19,44,40.649048,46.095236
6962,1.1942858,2.4707692,0.6000004,0.31186812,19,44,40.210176,45.531136
6963,1.1934798,2.4707692,0.6000004,0.30864468,19,44,40.210176,45.531136
6964,1.1934798,2.4707692,0.6000004,0.30542124,19,44,40.210176,45.531136
6966,1.1821978,2.4707692,0.6000004,0.30542124,19,44,40.380768,45.369964
6967,1.1886446,2.4933334,0.6000004,0.30864468,19,44,40.380768,45.369964
6968,1.1821978,2.4933334,0.6000004,0.31750914,19,44,40.45392,45.369964
6970,1.1886446,2.4933334,0.6000004,0.32153844,19,44,40.60025,45.369964
6971,1.1886446,2.4933334,0.6000004,0.32153844,19,44,40.429536,45.369964
6972,1.1967033,2.4393406,0.6000004,0.32153844,19,44,40.429536,45.772896
6974,1.1967033,2.4393406,0.6000004,0.32153844,19,44,40.429536,45.772896
6975,1.1967033,2.4393406,0.6000004,0.31428572,19,44,40.429536,45.772896
6976,1.1967033,2.4393406,0.6000004,0.31428572,19,44,40.429536,45.692308
6977,1.1967033,2.4393406,0.6000004,0.31025642,19,44,40.40515,45.692308
6979,1.174945,2.4151648,0.6000004,0.30783884,19,44,40.40515,45.531136
6980,1.174945,2.4151648,0.6000004,0.30380952,19,44,40.40515,45.531136
6981,1.197509,2.4151648,0.6000004,0.2941392,19,44,40.40515,45.531136
6983,1.174945,2.403077,0.6000004,0.2941392,19,44,40.210176,45.692308
6984,1.174945,2.4151648,0.6000004,0.29978022,19,44,40.210176,45.692308
6985,1.1991209,2.403077,0.6000004,0.30300364,19,44,40.429536,46.014652
6986,1.2023443,2.403077,0.6000004,0.30300364,19,44,40.429536,46.3369968
6988,1.2023443,2.403077,0.6000004,0.30380952,19,45,40.064088,46.3369968
6989,1.203956,2.3724542,0.6000004,0.30783884,19,45,39.942384,46.3369968
6990,1.203956,2.3724542,0.6000004,0.30783884,19,45,39.91806,45.853476
6992,1.203956,2.3772892,0.6000004,0.30864468,19,45,39.91806,45.853476
6993,1.203956,2.3724542,0.6000004,0.30864468,19,45,39.942384,45.853476
6994,1.1870329,2.3772892,0.6000004,0.31347984,19,45,39.942384,45.772896
6995,1.1870329,2.3772892,0.6000004,0.31509156,19,45,39.91806,45.772896
6997,1.1934798,2.3772892,0.6000004,0.31831504,19,45,40.210176,46.014652
6998,1.1934798,2.4506226,0.6000004,0.3207326,19,45,40.210176,46.014652
6999,1.1942858,2.4506226,0.6000004,0.32315016,19,45,40.332,45.934068
7001,1.1942858,2.4272528,0.6000004,0.32315016,19,45,40.332,46.3369968
7002,1.1942858,2.4506226,0.6000004,0.31831504,19,45,40.502656,46.3369968
7003,1.1942858,2.4272528,0.6000004,0.31186812,19,45,40.502656,46.3369968
7004,1.1862271,2.4272528,0.6000004,0.29897434,19,45,40.649048,45.934068
7006,1.1789744,2.4272528,0.6000004,0.29897434,19,45,40.649048,45.772896
7007,1.1789744,2.4119412,0.6000004,0.29897434,19,45,40.649048,45.772896
7008,1.1862271,2.4119412,0.6000004,0.30380952,19,45,40.6734632,45.853476
7010,1.1789744,2.5312088,0.6000004,0.30783884,19,45,40.47827,45.772896
7011,1.1765568,2.4119412,0.6000004,0.30864468,19,45,40.47827,45.853476
7012,1.1765568,2.5167032,0.6000004,0.31025642,19,45,40.356384,46.014652
7013,1.1765568,2.5312088,0.6000004,0.30864468,19,45,40.356384,46.014652
7015,1.1765568,2.5167032,0.6000004,0.30864468,19,45,40.356384,46.095236
7016,1.1781685,2.4723808,0.6000004,0.31025642,19,45,40.16147,46.095236
7017,1.2079853,2.5167032,0.6000004,0.31025642,19,45,40.25891,46.981684
7019,1.2079853,2.4723808,0.6000004,0.30622712,19,45,40.356384,46.49817
7020,1.1902565,2.4151648,0.6000004,0.312674,19,45,40.6734632,46.981684
7021,1.1854212,2.4151648,0.6000004,0.30783884,19,45,40.6734632,46.49817
7023,1.1854212,2.3708424,0.6000004,0.30783884,19,45,40.6734632,46.49817
7024,1.1821978,2.3708424,0.6000004,0.30945054,19,45,40.6734632,46.175828
7025,1.1757508,2.3708424,0.6000004,0.31428572,19,45,40.575836,46.014652
7026,1.1733333,2.339414,0.6000004,0.30945054,19,45,40.551452,45.934068
7028,1.1757508,2.3708424,0.6000004,0.31428572,19,45,40.502656,45.934068
7029,1.1757508,2.523956,0.6000004,0.32395604,19,45,40.551452,45.934068
7030,1.1733333,2.339414,0.6000004,0.32395604,19,45,40.575836,45.853476
7032,1.1733333,2.523956,0.6000004,0.32153844,19,45,40.697876,45.853476
7033,1.1830037,2.553773,0.6000004,0.32234432,19,45,40.72229,45.853476
7034,1.1830037,2.523956,0.6000004,0.32153844,19,45,41.11325,45.853476
7035,1.1717216,2.395018,0.6000004,0.3207326,19,45,41.11325,45.934068
7037,1.1733333,2.553773,0.6000004,0.32153844,19,45,41.553956,46.014652
7038,1.1854212,2.395018,0.6000004,0.3207326,19,45,41.553956,46.014652
7039,1.1789744,2.395018,0.6000004,0.3207326,19,45,41.235564,46.014652
7041,1.1789744,2.4707692,0.6000004,0.32234432,19,45,41.235564,46.014652
7042,1.1789744,2.4707692,0.6000004,0.32234432,19,45,41.235564,45.853476
7043,1.1854212,2.3780952,0.6000004,0.32234432,19,45,41.21109,45.853476
7044,1.1813918,2.4707692,0.6000004,0.32234432,19,45,41.21109,46.3369968
7046,1.2015384,2.3780952,0.6000004,0.32234432,19,45,41.333496,46.49817
7047,1.192674,2.3635896,0.6000004,0.3207326,19,45,41.333496,46.57876
7048,1.2015384,2.3780952,0.6000004,0.29494504,19,45,41.40695,46.65934
7050,1.2023443,2.5553846,0.6000004,0.2610989,19,45,41.40695,46.57876
7051,1.2023443,2.3635896,0.6000004,0.2610989,19,45,41.40695,46.57876
7052,1.198315,2.4103296,0.6000004,0.29494504,19,45,41.137696,46.57876
7053,1.198315,2.5553846,0.6000004,0.2941392,19,45,41.088776,46.57876
7055,1.198315,2.4103296,0.6000004,0.30058608,19,45,41.088776,46.49817
7056,1.1967033,2.3748718,0.6000004,0.30380952,19,45,41.01544,46.49817
7057,1.198315,2.4103296,0.6000004,0.30380952,19,45,40.990996,46.57876
7059,1.1967033,2.3748718,0.6000004,0.30380952,19,45,40.917664,46.73993
7060,1.1838094,2.34989,0.6000004,0.30703294,19,45,40.697876,46.57876
7061,1.1773626,2.34989,0.6000004,0.30703294,19,45,40.307648,46.57876
7063,1.1773626,2.5336264,0.6000004,0.30783884,19,45,40.307648,46.3369968
7064,1.1773626,2.34989,0.6000004,0.3167033,19,45,40.307648,46.175828
7065,1.1805861,2.5336264,0.6000004,0.3207326,19,45,40.332,46.095236
7066,1.1854212,2.5561904,0.6000004,0.3207326,19,45,40.380768,46.014652
7068,1.1991209,2.5336264,0.6000004,0.3207326,19,45,40.40515,46.014652
7069,1.1854212,2.328132,0.6000004,0.3247619,19,45,40.47827,46.175828
7070,1.1805861,2.5561904,0.6000004,0.3247619,19,45,40.502656,46.65934
7072,1.1854212,2.4772162,0.6000004,0.32315016,19,45,40.502656,46.65934
7073,1.1854212,2.328132,0.6000004,0.32315016,19,45,40.77112,46.65934
7074,1.1854212,2.4772162,0.6000004,0.3247619,19,45,40.77112,46.57876
7075,1.1862271,2.5199266,0.6000004,0.32556776,19,45,41.26004,46.3369968
7077,1.1862271,2.4772162,0.6000004,0.33443224,19,45,41.26004,46.3369968
7078,1.1862271,2.5199266,0.6000004,0.33443224,19,45,41.26004,46.3369968
7079,1.1862271,2.5199266,0.6000004,0.33443224,19,45,41.088776,46.3369968
7081,1.1821978,2.3426372,0.6000004,0.32234432,19,45,41.088776,46.3369968
7082,1.1660806,2.3426372,0.6000004,0.31589744,19,45,41.039888,46.73993
7083,1.1660806,2.3982418,0.6000004,0.31589744,19,45,41.088776,47.142856
7084,1.1862271,2.332967,0.6000004,0.3207326,19,45,41.11325,46.73993
7086,1.1709157,2.3982418,0.6000004,0.3207326,19,45,41.16217,46.73993
7087,1.1862271,2.4699632,0.6000004,0.31589744,19,45,41.284516,47.06227
7088,1.1878388,2.3982418,0.6000004,0.23772894,19,45,41.504944,47.384616
7090,1.1878388,2.4699632,0.6000004,0.22402929,19,45,41.504944,47.06227
7091,1.1862271,2.4699632,0.6000004,0.22322344,19,45,41.284516,47.06227
7092,1.1862271,2.4594872,0.6000004,0.22322344,19,45,41.431456,47.06227
7093,1.1668864,2.4594872,0.6000004,0.22322344,19,45,41.21109,47.384616
7095,1.1572161,2.4594872,0.6000004,0.22322344,19,45,40.89322,46.175828
7096,1.1572161,2.4594872,0.6000004,0.22322344,19,45,40.819948,47.626372
7097,1.1628572,2.3055678,0.6000004,0.22322344,19,45,40.47827,47.626372
7099,1.1668864,2.3442492,0.6000004,0.22644688,19,45,40.332,46.65934
7100,1.1676922,2.3442492,0.6000004,0.207912068,19,45,40.16147,46.57876
7101,1.1676922,2.3893774,0.6000004,0.207912068,19,45,40.16147,46.65934
7103,1.1676922,2.3442492,0.6000004,0.22161172,19,45,40.332,46.57876
7104,1.1676922,2.3893774,0.6000004,0.22161172,19,45,40.332,46.57876
7105,1.1676922,2.4635164,0.6000004,0.220805868,19,45,40.332,46.49817
7106,1.1733333,2.3893774,0.6000004,0.220805868,19,45,40.356384,46.820516
7108,1.1773626,2.4635164,0.6000004,0.220805868,19,45,40.356384,46.820516
7109,1.1773626,2.4635164,0.6000004,0.220805868,19,45,40.47827,47.06227
7110,1.1773626,2.3410256,0.6000004,0.23369964,19,45,40.502656,47.06227
7112,1.1773626,2.3410256,0.6000004,0.2425641,19,45,40.502656,47.06227
7113,1.1684982,2.3410256,0.6000004,0.25545788,19,45,40.502656,46.57876
7114,1.1604396,2.3410256,0.6000004,0.2691575,19,45,40.332,46.25641
7115,1.1604396,2.3869596,0.6000004,0.278022,19,45,40.332,46.25641
7117,1.1684982,2.3869596,0.6000004,0.28043956,19,45,40.234528,46.25641
7118,1.1910622,2.3869596,0.6000004,0.28043956,19,45,40.332,46.73993
7119,1.1910622,2.3869596,0.6000004,0.28285712,19,45,40.332,46.73993
7121,1.1910622,2.3829302,0.6000004,0.2941392,19,45,40.332,46.73993
7122,1.1821978,2.3829302,0.6000004,0.2981685,19,45,40.234528,45.853476
7123,1.1676922,2.3829302,0.6000004,0.28285712,19,45,39.674864,45.692308
7124,1.1676922,2.3756776,0.6000004,0.28285712,19,45,39.674864,45.692308
7126,1.1676922,2.3829302,0.6000004,0.27882782,19,45,39.674864,45.692308
7127,1.1676922,2.3756776,0.6000004,0.2756044,19,45,39.60193,45.692308
7128,1.1676922,2.3756776,0.6000004,0.24820512,19,45,39.796416,45.772896
7130,1.1676922,2.4707692,0.6000004,0.23934065,19,45,39.82074,45.772896
7131,1.1676922,2.4707692,0.6000004,0.23934065,19,45,39.82074,45.772896
7132,1.1765568,2.494945,0.6000004,0.23934065,19,45,39.82074,45.772896
7133,1.1813918,2.494945,0.6000004,0.2667399,19,45,39.82074,45.61172
7135,1.1830037,2.3813186,0.6000004,0.2852747,19,45,39.82074,45.61172
7136,1.1854212,2.3813186,0.6000004,0.28849816,19,45,39.991028,46.3369968
7137,1.197509,2.5223444,0.6000004,0.3021978,19,45,40.01538,46.3369968
7139,1.1854212,2.3813186,0.6000004,0.3021978,19,45,40.01538,46.3369968
7140,1.1854212,2.5223444,0.6000004,0.3021978,19,45,40.307648,46.3369968
7141,1.1797801,2.564249,0.6000004,0.30945054,19,45,40.307648,46.3369968
7142,1.1789744,2.5223444,0.6000004,0.30945054,19,45,40.307648,45.934068
7144,1.1789744,2.425641,0.6000004,0.30783884,19,45,40.45392,45.934068
7145,1.1789744,2.564249,0.6000004,0.30783884,19,45,40.47827,46.820516
7146,1.1773626,2.425641,0.6000004,0.31025642,19,45,40.47827,46.820516
7148,1.1942858,2.397436,0.6000004,0.31186812,19,45,40.45392,46.9011
7149,1.1942858,2.425641,0.6000004,0.31509156,19,45,40.01538,46.9011
7150,1.1773626,2.397436,0.6000004,0.31509156,19,45,39.553344,46.49817
7151,1.1773626,2.397436,0.6000004,0.31509156,19,45,39.553344,46.49817
7153,1.1999266,2.5723076,0.6000004,0.30945054,19,45,39.553344,46.417584
7154,1.1886446,2.5723076,0.6000004,0.3021978,19,45,40.45392,46.417584
7155,1.1958974,2.4820514,0.6000004,0.29978022,19,45,40.502656,46.417584
7157,1.1958974,2.542491,0.6000004,0.29978022,19,45,40.502656,46.417584
7158,1.1886446,2.4820514,0.6000004,0.29978022,19,45,40.502656,46.417584
7159,1.1838094,2.4433698,0.6000004,0.29978022,19,45,40.502656,46.417584
7161,1.1838094,2.4820514,0.6000004,0.3021978,19,45,40.502656,46.417584
7162,1.1838094,2.4433698,0.6000004,0.31186812,19,45,40.52707,46.417584
7163,1.1894505,2.4433698,0.6000004,0.3207326,19,45,40.52707,46.417584
7164,1.1950916,2.5126738,0.6000004,0.3247619,19,45,40.6734632,46.49817
7166,1.1950916,2.5126738,0.6000004,0.32717946,19,45,40.746672,46.49817
7167,1.192674,2.5126738,0.6000004,0.32717946,19,45,40.746672,46.49817
7168,1.1894505,2.5126738,0.6000004,0.32717946,19,45,40.746672,46.49817
7170,1.1830037,2.4973626,0.6000004,0.31428572,19,45,40.575836,46.49817
7171,1.1830037,2.4973626,0.6000004,0.31428572,19,45,40.234528,46.49817
7172,1.1830037,2.4973626,0.6000004,0.31428572,19,45,40.112764,46.49817
7173,1.1830037,2.4973626,0.6000004,0.31831504,19,45,40.112764,46.49817
7175,1.1942858,2.4925272,0.6000004,0.32315016,19,45,40.185852,46.49817
7176,1.1942858,2.4925272,0.6000004,0.32637364,19,45,40.185852,46.49817
7177,1.1886446,2.4925272,0.6000004,0.32798536,19,45,40.112764,46.57876
7179,1.192674,2.4925272,0.6000004,0.32798536,19,45,40.185852,46.65934
7180,1.1886446,2.442564,0.6000004,0.33120876,19,45,39.966736,46.65934
7181,1.174945,2.442564,0.6000004,0.33604396,19,45,39.796416,46.014652
7182,1.1886446,2.442564,0.6000004,0.33604396,19,45,39.796416,46.25641
7184,1.192674,2.37326,0.6000004,0.33120876,19,45,40.210176,46.25641
7185,1.1773626,2.37326,0.6000004,0.33120876,19,45,39.869416,45.934068
7186,1.1942858,2.37326,0.6000004,0.32556776,19,45,39.869416,45.934068
7188,1.1942858,2.37326,0.6000004,0.32556776,19,45,40.185852,46.25641
7189,1.1894505,2.419194,0.6000004,0.31428572,19,45,40.08841,45.934068
7190,1.1894505,2.419194,0.6000004,0.31428572,19,45,40.08841,45.934068
7191,1.1894505,2.419194,0.6000004,0.31831504,19,45,40.08841,45.934068
7193,1.1709157,2.419194,0.6000004,0.31992674,19,45,40.137116,46.014652
7194,1.1709157,2.3740658,0.6000004,0.31831504,19,45,40.137116,46.014652
7195,1.1950916,2.3740658,0.6000004,0.31831504,19,45,40.332,46.014652
7197,1.1950916,2.3740658,0.6000004,0.30703294,19,45,40.25891,46.014652
7198,1.1958974,2.3740658,0.6000004,0.30703294,19,45,40.332,46.095236
7199,1.1958974,2.3917948,0.6000004,0.30622712,19,45,40.575836,46.417584
7201,1.1950916,2.3917948,0.6000004,0.30703294,19,45,40.575836,46.095236
